customer_id,tier,total_spend,invoice_count,avg_invoice_value,preferred_category,preferred_brand,purchase_frequency
1,Bronze,61352.77,2,30676.38,Laptops,HP,Quarterly
2,Bronze,29429.95,2,14714.97,Mice,Corsair,Quarterly
3,Silver,79125.49,5,15825.1,Laptops,HP,Monthly
4,Bronze,4328.72,1,4328.72,Keyboards,Logitech,Weekly
5,Silver,353067.85,5,70613.57,Smartphones,Poco,Weekly
6,Bronze,16911.46,1,16911.46,Tablets,iPad,Quarterly
7,Bronze,46272.79,2,23136.39,Mice,Corsair,Weekly
8,Silver,255975.92,5,51195.18,Mice,Dell,Quarterly
9,Silver,134743.79,6,22457.3,Keyboards,Dell,Weekly
10,Silver,144693.79,5,28938.76,Keyboards,Razer,Bi-weekly
11,Gold,135510.78,8,16938.85,Keyboards,Corsair,Monthly
12,Bronze,52485.1,3,17495.03,Tablets,iPad,Quarterly
13,Bronze,15124.07,3,5041.36,Mice,Dell,Monthly
14,Bronze,39679.28,2,19839.64,Keyboards,Logitech,Monthly
15,Silver,276771.83,5,55354.37,Mice,Corsair,Weekly
16,Silver,112053.72,5,22410.74,Tablets,iPad,Monthly
17,Bronze,63695.8,3,21231.93,Tablets,Samsung,Bi-weekly
18,Silver,490627.84,6,81771.31,Printers,HP,Bi-weekly
19,Silver,464400.07,4,116100.02,Printers,Canon,Weekly
20,Gold,49322.55,8,6165.32,Laptops,Dell,Bi-weekly
21,Silver,29126.62,6,4854.44,Laptops,Dell,Bi-weekly
22,Gold,152172.22,7,21738.89,Keyboards,Razer,Weekly
23,Bronze,233648.78,3,77882.93,Printers,Canon,Weekly
24,Gold,373369.15,8,46671.14,Laptops,Lenovo,Quarterly
25,Gold,359895.4,7,51413.63,Keyboards,Dell,Weekly
26,Silver,45489.68,5,9097.94,Tablets,iPad,Quarterly
27,Bronze,125447.63,2,62723.82,Laptops,HP,Bi-weekly
28,Silver,105970.6,4,26492.65,Printers,HP,Monthly
29,Silver,78518.22,4,19629.55,Monitors,MSI,Weekly
30,Silver,189298.75,6,31549.79,Printers,HP,Weekly
31,Silver,75320.67,4,18830.17,Printers,Canon,Quarterly
32,Gold,12259.0,7,1751.29,Tablets,Samsung,Monthly
33,Bronze,51790.09,3,17263.36,Monitors,ASUS,Bi-weekly
34,Silver,73794.16,4,18448.54,Smartphones,Realme,Monthly
35,Gold,741760.79,7,105965.83,Laptops,HP,Quarterly
36,Silver,852.42,4,213.11,Smartphones,Samsung,Quarterly
37,Silver,21891.24,5,4378.25,Smartphones,Xiaomi,Weekly
38,Bronze,182769.2,3,60923.07,Keyboards,Logitech,Weekly
39,Silver,271576.73,6,45262.79,Mice,Corsair,Monthly
40,Bronze,51134.52,3,17044.84,Printers,HP,Bi-weekly
41,Silver,573228.81,6,95538.13,Smartphones,OnePlus,Quarterly
42,Gold,536060.91,7,76580.13,Keyboards,Corsair,Weekly
43,Gold,54453.69,8,6806.71,Tablets,Samsung,Bi-weekly
44,Silver,44226.13,4,11056.53,Smartphones,iPhone,Monthly
45,Silver,487154.61,6,81192.44,Laptops,Lenovo,Quarterly
46,Silver,285897.92,6,47649.65,Tablets,iPad,Quarterly
47,Silver,95879.91,4,23969.98,Keyboards,Razer,Bi-weekly
48,Silver,73586.25,6,12264.38,Tablets,iPad,Bi-weekly
49,Gold,71384.96,7,10197.85,Smartphones,iPhone,Weekly
50,Silver,49363.21,5,9872.64,Mice,Logitech,Quarterly
51,Silver,15653.22,6,2608.87,Mice,Dell,Quarterly
52,Silver,49899.15,6,8316.53,Smartphones,Samsung,Quarterly
53,Silver,220429.73,4,55107.43,Mice,Logitech,Weekly
54,Bronze,4110.78,3,1370.26,Tablets,Samsung,Weekly
55,Silver,162989.38,5,32597.88,Laptops,MacBook,Bi-weekly
56,Silver,35916.14,4,8979.04,Mice,Corsair,Quarterly
57,Bronze,68813.43,3,22937.81,Tablets,Samsung,Quarterly
58,Silver,171935.96,5,34387.19,Keyboards,Dell,Quarterly
59,Silver,420589.07,6,70098.18,Printers,Canon,Monthly
60,Gold,77394.2,7,11056.31,Printers,Canon,Monthly
61,Silver,22296.77,4,5574.19,Keyboards,Logitech,Monthly
62,Silver,2206.92,4,551.73,Printers,Canon,Quarterly
63,Bronze,1269.45,2,634.73,Mice,Dell,Monthly
64,Gold,1500.94,7,214.42,Printers,Canon,Monthly
65,Bronze,61766.98,3,20588.99,Mice,Dell,Weekly
66,Silver,93427.68,4,23356.92,Printers,Canon,Bi-weekly
67,Gold,242128.0,7,34589.71,Keyboards,Corsair,Monthly
68,Silver,83681.28,5,16736.26,Mice,Dell,Weekly
69,Silver,101364.89,4,25341.22,Laptops,Lenovo,Bi-weekly
70,Bronze,50224.7,1,50224.7,Keyboards,Logitech,Weekly
71,Silver,476779.61,4,119194.9,Smartphones,Realme,Bi-weekly
72,Gold,51282.09,7,7326.01,Mice,Corsair,Weekly
73,Gold,330734.7,8,41341.84,Monitors,LG,Monthly
74,Silver,39533.18,5,7906.64,Keyboards,Corsair,Quarterly
75,Silver,208043.71,6,34673.95,Monitors,Dell,Bi-weekly
76,Silver,241609.1,4,60402.28,Tablets,Samsung,Monthly
77,Gold,193396.97,8,24174.62,Tablets,iPad,Bi-weekly
78,Silver,107263.86,4,26815.97,Printers,Canon,Bi-weekly
79,Silver,175654.43,5,35130.89,Smartphones,Realme,Bi-weekly
80,Gold,251593.86,7,35941.98,Tablets,iPad,Quarterly
81,Silver,242562.49,5,48512.5,Keyboards,Corsair,Monthly
82,Silver,217983.38,6,36330.56,Printers,Canon,Quarterly
83,Silver,521370.43,6,86895.07,Mice,Corsair,Quarterly
84,Bronze,707011.68,3,235670.56,Printers,HP,Quarterly
85,Gold,376031.91,8,47003.99,Mice,Corsair,Monthly
86,Gold,18039.15,7,2577.02,Monitors,BenQ,Quarterly
87,Silver,740539.97,5,148107.99,Printers,Canon,Bi-weekly
88,Silver,160537.57,5,32107.51,Smartphones,OnePlus,Bi-weekly
89,Bronze,22087.78,3,7362.59,Smartphones,OnePlus,Quarterly
90,Silver,92330.63,4,23082.66,Tablets,Samsung,Quarterly
91,Silver,227867.65,4,56966.91,Mice,Dell,Quarterly
92,Silver,78980.39,5,15796.08,Printers,HP,Quarterly
93,Silver,3317.49,4,829.37,Printers,Canon,Quarterly
94,Gold,18090.15,7,2584.31,Smartphones,iPhone,Weekly
95,Silver,548428.6,6,91404.77,Printers,HP,Bi-weekly
96,Gold,278133.26,8,34766.66,Keyboards,Dell,Quarterly
97,Silver,156505.94,4,39126.48,Laptops,Dell,Weekly
98,Bronze,165997.25,1,165997.25,Laptops,Dell,Bi-weekly
99,Bronze,4693.32,2,2346.66,Laptops,MacBook,Weekly
100,Bronze,31695.5,1,31695.5,Laptops,Dell,Quarterly
101,Gold,71104.46,8,8888.06,Monitors,Dell,Quarterly
102,Silver,43423.98,5,8684.8,Printers,HP,Bi-weekly
103,Gold,341527.55,8,42690.94,Mice,Corsair,Quarterly
104,Silver,471515.36,6,78585.89,Mice,Dell,Bi-weekly
105,Silver,96818.85,4,24204.71,Printers,Canon,Weekly
106,Silver,340591.87,5,68118.37,Tablets,Samsung,Bi-weekly
107,Gold,311713.08,9,34634.79,Monitors,LG,Quarterly
108,Silver,216521.06,4,54130.27,Keyboards,Logitech,Monthly
109,Bronze,101521.52,3,33840.51,Tablets,Samsung,Quarterly
110,Bronze,62617.65,3,20872.55,Keyboards,Dell,Quarterly
111,Silver,523798.58,5,104759.72,Keyboards,Corsair,Weekly
112,Silver,58284.06,5,11656.81,Tablets,iPad,Bi-weekly
113,Gold,25490.71,7,3641.53,Printers,HP,Monthly
114,Silver,893458.49,5,178691.7,Laptops,Dell,Monthly
115,Silver,39386.55,4,9846.64,Monitors,BenQ,Bi-weekly
116,Silver,234426.8,6,39071.13,Smartphones,Poco,Bi-weekly
117,Bronze,118447.09,3,39482.36,Laptops,Dell,Weekly
118,Silver,44505.08,5,8901.02,Smartphones,Xiaomi,Quarterly
119,Silver,593246.12,5,118649.22,Smartphones,Realme,Monthly
120,Silver,213953.04,6,35658.84,Laptops,MacBook,Weekly
121,Silver,228722.84,4,57180.71,Mice,Corsair,Bi-weekly
122,Bronze,97414.17,2,48707.09,Smartphones,Samsung,Weekly
123,Gold,443310.77,9,49256.75,Printers,HP,Bi-weekly
124,Silver,66582.27,4,16645.57,Tablets,iPad,Quarterly
125,Gold,354803.59,8,44350.45,Mice,Logitech,Weekly
126,Silver,128174.19,4,32043.55,Laptops,Lenovo,Quarterly
127,Silver,1350323.42,6,225053.9,Laptops,MacBook,Quarterly
128,Silver,12212.99,6,2035.5,Printers,HP,Weekly
129,Silver,591528.6,6,98588.1,Keyboards,Logitech,Bi-weekly
130,Gold,444600.87,8,55575.11,Mice,Corsair,Monthly
131,Gold,66279.36,7,9468.48,Mice,Logitech,Quarterly
132,Silver,91105.25,5,18221.05,Printers,Canon,Bi-weekly
133,Gold,561166.86,8,70145.86,Tablets,Samsung,Monthly
134,Silver,69208.17,5,13841.63,Tablets,iPad,Weekly
135,Silver,176355.6,4,44088.9,Keyboards,Logitech,Weekly
136,Silver,42715.37,5,8543.07,Smartphones,iPhone,Quarterly
137,Silver,588102.9,5,117620.58,Laptops,Dell,Bi-weekly
138,Silver,99640.17,6,16606.7,Monitors,Dell,Weekly
139,Silver,302149.68,6,50358.28,Tablets,iPad,Bi-weekly
140,Gold,91254.53,7,13036.36,Tablets,iPad,Bi-weekly
141,Silver,72605.53,6,12100.92,Monitors,Dell,Monthly
142,Silver,422381.69,4,105595.42,Tablets,Samsung,Quarterly
143,Bronze,21953.83,2,10976.91,Keyboards,Razer,Monthly
144,Silver,142051.48,6,23675.25,Tablets,iPad,Bi-weekly
145,Bronze,403.14,2,201.57,Tablets,iPad,Monthly
146,Silver,408120.07,6,68020.01,Tablets,iPad,Bi-weekly
147,Gold,429360.91,7,61337.27,Smartphones,Xiaomi,Quarterly
148,Silver,310218.01,4,77554.5,Monitors,MSI,Bi-weekly
149,Gold,671670.61,7,95952.94,Keyboards,Razer,Weekly
150,Bronze,104661.35,2,52330.68,Smartphones,Samsung,Monthly
151,Silver,112408.91,5,22481.78,Printers,Canon,Bi-weekly
152,Gold,957992.85,8,119749.11,Monitors,LG,Bi-weekly
153,Silver,35922.37,5,7184.47,Tablets,iPad,Weekly
154,Bronze,19662.7,2,9831.35,Monitors,ASUS,Monthly
155,Silver,536344.7,5,107268.94,Tablets,iPad,Monthly
156,Gold,142806.7,7,20400.96,Monitors,LG,Weekly
157,Silver,20725.88,6,3454.31,Printers,Canon,Bi-weekly
158,Bronze,74830.44,3,24943.48,Tablets,Samsung,Quarterly
159,Silver,175933.16,5,35186.63,Laptops,MacBook,Bi-weekly
160,Silver,5277.02,4,1319.26,Tablets,iPad,Bi-weekly
161,Silver,50478.96,5,10095.79,Mice,Corsair,Quarterly
162,Silver,56537.36,5,11307.47,Smartphones,iPhone,Quarterly
163,Silver,48105.66,4,12026.42,Smartphones,OnePlus,Monthly
164,Silver,5525.64,5,1105.13,Mice,Logitech,Weekly
165,Bronze,20548.61,2,10274.3,Smartphones,iPhone,Monthly
166,Silver,547265.18,6,91210.86,Laptops,Lenovo,Monthly
167,Bronze,51907.52,2,25953.76,Laptops,HP,Monthly
168,Bronze,65190.95,2,32595.47,Laptops,Lenovo,Weekly
169,Gold,176024.31,7,25146.33,Keyboards,Logitech,Bi-weekly
170,Silver,24057.05,4,6014.26,Keyboards,Razer,Monthly
171,Bronze,19420.03,1,19420.03,Monitors,BenQ,Monthly
172,Silver,434289.78,4,108572.44,Mice,Corsair,Weekly
173,Silver,147280.8,4,36820.2,Keyboards,Logitech,Bi-weekly
174,Silver,213661.01,5,42732.2,Monitors,LG,Bi-weekly
175,Silver,421200.73,4,105300.18,Mice,Dell,Quarterly
176,Silver,227712.76,6,37952.13,Mice,Dell,Monthly
177,Silver,19179.04,6,3196.51,Smartphones,OnePlus,Quarterly
178,Bronze,67424.91,1,67424.91,Printers,Canon,Weekly
179,Silver,367234.54,4,91808.64,Printers,HP,Quarterly
180,Silver,270351.69,6,45058.62,Printers,HP,Bi-weekly
181,Silver,48913.34,5,9782.67,Monitors,MSI,Quarterly
182,Bronze,21732.77,1,21732.77,Printers,HP,Quarterly
183,Silver,162855.39,5,32571.08,Mice,Corsair,Monthly
184,Bronze,15019.76,1,15019.76,Mice,Dell,Bi-weekly
185,Bronze,38193.43,2,19096.71,Smartphones,iPhone,Bi-weekly
186,Bronze,90933.55,3,30311.18,Printers,Canon,Weekly
187,Silver,121890.31,6,20315.05,Printers,HP,Monthly
188,Silver,124347.78,4,31086.95,Printers,HP,Bi-weekly
189,Silver,22771.34,5,4554.27,Smartphones,Xiaomi,Bi-weekly
190,Gold,230957.78,8,28869.72,Smartphones,OnePlus,Weekly
191,Silver,48466.42,5,9693.28,Tablets,Samsung,Bi-weekly
192,Silver,919913.03,6,153318.84,Mice,Corsair,Quarterly
193,Gold,364928.92,7,52132.7,Tablets,iPad,Bi-weekly
194,Bronze,11362.39,2,5681.19,Mice,Dell,Bi-weekly
195,Silver,96939.99,4,24235.0,Laptops,Dell,Bi-weekly
196,Bronze,223136.2,2,111568.1,Smartphones,Realme,Monthly
197,Silver,349027.83,4,87256.96,Keyboards,Razer,Monthly
198,Bronze,6984.88,1,6984.88,Mice,Corsair,Weekly
199,Silver,382941.51,6,63823.58,Mice,Dell,Bi-weekly
200,Gold,4684.87,7,669.27,Tablets,iPad,Bi-weekly
201,Silver,65424.95,4,16356.24,Printers,HP,Weekly
202,Silver,588252.68,4,147063.17,Laptops,MacBook,Monthly
203,Silver,52536.8,4,13134.2,Printers,Canon,Monthly
204,Silver,140043.92,4,35010.98,Laptops,MacBook,Bi-weekly
205,Silver,90347.98,6,15058.0,Printers,HP,Quarterly
206,Bronze,291360.93,2,145680.47,Smartphones,Realme,Bi-weekly
207,Gold,245283.03,8,30660.38,Mice,Dell,Monthly
208,Silver,159643.13,5,31928.63,Monitors,MSI,Quarterly
209,Silver,84555.75,4,21138.94,Monitors,BenQ,Weekly
210,Bronze,11000.07,3,3666.69,Monitors,MSI,Bi-weekly
211,Bronze,4150.57,2,2075.28,Keyboards,Corsair,Monthly
212,Silver,260896.32,6,43482.72,Monitors,BenQ,Quarterly
213,Bronze,46687.05,2,23343.53,Monitors,ASUS,Bi-weekly
214,Bronze,9746.63,1,9746.63,Printers,Canon,Weekly
215,Gold,773409.34,8,96676.17,Monitors,Dell,Monthly
216,Silver,105003.7,5,21000.74,Smartphones,Samsung,Quarterly
217,Bronze,70261.07,1,70261.07,Printers,Canon,Bi-weekly
218,Silver,246201.39,6,41033.56,Monitors,MSI,Weekly
219,Bronze,180831.0,2,90415.5,Keyboards,Corsair,Monthly
220,Bronze,249646.36,3,83215.45,Laptops,MacBook,Monthly
221,Silver,178892.3,4,44723.08,Mice,Logitech,Quarterly
222,Gold,214492.75,7,30641.82,Smartphones,OnePlus,Bi-weekly
223,Silver,75742.38,6,12623.73,Mice,Dell,Weekly
224,Gold,1347651.3,8,168456.41,Smartphones,Realme,Quarterly
225,Bronze,21186.1,1,21186.1,Keyboards,Logitech,Weekly
226,Bronze,326962.0,3,108987.33,Laptops,Dell,Monthly
227,Bronze,97483.24,3,32494.41,Mice,Logitech,Bi-weekly
228,Bronze,110698.13,3,36899.38,Monitors,ASUS,Quarterly
229,Silver,21539.78,4,5384.95,Tablets,Samsung,Bi-weekly
230,Silver,691469.7,6,115244.95,Smartphones,OnePlus,Weekly
231,Bronze,107.77,2,53.89,Printers,HP,Quarterly
232,Silver,188609.04,4,47152.26,Laptops,HP,Quarterly
233,Bronze,86573.62,2,43286.81,Printers,HP,Bi-weekly
234,Silver,31228.11,6,5204.69,Tablets,Samsung,Bi-weekly
235,Silver,211972.44,4,52993.11,Monitors,LG,Bi-weekly
236,Bronze,25044.74,1,25044.74,Smartphones,Poco,Weekly
237,Silver,59840.73,5,11968.15,Tablets,iPad,Weekly
238,Silver,206124.33,4,51531.08,Tablets,iPad,Bi-weekly
239,Silver,218024.37,5,43604.87,Mice,Corsair,Weekly
240,Silver,17260.65,6,2876.78,Printers,HP,Bi-weekly
241,Silver,27275.24,5,5455.05,Keyboards,Dell,Bi-weekly
242,Silver,952448.27,5,190489.65,Keyboards,Logitech,Bi-weekly
243,Silver,239354.94,5,47870.99,Printers,HP,Weekly
244,Silver,190635.44,5,38127.09,Tablets,Samsung,Bi-weekly
245,Bronze,133.53,3,44.51,Printers,HP,Quarterly
246,Bronze,16404.9,3,5468.3,Mice,Logitech,Monthly
247,Gold,365348.99,7,52192.71,Printers,Canon,Bi-weekly
248,Bronze,10798.81,2,5399.41,Monitors,LG,Monthly
249,Silver,356185.67,5,71237.13,Tablets,iPad,Weekly
250,Silver,248487.36,6,41414.56,Tablets,iPad,Quarterly
251,Bronze,10064.89,2,5032.44,Keyboards,Logitech,Bi-weekly
252,Bronze,202667.31,3,67555.77,Tablets,iPad,Weekly
253,Bronze,100094.79,3,33364.93,Mice,Logitech,Weekly
254,Silver,219483.32,5,43896.66,Monitors,ASUS,Weekly
255,Silver,43972.88,4,10993.22,Tablets,Samsung,Monthly
256,Bronze,524280.54,3,174760.18,Tablets,Samsung,Quarterly
257,Bronze,3669.26,1,3669.26,Mice,Corsair,Weekly
258,Silver,82454.72,4,20613.68,Monitors,BenQ,Weekly
259,Gold,332166.51,7,47452.36,Tablets,iPad,Weekly
260,Bronze,141874.02,3,47291.34,Monitors,LG,Weekly
261,Silver,326025.77,5,65205.15,Monitors,LG,Weekly
262,Silver,53573.04,4,13393.26,Mice,Corsair,Quarterly
263,Bronze,191055.74,3,63685.25,Smartphones,Xiaomi,Quarterly
264,Bronze,13720.69,3,4573.56,Mice,Dell,Bi-weekly
265,Silver,78123.77,6,13020.63,Mice,Dell,Quarterly
266,Gold,246650.28,7,35235.75,Mice,Logitech,Monthly
267,Silver,9857.44,5,1971.49,Tablets,Samsung,Bi-weekly
268,Silver,187033.76,4,46758.44,Monitors,LG,Bi-weekly
269,Gold,304313.69,8,38039.21,Mice,Dell,Quarterly
270,Silver,571942.82,6,95323.8,Laptops,MacBook,Quarterly
271,Bronze,48391.36,1,48391.36,Printers,HP,Weekly
272,Silver,316372.51,6,52728.75,Laptops,HP,Quarterly
273,Bronze,116375.22,2,58187.61,Monitors,ASUS,Bi-weekly
274,Gold,747174.58,7,106739.23,Keyboards,Corsair,Monthly
275,Silver,106300.83,5,21260.17,Laptops,Lenovo,Monthly
276,Bronze,202988.05,3,67662.68,Tablets,Samsung,Weekly
277,Silver,141016.28,5,28203.26,Tablets,iPad,Weekly
278,Bronze,14543.56,3,4847.85,Printers,Canon,Quarterly
279,Silver,19573.25,4,4893.31,Tablets,Samsung,Bi-weekly
280,Silver,229974.81,6,38329.14,Monitors,Dell,Bi-weekly
281,Silver,12683.04,5,2536.61,Smartphones,Xiaomi,Weekly
282,Silver,60889.86,5,12177.97,Printers,HP,Quarterly
283,Bronze,61591.79,3,20530.6,Monitors,Dell,Weekly
284,Silver,6212.89,4,1553.22,Tablets,iPad,Quarterly
285,Gold,21726.11,9,2414.01,Printers,Canon,Weekly
286,Gold,34674.9,7,4953.56,Tablets,iPad,Quarterly
287,Silver,155427.05,5,31085.41,Laptops,Lenovo,Bi-weekly
288,Bronze,22661.52,3,7553.84,Tablets,Samsung,Weekly
289,Gold,571127.97,7,81589.71,Keyboards,Corsair,Monthly
290,Bronze,25388.74,1,25388.74,Monitors,ASUS,Weekly
291,Silver,250781.36,4,62695.34,Printers,Canon,Bi-weekly
292,Silver,678765.33,6,113127.55,Mice,Logitech,Weekly
293,Bronze,528263.01,3,176087.67,Keyboards,Logitech,Quarterly
294,Bronze,29050.23,1,29050.23,Keyboards,Razer,Monthly
295,Silver,2531.78,6,421.96,Laptops,Lenovo,Monthly
296,Gold,25219.4,7,3602.77,Printers,Canon,Monthly
297,Gold,234295.6,7,33470.8,Printers,HP,Monthly
298,Bronze,2244.42,1,2244.42,Mice,Dell,Monthly
299,Silver,122989.77,5,24597.95,Tablets,Samsung,Quarterly
300,Silver,343502.18,5,68700.44,Tablets,iPad,Quarterly
301,Bronze,36859.97,3,12286.66,Monitors,Dell,Bi-weekly
302,Silver,306871.17,5,61374.23,Printers,Canon,Weekly
303,Silver,45475.37,4,11368.84,Monitors,ASUS,Quarterly
304,Silver,196513.24,5,39302.65,Smartphones,Samsung,Weekly
305,Silver,342526.33,5,68505.27,Tablets,iPad,Weekly
306,Silver,187936.27,6,31322.71,Mice,Dell,Bi-weekly
307,Silver,93295.73,4,23323.93,Printers,Canon,Quarterly
308,Silver,145812.14,4,36453.03,Mice,Logitech,Quarterly
309,Bronze,28673.62,1,28673.62,Smartphones,OnePlus,Monthly
310,Silver,102924.99,4,25731.25,Printers,Canon,Monthly
311,Gold,23620.52,8,2952.57,Laptops,MacBook,Quarterly
312,Gold,95534.76,8,11941.84,Laptops,Dell,Weekly
313,Gold,37133.74,9,4125.97,Smartphones,Realme,Weekly
314,Silver,213524.25,6,35587.38,Laptops,HP,Quarterly
315,Silver,663234.28,6,110539.05,Laptops,Dell,Quarterly
316,Gold,1275928.67,7,182275.52,Printers,Canon,Monthly
317,Silver,11546.89,6,1924.48,Laptops,MacBook,Monthly
318,Bronze,82137.46,2,41068.73,Mice,Corsair,Monthly
319,Silver,107380.2,5,21476.04,Mice,Logitech,Quarterly
320,Silver,161795.01,6,26965.84,Laptops,MacBook,Weekly
321,Silver,47344.97,6,7890.83,Printers,HP,Monthly
322,Gold,112965.12,7,16137.87,Mice,Corsair,Quarterly
323,Gold,92214.89,7,13173.56,Mice,Corsair,Monthly
324,Bronze,139499.62,3,46499.87,Keyboards,Razer,Bi-weekly
325,Bronze,10178.01,1,10178.01,Keyboards,Logitech,Monthly
326,Bronze,672.66,1,672.66,Smartphones,OnePlus,Monthly
327,Gold,420019.85,8,52502.48,Monitors,ASUS,Monthly
328,Bronze,2815.75,1,2815.75,Laptops,HP,Bi-weekly
329,Silver,188451.14,4,47112.79,Keyboards,Razer,Quarterly
330,Bronze,77114.69,2,38557.34,Keyboards,Corsair,Quarterly
331,Bronze,17433.24,3,5811.08,Monitors,BenQ,Bi-weekly
332,Gold,182161.08,8,22770.14,Laptops,HP,Weekly
333,Gold,65405.81,7,9343.69,Tablets,Samsung,Monthly
334,Bronze,71136.88,2,35568.44,Tablets,iPad,Weekly
335,Silver,137130.14,4,34282.54,Tablets,Samsung,Monthly
336,Bronze,20350.35,2,10175.18,Tablets,Samsung,Quarterly
337,Gold,7146.17,7,1020.88,Tablets,iPad,Quarterly
338,Bronze,48157.83,3,16052.61,Printers,Canon,Weekly
339,Silver,381799.24,6,63633.21,Laptops,Dell,Weekly
340,Gold,106878.18,7,15268.31,Printers,HP,Bi-weekly
341,Bronze,36581.62,1,36581.62,Laptops,Lenovo,Bi-weekly
342,Silver,477226.15,5,95445.23,Keyboards,Corsair,Weekly
343,Silver,5817.03,6,969.51,Printers,Canon,Monthly
344,Silver,12567.07,5,2513.41,Smartphones,Poco,Monthly
345,Silver,71818.24,4,17954.56,Monitors,LG,Weekly
346,Bronze,2738.76,3,912.92,Keyboards,Logitech,Quarterly
347,Gold,248348.58,7,35478.37,Tablets,Samsung,Monthly
348,Bronze,110858.74,2,55429.37,Laptops,HP,Monthly
349,Silver,63461.7,4,15865.43,Mice,Logitech,Quarterly
350,Silver,58541.14,4,14635.29,Printers,HP,Weekly
351,Silver,213780.8,6,35630.13,Keyboards,Razer,Bi-weekly
352,Bronze,28895.01,3,9631.67,Monitors,BenQ,Quarterly
353,Gold,467768.41,7,66824.06,Laptops,MacBook,Quarterly
354,Silver,97112.82,6,16185.47,Monitors,BenQ,Weekly
355,Gold,196302.88,8,24537.86,Printers,Canon,Bi-weekly
356,Silver,4590.52,6,765.09,Smartphones,Samsung,Weekly
357,Silver,67716.83,5,13543.37,Tablets,Samsung,Weekly
358,Silver,373656.38,4,93414.1,Printers,HP,Bi-weekly
359,Bronze,55461.1,2,27730.55,Laptops,MacBook,Quarterly
360,Silver,172291.19,6,28715.2,Monitors,BenQ,Bi-weekly
361,Gold,763385.08,7,109055.01,Mice,Corsair,Monthly
362,Bronze,19768.85,3,6589.62,Monitors,LG,Quarterly
363,Silver,32232.49,4,8058.12,Smartphones,iPhone,Quarterly
364,Silver,91444.78,5,18288.96,Smartphones,Realme,Monthly
365,Bronze,124350.41,3,41450.14,Monitors,ASUS,Monthly
366,Silver,177862.27,6,29643.71,Laptops,MacBook,Bi-weekly
367,Gold,443807.94,7,63401.13,Laptops,Dell,Bi-weekly
368,Bronze,375626.57,3,125208.86,Keyboards,Logitech,Monthly
369,Silver,248164.5,4,62041.13,Smartphones,OnePlus,Monthly
370,Silver,183242.08,5,36648.42,Smartphones,Poco,Monthly
371,Bronze,43224.54,3,14408.18,Smartphones,iPhone,Quarterly
372,Silver,229480.99,5,45896.2,Mice,Corsair,Weekly
373,Bronze,132805.92,3,44268.64,Smartphones,OnePlus,Bi-weekly
374,Bronze,194578.85,3,64859.62,Printers,HP,Bi-weekly
375,Silver,117905.06,5,23581.01,Keyboards,Logitech,Monthly
376,Bronze,200523.28,3,66841.09,Keyboards,Logitech,Quarterly
377,Silver,325159.1,5,65031.82,Keyboards,Dell,Quarterly
378,Silver,196155.05,5,39231.01,Keyboards,Razer,Monthly
379,Silver,8820.28,4,2205.07,Mice,Dell,Bi-weekly
380,Gold,58962.48,8,7370.31,Smartphones,Samsung,Monthly
381,Gold,283004.81,7,40429.26,Mice,Corsair,Monthly
382,Bronze,24714.04,1,24714.04,Tablets,iPad,Weekly
383,Bronze,325928.57,3,108642.86,Printers,Canon,Quarterly
384,Bronze,18038.35,1,18038.35,Monitors,MSI,Weekly
385,Silver,28667.69,6,4777.95,Mice,Logitech,Monthly
386,Silver,68875.07,4,17218.77,Monitors,ASUS,Bi-weekly
387,Silver,198649.66,5,39729.93,Keyboards,Dell,Quarterly
388,Silver,157165.39,5,31433.08,Smartphones,iPhone,Weekly
389,Bronze,23618.34,2,11809.17,Keyboards,Logitech,Bi-weekly
390,Silver,423910.47,5,84782.09,Printers,Canon,Monthly
391,Silver,29786.24,5,5957.25,Keyboards,Razer,Quarterly
392,Bronze,75729.01,3,25243.0,Printers,HP,Weekly
393,Silver,43559.73,5,8711.95,Tablets,Samsung,Weekly
394,Gold,90766.54,7,12966.65,Smartphones,OnePlus,Monthly
395,Silver,172616.16,6,28769.36,Laptops,HP,Monthly
396,Bronze,12022.77,1,12022.77,Tablets,Samsung,Quarterly
397,Gold,236807.91,7,33829.7,Laptops,Dell,Bi-weekly
398,Silver,394419.54,4,98604.88,Keyboards,Corsair,Quarterly
399,Silver,414540.98,6,69090.16,Smartphones,Poco,Weekly
400,Silver,63302.14,6,10550.36,Monitors,MSI,Weekly
401,Silver,55460.47,5,11092.09,Monitors,Dell,Weekly
402,Silver,18753.96,4,4688.49,Monitors,Dell,Quarterly
403,Gold,15493.4,7,2213.34,Laptops,HP,Weekly
404,Silver,185600.06,4,46400.02,Smartphones,Poco,Weekly
405,Silver,316238.86,4,79059.71,Mice,Logitech,Monthly
406,Gold,1387146.75,8,173393.34,Keyboards,Corsair,Quarterly
407,Silver,244089.13,4,61022.28,Tablets,Samsung,Bi-weekly
408,Silver,294105.99,6,49017.66,Laptops,Dell,Bi-weekly
409,Bronze,31547.93,2,15773.97,Mice,Corsair,Bi-weekly
410,Silver,68881.83,5,13776.37,Keyboards,Corsair,Monthly
411,Silver,115481.25,5,23096.25,Mice,Logitech,Weekly
412,Gold,19877.4,8,2484.67,Smartphones,Poco,Monthly
413,Silver,90670.76,6,15111.79,Keyboards,Logitech,Quarterly
414,Silver,201520.45,5,40304.09,Laptops,MacBook,Monthly
415,Silver,3356.24,4,839.06,Printers,HP,Weekly
416,Bronze,14791.75,2,7395.88,Keyboards,Dell,Weekly
417,Silver,38179.16,4,9544.79,Mice,Dell,Monthly
418,Silver,44433.73,5,8886.75,Monitors,Dell,Monthly
419,Silver,113590.88,6,18931.81,Tablets,iPad,Monthly
420,Bronze,7336.08,1,7336.08,Laptops,HP,Weekly
421,Bronze,141672.48,2,70836.24,Keyboards,Logitech,Weekly
422,Gold,253428.24,8,31678.53,Tablets,iPad,Bi-weekly
423,Bronze,29893.66,3,9964.55,Smartphones,Poco,Monthly
424,Bronze,5286.78,3,1762.26,Mice,Dell,Weekly
425,Silver,590456.79,5,118091.36,Mice,Logitech,Weekly
426,Bronze,57677.58,3,19225.86,Printers,HP,Bi-weekly
427,Gold,409048.78,7,58435.54,Laptops,HP,Weekly
428,Gold,699088.25,7,99869.75,Smartphones,Xiaomi,Monthly
429,Silver,515596.56,5,103119.31,Keyboards,Logitech,Quarterly
430,Gold,270311.18,7,38615.88,Smartphones,iPhone,Bi-weekly
431,Bronze,202088.98,3,67362.99,Tablets,Samsung,Bi-weekly
432,Silver,171561.4,4,42890.35,Monitors,LG,Monthly
433,Silver,179213.29,6,29868.88,Keyboards,Logitech,Quarterly
434,Silver,387394.22,6,64565.7,Mice,Logitech,Bi-weekly
435,Gold,602404.43,7,86057.78,Mice,Logitech,Bi-weekly
436,Bronze,30395.64,2,15197.82,Laptops,HP,Bi-weekly
437,Bronze,35752.24,2,17876.12,Laptops,MacBook,Weekly
438,Silver,483433.75,5,96686.75,Laptops,MacBook,Bi-weekly
439,Silver,26306.1,5,5261.22,Smartphones,iPhone,Weekly
440,Silver,36866.06,4,9216.52,Printers,Canon,Monthly
441,Silver,93852.13,4,23463.03,Smartphones,Xiaomi,Weekly
442,Silver,29087.51,4,7271.88,Printers,HP,Weekly
443,Silver,44944.91,5,8988.98,Mice,Dell,Quarterly
444,Silver,8968.64,4,2242.16,Mice,Dell,Weekly
445,Silver,150133.55,6,25022.26,Smartphones,Poco,Quarterly
446,Bronze,141091.36,3,47030.45,Monitors,LG,Bi-weekly
447,Bronze,23540.85,1,23540.85,Tablets,Samsung,Bi-weekly
448,Silver,56892.55,4,14223.14,Laptops,MacBook,Quarterly
449,Gold,117129.87,7,16732.84,Monitors,MSI,Monthly
450,Silver,452814.03,4,113203.51,Keyboards,Corsair,Monthly
451,Silver,125851.06,4,31462.77,Smartphones,Samsung,Bi-weekly
452,Silver,99840.27,4,24960.07,Monitors,LG,Bi-weekly
453,Silver,49468.31,5,9893.66,Smartphones,Poco,Weekly
454,Bronze,79072.97,3,26357.66,Tablets,iPad,Monthly
455,Gold,242532.36,8,30316.55,Keyboards,Razer,Quarterly
456,Bronze,182587.48,2,91293.74,Laptops,HP,Quarterly
457,Gold,269666.94,7,38523.85,Monitors,MSI,Weekly
458,Gold,15479.03,7,2211.29,Laptops,Dell,Bi-weekly
459,Silver,66609.27,6,11101.54,Smartphones,OnePlus,Quarterly
460,Silver,388932.37,5,77786.47,Tablets,Samsung,Bi-weekly
461,Bronze,52559.04,1,52559.04,Keyboards,Corsair,Weekly
462,Silver,165040.8,6,27506.8,Keyboards,Corsair,Quarterly
463,Silver,79452.62,5,15890.52,Mice,Dell,Monthly
464,Gold,116346.19,7,16620.88,Printers,Canon,Monthly
465,Gold,24647.72,7,3521.1,Tablets,iPad,Monthly
466,Bronze,107725.23,2,53862.62,Printers,Canon,Weekly
467,Bronze,121049.3,3,40349.77,Printers,Canon,Weekly
468,Bronze,98448.05,3,32816.02,Smartphones,Samsung,Quarterly
469,Silver,114326.25,5,22865.25,Smartphones,Poco,Bi-weekly
470,Silver,413750.42,6,68958.4,Laptops,Dell,Weekly
471,Gold,129833.03,9,14425.89,Smartphones,Samsung,Quarterly
472,Gold,344130.81,7,49161.54,Keyboards,Razer,Weekly
473,Silver,700107.64,5,140021.53,Smartphones,Xiaomi,Weekly
474,Silver,40615.41,5,8123.08,Tablets,Samsung,Weekly
475,Silver,156242.78,4,39060.7,Smartphones,Realme,Quarterly
476,Gold,58644.49,10,5864.45,Smartphones,Samsung,Quarterly
477,Gold,523408.15,8,65426.02,Smartphones,Samsung,Bi-weekly
478,Bronze,196242.62,3,65414.21,Smartphones,iPhone,Quarterly
479,Silver,540217.97,5,108043.59,Smartphones,iPhone,Weekly
480,Silver,434502.29,6,72417.05,Monitors,MSI,Weekly
481,Bronze,229437.49,3,76479.16,Smartphones,Samsung,Monthly
482,Silver,145966.56,5,29193.31,Laptops,Lenovo,Weekly
483,Gold,171277.7,7,24468.24,Laptops,MacBook,Quarterly
484,Silver,290705.31,4,72676.33,Smartphones,Realme,Quarterly
485,Silver,47175.27,4,11793.82,Smartphones,Poco,Bi-weekly
486,Gold,35542.23,7,5077.46,Laptops,MacBook,Bi-weekly
487,Gold,154925.23,7,22132.18,Laptops,HP,Monthly
488,Bronze,34664.38,3,11554.79,Laptops,HP,Monthly
489,Gold,14666.87,9,1629.65,Smartphones,iPhone,Bi-weekly
490,Bronze,34487.09,2,17243.55,Printers,HP,Quarterly
491,Silver,91393.26,5,18278.65,Smartphones,Xiaomi,Monthly
492,Silver,133053.07,4,33263.27,Mice,Corsair,Weekly
493,Silver,289647.03,6,48274.51,Keyboards,Logitech,Weekly
494,Bronze,17998.01,2,8999.01,Keyboards,Dell,Monthly
495,Silver,91868.09,6,15311.35,Smartphones,iPhone,Weekly
496,Silver,10561.82,4,2640.45,Printers,Canon,Monthly
497,Silver,458608.85,6,76434.81,Smartphones,Realme,Quarterly
498,Gold,544149.57,10,54414.96,Printers,Canon,Bi-weekly
499,Silver,184871.16,5,36974.23,Smartphones,OnePlus,Bi-weekly
500,Bronze,16176.82,3,5392.27,Keyboards,Dell,Quarterly
501,Silver,323936.31,5,64787.26,Smartphones,OnePlus,Monthly
502,Bronze,78148.11,2,39074.05,Keyboards,Corsair,Weekly
503,Gold,671091.17,9,74565.69,Tablets,Samsung,Quarterly
504,Silver,157136.78,4,39284.2,Printers,HP,Quarterly
505,Silver,154261.05,6,25710.18,Mice,Corsair,Weekly
506,Bronze,47867.23,2,23933.62,Printers,Canon,Weekly
507,Silver,668309.05,4,167077.26,Keyboards,Razer,Quarterly
508,Silver,680763.37,4,170190.84,Mice,Corsair,Quarterly
509,Bronze,15303.43,1,15303.43,Keyboards,Dell,Quarterly
510,Silver,353881.23,5,70776.25,Smartphones,iPhone,Weekly
511,Bronze,24832.78,3,8277.59,Keyboards,Logitech,Bi-weekly
512,Bronze,111341.89,1,111341.89,Printers,Canon,Quarterly
513,Silver,58144.76,6,9690.79,Smartphones,Realme,Monthly
514,Silver,319895.57,5,63979.11,Mice,Corsair,Bi-weekly
515,Bronze,61124.42,3,20374.81,Monitors,Dell,Bi-weekly
516,Bronze,5775.9,3,1925.3,Laptops,Dell,Quarterly
517,Silver,75765.23,4,18941.31,Printers,HP,Weekly
518,Gold,378118.33,7,54016.9,Mice,Corsair,Bi-weekly
519,Bronze,47382.29,3,15794.1,Mice,Corsair,Weekly
520,Gold,77781.25,7,11111.61,Smartphones,OnePlus,Quarterly
521,Bronze,31424.04,3,10474.68,Smartphones,Poco,Quarterly
522,Bronze,40863.79,2,20431.89,Tablets,iPad,Monthly
523,Silver,431426.01,5,86285.2,Mice,Logitech,Bi-weekly
524,Bronze,6451.96,2,3225.98,Laptops,MacBook,Monthly
525,Silver,112394.41,4,28098.6,Mice,Dell,Monthly
526,Silver,144510.92,5,28902.18,Laptops,MacBook,Monthly
527,Gold,142671.83,8,17833.98,Monitors,MSI,Monthly
528,Silver,129048.09,5,25809.62,Keyboards,Razer,Monthly
529,Silver,13902.57,4,3475.64,Monitors,BenQ,Weekly
530,Gold,151157.98,7,21594.0,Monitors,Dell,Monthly
531,Bronze,210164.85,3,70054.95,Printers,Canon,Quarterly
532,Silver,68745.22,5,13749.04,Printers,Canon,Bi-weekly
533,Bronze,84176.45,2,42088.22,Monitors,MSI,Quarterly
534,Silver,302869.27,5,60573.85,Monitors,LG,Weekly
535,Silver,36348.74,5,7269.75,Mice,Logitech,Weekly
536,Silver,97623.99,4,24406.0,Printers,Canon,Weekly
537,Gold,709661.91,8,88707.74,Tablets,Samsung,Quarterly
538,Silver,16271.13,4,4067.78,Laptops,Dell,Quarterly
539,Silver,161657.01,4,40414.25,Printers,HP,Weekly
540,Silver,28874.2,5,5774.84,Monitors,BenQ,Monthly
541,Bronze,109846.37,1,109846.37,Laptops,HP,Bi-weekly
542,Silver,229603.53,4,57400.88,Keyboards,Razer,Weekly
543,Silver,376844.09,6,62807.35,Smartphones,Realme,Monthly
544,Silver,190938.63,5,38187.73,Keyboards,Logitech,Monthly
545,Silver,12438.61,6,2073.1,Printers,HP,Weekly
546,Silver,78409.77,5,15681.95,Printers,Canon,Weekly
547,Bronze,62296.93,3,20765.64,Laptops,Dell,Monthly
548,Silver,88557.01,5,17711.4,Mice,Corsair,Weekly
549,Gold,652087.19,8,81510.9,Tablets,Samsung,Bi-weekly
550,Silver,135353.27,4,33838.32,Laptops,HP,Monthly
551,Silver,196281.15,5,39256.23,Mice,Logitech,Bi-weekly
552,Silver,647541.93,5,129508.39,Laptops,HP,Quarterly
553,Gold,7787.18,8,973.4,Laptops,HP,Monthly
554,Silver,1077277.33,5,215455.47,Keyboards,Logitech,Weekly
555,Silver,43219.87,4,10804.97,Keyboards,Razer,Quarterly
556,Silver,115832.13,4,28958.03,Tablets,iPad,Weekly
557,Silver,28618.66,5,5723.73,Laptops,HP,Monthly
558,Silver,85223.06,5,17044.61,Laptops,Dell,Quarterly
559,Silver,6585.05,5,1317.01,Tablets,Samsung,Monthly
560,Bronze,66424.77,1,66424.77,Printers,Canon,Weekly
561,Bronze,166642.93,3,55547.64,Keyboards,Logitech,Quarterly
562,Silver,114493.55,4,28623.39,Keyboards,Dell,Bi-weekly
563,Gold,237093.57,7,33870.51,Mice,Logitech,Bi-weekly
564,Silver,215758.08,5,43151.62,Smartphones,OnePlus,Quarterly
565,Silver,146953.28,6,24492.21,Mice,Dell,Bi-weekly
566,Silver,507740.74,4,126935.19,Keyboards,Dell,Weekly
567,Silver,187452.83,4,46863.21,Monitors,Dell,Quarterly
568,Silver,179219.12,6,29869.85,Mice,Dell,Bi-weekly
569,Silver,20368.07,4,5092.02,Laptops,HP,Monthly
570,Silver,220086.82,4,55021.7,Monitors,Dell,Monthly
571,Bronze,46409.02,3,15469.67,Mice,Logitech,Quarterly
572,Bronze,181349.56,3,60449.85,Keyboards,Dell,Monthly
573,Silver,982749.78,6,163791.63,Tablets,iPad,Monthly
574,Bronze,38357.83,2,19178.92,Mice,Logitech,Monthly
575,Gold,21197.12,8,2649.64,Smartphones,OnePlus,Bi-weekly
576,Silver,278918.23,6,46486.37,Smartphones,Samsung,Bi-weekly
577,Silver,98687.31,4,24671.83,Tablets,Samsung,Bi-weekly
578,Silver,11426.97,4,2856.74,Laptops,Dell,Weekly
579,Bronze,35161.11,3,11720.37,Printers,HP,Monthly
580,Silver,292200.5,6,48700.08,Printers,Canon,Monthly
581,Bronze,12002.55,2,6001.28,Keyboards,Logitech,Weekly
582,Bronze,12413.17,1,12413.17,Laptops,MacBook,Quarterly
583,Bronze,7675.73,2,3837.87,Tablets,Samsung,Weekly
584,Silver,241840.8,5,48368.16,Printers,HP,Weekly
585,Silver,51195.25,5,10239.05,Mice,Dell,Bi-weekly
586,Silver,267093.01,4,66773.25,Monitors,Dell,Monthly
587,Gold,1156212.78,7,165173.25,Laptops,HP,Bi-weekly
588,Gold,501664.68,9,55740.52,Printers,Canon,Quarterly
589,Silver,154387.5,6,25731.25,Printers,HP,Monthly
590,Bronze,31664.04,1,31664.04,Smartphones,Realme,Quarterly
591,Silver,8403.34,4,2100.84,Keyboards,Razer,Bi-weekly
592,Bronze,5323.59,1,5323.59,Laptops,Lenovo,Quarterly
593,Bronze,23884.09,2,11942.04,Printers,Canon,Weekly
594,Silver,28574.89,4,7143.72,Tablets,iPad,Monthly
595,Silver,358934.74,6,59822.46,Mice,Corsair,Weekly
596,Silver,431454.24,6,71909.04,Laptops,MacBook,Weekly
597,Bronze,37037.24,3,12345.75,Keyboards,Corsair,Bi-weekly
598,Silver,20389.42,6,3398.24,Tablets,Samsung,Bi-weekly
599,Silver,56278.53,4,14069.63,Smartphones,Poco,Quarterly
600,Bronze,4357.64,1,4357.64,Tablets,iPad,Bi-weekly
601,Bronze,83864.34,1,83864.34,Printers,Canon,Monthly
602,Gold,205963.11,9,22884.79,Printers,HP,Monthly
603,Silver,157383.32,4,39345.83,Printers,Canon,Bi-weekly
604,Bronze,206539.86,3,68846.62,Mice,Logitech,Weekly
605,Silver,169738.88,6,28289.81,Printers,HP,Bi-weekly
606,Silver,83394.81,5,16678.96,Keyboards,Logitech,Quarterly
607,Gold,498032.88,8,62254.11,Smartphones,Realme,Bi-weekly
608,Gold,361808.09,7,51686.87,Mice,Dell,Weekly
609,Silver,102570.49,6,17095.08,Tablets,Samsung,Monthly
610,Silver,210071.41,5,42014.28,Laptops,HP,Monthly
611,Bronze,111479.89,2,55739.94,Smartphones,iPhone,Bi-weekly
612,Silver,241796.47,5,48359.29,Smartphones,Samsung,Quarterly
613,Gold,547192.22,7,78170.32,Smartphones,Xiaomi,Monthly
614,Silver,59753.93,4,14938.48,Printers,Canon,Bi-weekly
615,Gold,115594.83,7,16513.55,Printers,HP,Weekly
616,Silver,301535.44,6,50255.91,Smartphones,Samsung,Quarterly
617,Silver,21410.97,4,5352.74,Tablets,iPad,Weekly
618,Silver,251570.33,5,50314.07,Mice,Dell,Weekly
619,Silver,19222.24,6,3203.71,Keyboards,Logitech,Bi-weekly
620,Silver,35424.92,6,5904.15,Tablets,iPad,Weekly
621,Bronze,22290.38,2,11145.19,Tablets,iPad,Weekly
622,Silver,343524.38,5,68704.88,Monitors,Dell,Quarterly
623,Silver,186155.9,5,37231.18,Mice,Logitech,Weekly
624,Gold,508766.53,9,56529.61,Keyboards,Dell,Weekly
625,Silver,325963.98,4,81490.99,Mice,Corsair,Monthly
626,Bronze,146780.8,2,73390.4,Keyboards,Dell,Quarterly
627,Bronze,4638.48,1,4638.48,Printers,HP,Monthly
628,Silver,116227.82,5,23245.56,Tablets,iPad,Weekly
629,Silver,208632.52,6,34772.09,Smartphones,OnePlus,Monthly
630,Gold,93462.03,7,13351.72,Keyboards,Corsair,Bi-weekly
631,Bronze,90209.29,2,45104.64,Printers,Canon,Bi-weekly
632,Silver,184389.49,5,36877.9,Keyboards,Razer,Bi-weekly
633,Silver,364990.99,6,60831.83,Keyboards,Razer,Quarterly
634,Silver,165029.01,6,27504.83,Monitors,LG,Quarterly
635,Silver,3096.64,4,774.16,Keyboards,Razer,Weekly
636,Silver,29140.13,4,7285.03,Mice,Dell,Bi-weekly
637,Silver,39288.63,4,9822.16,Laptops,MacBook,Weekly
638,Silver,31153.07,5,6230.61,Monitors,MSI,Monthly
639,Silver,485595.91,5,97119.18,Mice,Dell,Bi-weekly
640,Bronze,138025.09,3,46008.36,Laptops,Dell,Monthly
641,Bronze,27201.87,1,27201.87,Smartphones,Poco,Weekly
642,Silver,17476.67,4,4369.17,Smartphones,Poco,Monthly
643,Silver,190219.5,5,38043.9,Monitors,MSI,Weekly
644,Bronze,58865.3,2,29432.65,Tablets,iPad,Quarterly
645,Silver,409305.92,6,68217.65,Smartphones,Realme,Quarterly
646,Bronze,63502.83,1,63502.83,Tablets,iPad,Quarterly
647,Silver,144515.88,6,24085.98,Monitors,MSI,Quarterly
648,Silver,514698.78,5,102939.76,Smartphones,Xiaomi,Weekly
649,Bronze,10647.32,2,5323.66,Monitors,BenQ,Quarterly
650,Bronze,4774.51,3,1591.5,Laptops,MacBook,Weekly
651,Silver,114305.95,4,28576.49,Printers,HP,Weekly
652,Bronze,94154.7,2,47077.35,Keyboards,Logitech,Bi-weekly
653,Silver,185160.61,4,46290.15,Monitors,Dell,Monthly
654,Silver,18112.21,4,4528.05,Tablets,Samsung,Monthly
655,Bronze,203862.54,3,67954.18,Mice,Dell,Bi-weekly
656,Bronze,34079.32,1,34079.32,Smartphones,Xiaomi,Bi-weekly
657,Silver,451477.1,4,112869.28,Laptops,Lenovo,Bi-weekly
658,Gold,875803.53,9,97311.5,Smartphones,iPhone,Weekly
659,Gold,120413.73,7,17201.96,Printers,HP,Monthly
660,Bronze,118261.9,3,39420.63,Laptops,MacBook,Weekly
661,Silver,365475.08,4,91368.77,Printers,HP,Bi-weekly
662,Silver,480623.52,5,96124.7,Monitors,Dell,Monthly
663,Gold,2261.71,8,282.71,Printers,HP,Quarterly
664,Bronze,83869.78,3,27956.59,Printers,HP,Quarterly
665,Bronze,535749.74,3,178583.25,Keyboards,Logitech,Weekly
666,Silver,16885.24,4,4221.31,Printers,Canon,Quarterly
667,Silver,36455.83,4,9113.96,Keyboards,Logitech,Bi-weekly
668,Silver,158943.6,4,39735.9,Tablets,Samsung,Weekly
669,Gold,662349.74,7,94621.39,Smartphones,Xiaomi,Monthly
670,Silver,87631.62,6,14605.27,Smartphones,Xiaomi,Weekly
671,Bronze,147960.23,3,49320.08,Smartphones,Samsung,Weekly
672,Silver,166371.6,6,27728.6,Keyboards,Corsair,Monthly
673,Silver,122445.87,4,30611.47,Printers,HP,Bi-weekly
674,Silver,318310.49,5,63662.1,Laptops,Lenovo,Bi-weekly
675,Bronze,201588.92,3,67196.31,Smartphones,Xiaomi,Bi-weekly
676,Silver,37403.88,6,6233.98,Monitors,MSI,Quarterly
677,Bronze,248134.06,3,82711.35,Printers,HP,Monthly
678,Bronze,116737.23,3,38912.41,Laptops,Dell,Bi-weekly
679,Gold,899510.91,7,128501.56,Tablets,Samsung,Quarterly
680,Bronze,349135.23,3,116378.41,Smartphones,Realme,Quarterly
681,Silver,97231.1,4,24307.77,Monitors,LG,Monthly
682,Silver,31451.8,5,6290.36,Tablets,Samsung,Weekly
683,Silver,53058.64,5,10611.73,Printers,HP,Quarterly
684,Gold,276904.13,7,39557.73,Laptops,Lenovo,Weekly
685,Bronze,109246.71,3,36415.57,Smartphones,Samsung,Bi-weekly
686,Silver,197129.57,5,39425.91,Printers,Canon,Quarterly
687,Bronze,56642.96,2,28321.48,Laptops,Lenovo,Bi-weekly
688,Silver,258165.89,4,64541.47,Smartphones,Xiaomi,Bi-weekly
689,Bronze,70596.66,2,35298.33,Keyboards,Razer,Monthly
690,Silver,46101.74,4,11525.43,Keyboards,Corsair,Bi-weekly
691,Gold,1095145.11,9,121682.79,Tablets,Samsung,Bi-weekly
692,Silver,146338.05,6,24389.67,Smartphones,Poco,Quarterly
693,Gold,273108.7,7,39015.53,Laptops,Dell,Monthly
694,Silver,101068.32,4,25267.08,Printers,HP,Weekly
695,Silver,297439.19,6,49573.2,Smartphones,Realme,Monthly
696,Bronze,43913.38,1,43913.38,Laptops,Dell,Quarterly
697,Bronze,9276.19,2,4638.09,Monitors,BenQ,Bi-weekly
698,Silver,865479.15,6,144246.52,Mice,Corsair,Quarterly
699,Silver,356796.32,4,89199.08,Tablets,iPad,Weekly
700,Bronze,158286.85,3,52762.28,Smartphones,iPhone,Monthly
701,Silver,298957.01,4,74739.25,Smartphones,Poco,Monthly
702,Silver,3969.43,5,793.89,Laptops,MacBook,Bi-weekly
703,Bronze,96961.84,2,48480.92,Keyboards,Logitech,Bi-weekly
704,Bronze,209458.34,3,69819.45,Printers,Canon,Bi-weekly
705,Silver,210029.13,5,42005.83,Laptops,Lenovo,Bi-weekly
706,Bronze,176221.07,3,58740.36,Laptops,HP,Weekly
707,Silver,371818.32,5,74363.66,Monitors,MSI,Quarterly
708,Bronze,182256.63,2,91128.32,Tablets,iPad,Monthly
709,Silver,100258.63,6,16709.77,Keyboards,Corsair,Bi-weekly
710,Bronze,413828.05,3,137942.68,Laptops,HP,Weekly
711,Gold,1095115.43,9,121679.49,Keyboards,Razer,Bi-weekly
712,Gold,1138577.23,7,162653.89,Mice,Dell,Quarterly
713,Silver,30877.93,5,6175.59,Smartphones,Samsung,Monthly
714,Silver,276747.55,4,69186.89,Monitors,BenQ,Weekly
715,Silver,560402.91,6,93400.48,Smartphones,Poco,Quarterly
716,Silver,167906.12,6,27984.35,Smartphones,iPhone,Quarterly
717,Silver,78147.67,5,15629.53,Printers,Canon,Weekly
718,Gold,265896.68,7,37985.24,Laptops,Dell,Weekly
719,Silver,206038.07,5,41207.61,Printers,Canon,Monthly
720,Gold,455861.79,7,65123.11,Monitors,BenQ,Monthly
721,Silver,653877.08,6,108979.51,Smartphones,OnePlus,Weekly
722,Bronze,94824.43,3,31608.14,Monitors,MSI,Bi-weekly
723,Silver,70450.0,5,14090.0,Mice,Corsair,Quarterly
724,Silver,21492.94,5,4298.59,Smartphones,Samsung,Monthly
725,Silver,647965.85,5,129593.17,Mice,Corsair,Weekly
726,Silver,64505.29,6,10750.88,Smartphones,Xiaomi,Weekly
727,Silver,27118.54,5,5423.71,Mice,Dell,Quarterly
728,Gold,49105.86,7,7015.12,Printers,Canon,Bi-weekly
729,Bronze,230222.33,3,76740.78,Laptops,Dell,Weekly
730,Silver,144111.02,5,28822.2,Smartphones,iPhone,Weekly
731,Gold,210970.25,7,30138.61,Printers,HP,Quarterly
732,Silver,134791.49,5,26958.3,Laptops,Dell,Bi-weekly
733,Silver,193885.72,6,32314.29,Laptops,Dell,Bi-weekly
734,Silver,54450.27,5,10890.05,Printers,HP,Monthly
735,Silver,65045.44,4,16261.36,Tablets,Samsung,Weekly
736,Silver,241121.52,4,60280.38,Printers,HP,Weekly
737,Silver,58696.3,4,14674.08,Keyboards,Dell,Bi-weekly
738,Silver,56723.93,4,14180.98,Smartphones,Realme,Weekly
739,Bronze,56852.19,3,18950.73,Tablets,iPad,Quarterly
740,Bronze,157569.88,3,52523.29,Monitors,BenQ,Weekly
741,Gold,5985.47,7,855.07,Mice,Corsair,Weekly
742,Silver,464963.25,4,116240.81,Smartphones,Samsung,Weekly
743,Silver,382843.25,5,76568.65,Mice,Logitech,Bi-weekly
744,Silver,89626.18,4,22406.54,Mice,Corsair,Monthly
745,Silver,21664.66,4,5416.17,Smartphones,Samsung,Quarterly
746,Bronze,70026.53,2,35013.26,Laptops,Dell,Monthly
747,Bronze,102706.85,1,102706.85,Laptops,MacBook,Bi-weekly
748,Silver,120870.84,5,24174.17,Monitors,Dell,Quarterly
749,Silver,120147.29,4,30036.82,Mice,Dell,Monthly
750,Silver,259339.44,4,64834.86,Mice,Logitech,Quarterly
751,Silver,57083.33,4,14270.83,Printers,Canon,Weekly
752,Bronze,254586.46,3,84862.15,Smartphones,OnePlus,Monthly
753,Silver,2910.96,4,727.74,Keyboards,Logitech,Bi-weekly
754,Bronze,227226.71,3,75742.24,Tablets,iPad,Monthly
755,Bronze,53867.25,3,17955.75,Keyboards,Corsair,Bi-weekly
756,Silver,103377.42,5,20675.48,Tablets,Samsung,Weekly
757,Bronze,104034.78,3,34678.26,Monitors,ASUS,Bi-weekly
758,Silver,6601.93,5,1320.39,Smartphones,Realme,Weekly
759,Silver,868878.7,4,217219.68,Monitors,Dell,Quarterly
760,Gold,471258.04,9,52362.0,Monitors,MSI,Weekly
761,Silver,134257.93,5,26851.59,Printers,HP,Weekly
762,Silver,57668.7,4,14417.18,Tablets,Samsung,Quarterly
763,Silver,11210.24,5,2242.05,Keyboards,Logitech,Bi-weekly
764,Gold,599352.42,7,85621.77,Printers,HP,Quarterly
765,Bronze,30713.98,2,15356.99,Keyboards,Dell,Monthly
766,Silver,98700.65,5,19740.13,Laptops,MacBook,Bi-weekly
767,Bronze,186160.18,3,62053.39,Printers,HP,Bi-weekly
768,Silver,164716.46,4,41179.12,Mice,Dell,Bi-weekly
769,Silver,188387.15,4,47096.79,Monitors,LG,Quarterly
770,Bronze,372299.75,3,124099.92,Monitors,BenQ,Quarterly
771,Bronze,303147.53,3,101049.18,Smartphones,OnePlus,Weekly
772,Silver,132209.9,5,26441.98,Smartphones,OnePlus,Bi-weekly
773,Bronze,4206.63,2,2103.31,Monitors,ASUS,Quarterly
774,Silver,429319.85,4,107329.96,Laptops,Lenovo,Weekly
775,Bronze,13323.37,2,6661.69,Printers,HP,Weekly
776,Bronze,35904.14,2,17952.07,Monitors,MSI,Quarterly
777,Silver,7740.22,4,1935.05,Mice,Logitech,Weekly
778,Bronze,290756.03,3,96918.68,Monitors,Dell,Monthly
779,Silver,572542.11,4,143135.53,Tablets,Samsung,Quarterly
780,Bronze,179524.96,2,89762.48,Mice,Logitech,Weekly
781,Silver,49967.22,5,9993.44,Smartphones,Poco,Monthly
782,Gold,58389.24,8,7298.65,Laptops,MacBook,Bi-weekly
783,Silver,23011.02,6,3835.17,Tablets,iPad,Monthly
784,Silver,24570.43,5,4914.09,Tablets,Samsung,Quarterly
785,Silver,231956.69,6,38659.45,Smartphones,Realme,Weekly
786,Silver,381484.13,5,76296.83,Printers,Canon,Monthly
787,Silver,99195.18,4,24798.79,Printers,Canon,Quarterly
788,Silver,103390.44,6,17231.74,Mice,Logitech,Weekly
789,Silver,144685.79,6,24114.3,Mice,Logitech,Weekly
790,Gold,60715.73,7,8673.68,Printers,Canon,Quarterly
791,Silver,113772.4,4,28443.1,Printers,Canon,Bi-weekly
792,Bronze,67900.62,3,22633.54,Smartphones,Xiaomi,Weekly
793,Bronze,28871.3,2,14435.65,Mice,Logitech,Bi-weekly
794,Gold,361025.8,7,51575.11,Keyboards,Logitech,Bi-weekly
795,Silver,242939.21,5,48587.84,Keyboards,Dell,Bi-weekly
796,Silver,93666.99,4,23416.75,Monitors,Dell,Monthly
797,Bronze,89572.23,3,29857.41,Keyboards,Dell,Monthly
798,Gold,364982.15,7,52140.31,Laptops,HP,Weekly
799,Silver,650219.48,6,108369.91,Printers,HP,Weekly
800,Gold,369664.63,8,46208.08,Laptops,HP,Monthly
801,Bronze,94692.82,3,31564.27,Laptops,HP,Bi-weekly
802,Silver,60631.12,4,15157.78,Monitors,Dell,Monthly
803,Silver,12995.95,6,2165.99,Keyboards,Logitech,Bi-weekly
804,Gold,59108.93,11,5373.54,Keyboards,Dell,Weekly
805,Bronze,276685.48,3,92228.49,Mice,Logitech,Quarterly
806,Silver,348042.7,5,69608.54,Monitors,BenQ,Quarterly
807,Gold,1251934.78,8,156491.85,Mice,Dell,Monthly
808,Silver,9180.24,6,1530.04,Mice,Logitech,Monthly
809,Silver,142081.48,6,23680.25,Printers,Canon,Bi-weekly
810,Silver,179145.88,4,44786.47,Laptops,MacBook,Quarterly
811,Gold,851278.82,9,94586.54,Monitors,MSI,Bi-weekly
812,Silver,105900.88,6,17650.15,Mice,Corsair,Monthly
813,Bronze,141852.08,2,70926.04,Keyboards,Logitech,Quarterly
814,Gold,208897.79,7,29842.54,Printers,Canon,Monthly
815,Silver,421919.39,6,70319.9,Tablets,Samsung,Weekly
816,Gold,801420.91,9,89046.77,Keyboards,Dell,Monthly
817,Bronze,97770.5,3,32590.17,Keyboards,Corsair,Bi-weekly
818,Silver,251091.54,6,41848.59,Tablets,Samsung,Quarterly
819,Bronze,47288.56,1,47288.56,Monitors,Dell,Monthly
820,Silver,92877.92,4,23219.48,Tablets,iPad,Quarterly
821,Silver,36406.74,4,9101.68,Keyboards,Razer,Bi-weekly
822,Silver,85344.44,6,14224.07,Smartphones,OnePlus,Quarterly
823,Silver,36750.41,4,9187.6,Smartphones,OnePlus,Monthly
824,Silver,238613.92,4,59653.48,Smartphones,iPhone,Monthly
825,Bronze,534505.93,3,178168.64,Keyboards,Razer,Bi-weekly
826,Silver,27307.65,4,6826.91,Laptops,MacBook,Bi-weekly
827,Silver,162969.54,6,27161.59,Laptops,MacBook,Bi-weekly
828,Bronze,9424.59,3,3141.53,Tablets,iPad,Bi-weekly
829,Bronze,32181.38,1,32181.38,Tablets,iPad,Quarterly
830,Silver,6605.2,5,1321.04,Printers,HP,Monthly
831,Bronze,603093.46,2,301546.73,Keyboards,Dell,Monthly
832,Gold,588625.95,8,73578.24,Smartphones,Poco,Monthly
833,Gold,13363.44,10,1336.34,Laptops,HP,Bi-weekly
834,Silver,83263.25,4,20815.81,Monitors,Dell,Bi-weekly
835,Silver,962804.48,6,160467.41,Smartphones,Realme,Monthly
836,Silver,333695.32,5,66739.06,Printers,HP,Bi-weekly
837,Bronze,52920.3,3,17640.1,Keyboards,Corsair,Monthly
838,Silver,833274.25,6,138879.04,Mice,Logitech,Bi-weekly
839,Silver,336355.66,6,56059.28,Printers,HP,Quarterly
840,Gold,323171.4,9,35907.93,Printers,Canon,Bi-weekly
841,Silver,83289.55,4,20822.39,Mice,Corsair,Monthly
842,Bronze,12971.33,1,12971.33,Smartphones,iPhone,Weekly
843,Bronze,21766.69,2,10883.34,Mice,Corsair,Quarterly
844,Bronze,6276.68,1,6276.68,Laptops,HP,Bi-weekly
845,Silver,35938.19,4,8984.55,Laptops,MacBook,Monthly
846,Bronze,128893.64,3,42964.55,Monitors,MSI,Quarterly
847,Silver,493347.71,5,98669.54,Laptops,MacBook,Monthly
848,Silver,7423.51,6,1237.25,Mice,Corsair,Monthly
849,Silver,53028.1,5,10605.62,Laptops,Dell,Monthly
850,Silver,320744.43,6,53457.41,Tablets,Samsung,Quarterly
851,Silver,251650.5,4,62912.62,Printers,HP,Weekly
852,Gold,74130.6,7,10590.09,Keyboards,Razer,Monthly
853,Bronze,29882.75,3,9960.92,Tablets,iPad,Bi-weekly
854,Silver,33419.31,4,8354.83,Laptops,HP,Weekly
855,Silver,82013.25,5,16402.65,Mice,Corsair,Weekly
856,Silver,139745.92,5,27949.18,Smartphones,OnePlus,Bi-weekly
857,Silver,221981.16,4,55495.29,Monitors,ASUS,Weekly
858,Bronze,57252.67,1,57252.67,Mice,Dell,Bi-weekly
859,Silver,161473.79,5,32294.76,Laptops,Lenovo,Weekly
860,Silver,206455.7,6,34409.28,Monitors,MSI,Weekly
861,Silver,341572.08,5,68314.42,Laptops,Lenovo,Monthly
862,Bronze,99094.75,3,33031.58,Laptops,Lenovo,Quarterly
863,Silver,37126.78,5,7425.36,Monitors,BenQ,Bi-weekly
864,Silver,92563.16,5,18512.63,Tablets,Samsung,Quarterly
865,Bronze,43401.61,1,43401.61,Tablets,Samsung,Weekly
866,Silver,10079.45,5,2015.89,Printers,Canon,Bi-weekly
867,Silver,105706.72,6,17617.79,Mice,Corsair,Monthly
868,Bronze,165875.81,3,55291.94,Mice,Logitech,Quarterly
869,Silver,5911.26,5,1182.25,Laptops,HP,Quarterly
870,Silver,181463.03,5,36292.61,Tablets,Samsung,Quarterly
871,Silver,177801.38,6,29633.56,Mice,Dell,Monthly
872,Silver,18148.82,5,3629.76,Printers,Canon,Weekly
873,Silver,7403.5,5,1480.7,Laptops,HP,Quarterly
874,Bronze,65927.72,3,21975.91,Tablets,iPad,Quarterly
875,Silver,19227.36,4,4806.84,Laptops,MacBook,Bi-weekly
876,Bronze,144018.25,1,144018.25,Monitors,ASUS,Bi-weekly
877,Silver,67859.76,4,16964.94,Monitors,LG,Quarterly
878,Gold,850012.5,8,106251.56,Smartphones,Poco,Weekly
879,Bronze,284846.66,3,94948.89,Smartphones,iPhone,Quarterly
880,Silver,51426.49,5,10285.3,Mice,Logitech,Monthly
881,Bronze,270167.25,3,90055.75,Monitors,Dell,Quarterly
882,Bronze,8406.9,1,8406.9,Smartphones,Xiaomi,Weekly
883,Silver,14874.16,4,3718.54,Smartphones,OnePlus,Quarterly
884,Silver,129895.37,6,21649.23,Mice,Logitech,Bi-weekly
885,Silver,13565.65,5,2713.13,Laptops,Dell,Quarterly
886,Gold,136239.22,8,17029.9,Printers,Canon,Quarterly
887,Gold,102180.95,7,14597.28,Laptops,MacBook,Bi-weekly
888,Silver,263793.75,4,65948.44,Tablets,iPad,Weekly
889,Gold,568225.17,8,71028.15,Keyboards,Corsair,Weekly
890,Gold,12433.35,7,1776.19,Keyboards,Razer,Bi-weekly
891,Silver,42482.09,4,10620.52,Laptops,Lenovo,Weekly
892,Silver,122951.26,6,20491.88,Monitors,BenQ,Bi-weekly
893,Silver,188191.79,6,31365.3,Smartphones,Xiaomi,Bi-weekly
894,Bronze,86743.7,2,43371.85,Printers,HP,Quarterly
895,Gold,134974.29,7,19282.04,Laptops,MacBook,Weekly
896,Silver,126022.59,4,31505.65,Monitors,BenQ,Quarterly
897,Silver,24899.33,6,4149.89,Smartphones,Realme,Quarterly
898,Bronze,1518.91,3,506.3,Tablets,iPad,Bi-weekly
899,Bronze,69103.76,3,23034.59,Tablets,Samsung,Weekly
900,Bronze,263630.46,3,87876.82,Printers,Canon,Bi-weekly
901,Silver,145039.79,4,36259.95,Printers,Canon,Weekly
902,Bronze,234032.24,3,78010.75,Monitors,MSI,Monthly
903,Silver,40494.51,4,10123.63,Printers,HP,Quarterly
904,Silver,296098.19,6,49349.7,Smartphones,Samsung,Weekly
905,Silver,54394.51,5,10878.9,Mice,Corsair,Weekly
906,Bronze,160442.45,3,53480.82,Printers,Canon,Bi-weekly
907,Silver,15392.39,5,3078.48,Mice,Dell,Weekly
908,Bronze,7656.62,1,7656.62,Laptops,Dell,Quarterly
909,Bronze,145053.4,2,72526.7,Monitors,BenQ,Monthly
910,Bronze,40288.05,3,13429.35,Keyboards,Razer,Weekly
911,Gold,295385.9,9,32820.66,Smartphones,OnePlus,Quarterly
912,Silver,23946.11,5,4789.22,Monitors,MSI,Quarterly
913,Silver,134837.5,6,22472.92,Mice,Logitech,Weekly
914,Bronze,106449.7,3,35483.23,Smartphones,Poco,Monthly
915,Bronze,26303.49,1,26303.49,Monitors,Dell,Weekly
916,Silver,301321.42,5,60264.28,Monitors,LG,Bi-weekly
917,Bronze,95966.43,3,31988.81,Printers,Canon,Weekly
918,Silver,279815.76,6,46635.96,Laptops,MacBook,Monthly
919,Bronze,391199.5,3,130399.83,Smartphones,Samsung,Weekly
920,Silver,138725.95,4,34681.49,Smartphones,Realme,Quarterly
921,Silver,183985.72,6,30664.29,Smartphones,Samsung,Weekly
922,Silver,199690.75,6,33281.79,Printers,HP,Bi-weekly
923,Bronze,4278.17,2,2139.09,Monitors,Dell,Quarterly
924,Silver,314011.04,4,78502.76,Keyboards,Logitech,Weekly
925,Bronze,193224.17,3,64408.06,Smartphones,Xiaomi,Bi-weekly
926,Silver,31892.4,6,5315.4,Printers,HP,Weekly
927,Silver,536314.0,5,107262.8,Smartphones,iPhone,Quarterly
928,Bronze,54179.06,3,18059.69,Mice,Logitech,Monthly
929,Bronze,77221.97,2,38610.98,Keyboards,Corsair,Weekly
930,Bronze,77262.49,1,77262.49,Mice,Corsair,Monthly
931,Bronze,140473.73,3,46824.58,Tablets,iPad,Weekly
932,Silver,64369.2,5,12873.84,Tablets,iPad,Quarterly
933,Silver,92500.15,5,18500.03,Smartphones,Xiaomi,Monthly
934,Silver,121609.12,4,30402.28,Mice,Corsair,Monthly
935,Bronze,45391.98,3,15130.66,Tablets,Samsung,Weekly
936,Silver,13848.75,4,3462.19,Keyboards,Corsair,Weekly
937,Bronze,154993.81,2,77496.9,Keyboards,Dell,Quarterly
938,Silver,194878.26,4,48719.56,Laptops,HP,Weekly
939,Silver,36884.78,4,9221.2,Mice,Dell,Bi-weekly
940,Bronze,110370.35,1,110370.35,Printers,Canon,Quarterly
941,Bronze,6472.5,1,6472.5,Printers,HP,Monthly
942,Silver,432288.11,6,72048.02,Smartphones,Poco,Bi-weekly
943,Bronze,271876.63,3,90625.54,Printers,Canon,Monthly
944,Bronze,78314.9,1,78314.9,Mice,Dell,Quarterly
945,Silver,60900.63,5,12180.13,Keyboards,Razer,Bi-weekly
946,Silver,14447.63,5,2889.53,Tablets,iPad,Quarterly
947,Bronze,29103.52,3,9701.17,Monitors,ASUS,Quarterly
948,Bronze,90909.75,3,30303.25,Mice,Logitech,Bi-weekly
949,Gold,871790.13,8,108973.77,Printers,Canon,Weekly
950,Gold,134862.25,7,19266.04,Printers,HP,Weekly
951,Bronze,121979.71,3,40659.9,Smartphones,Realme,Quarterly
952,Silver,8790.51,4,2197.63,Printers,Canon,Weekly
953,Silver,61062.39,4,15265.6,Printers,HP,Bi-weekly
954,Gold,287647.87,8,35955.98,Printers,HP,Bi-weekly
955,Gold,15392.97,8,1924.12,Keyboards,Razer,Bi-weekly
956,Silver,248192.6,5,49638.52,Smartphones,Poco,Monthly
957,Silver,102723.71,4,25680.93,Monitors,ASUS,Quarterly
958,Silver,180965.49,4,45241.37,Keyboards,Logitech,Monthly
959,Gold,227581.63,8,28447.7,Laptops,HP,Bi-weekly
960,Bronze,129623.06,3,43207.69,Mice,Logitech,Monthly
961,Silver,147282.59,4,36820.65,Monitors,ASUS,Bi-weekly
962,Bronze,21994.39,3,7331.46,Laptops,MacBook,Bi-weekly
963,Silver,354022.87,6,59003.81,Laptops,Lenovo,Bi-weekly
964,Silver,127950.04,5,25590.01,Mice,Corsair,Weekly
965,Silver,101793.78,4,25448.45,Monitors,Dell,Bi-weekly
966,Silver,82934.22,4,20733.56,Tablets,iPad,Bi-weekly
967,Silver,67850.77,4,16962.69,Tablets,Samsung,Monthly
968,Silver,91995.75,5,18399.15,Laptops,MacBook,Monthly
969,Bronze,56748.58,3,18916.19,Laptops,Lenovo,Monthly
970,Bronze,21892.64,3,7297.55,Smartphones,Realme,Bi-weekly
971,Silver,321163.2,4,80290.8,Monitors,LG,Monthly
972,Silver,128006.95,4,32001.74,Smartphones,Realme,Weekly
973,Silver,251745.16,4,62936.29,Monitors,MSI,Monthly
974,Gold,193466.53,10,19346.65,Tablets,iPad,Quarterly
975,Silver,397055.65,6,66175.94,Monitors,ASUS,Weekly
976,Bronze,144688.99,2,72344.5,Keyboards,Dell,Bi-weekly
977,Silver,26698.02,4,6674.51,Laptops,Dell,Weekly
978,Silver,249261.84,6,41543.64,Smartphones,iPhone,Bi-weekly
979,Gold,22838.16,7,3262.59,Laptops,HP,Bi-weekly
980,Silver,160233.68,6,26705.61,Printers,Canon,Quarterly
981,Bronze,14420.39,1,14420.39,Smartphones,Poco,Bi-weekly
982,Silver,97151.59,4,24287.9,Laptops,Lenovo,Bi-weekly
983,Silver,483429.16,5,96685.83,Keyboards,Razer,Quarterly
984,Silver,33702.95,6,5617.16,Mice,Dell,Monthly
985,Silver,98236.87,5,19647.37,Laptops,MacBook,Monthly
986,Silver,90624.61,4,22656.15,Keyboards,Logitech,Quarterly
987,Silver,40051.71,4,10012.93,Monitors,BenQ,Quarterly
988,Silver,132401.23,5,26480.25,Tablets,iPad,Quarterly
989,Bronze,35676.36,1,35676.36,Laptops,Dell,Bi-weekly
990,Silver,19067.84,5,3813.57,Monitors,LG,Quarterly
991,Gold,38062.44,7,5437.49,Printers,HP,Bi-weekly
992,Bronze,42479.26,1,42479.26,Laptops,Lenovo,Monthly
993,Bronze,736.62,2,368.31,Mice,Logitech,Monthly
994,Silver,261826.51,6,43637.75,Printers,Canon,Bi-weekly
995,Silver,205970.42,4,51492.61,Mice,Corsair,Monthly
996,Silver,116477.25,4,29119.31,Monitors,MSI,Quarterly
997,Silver,79170.27,5,15834.05,Monitors,ASUS,Quarterly
998,Silver,84427.69,4,21106.92,Laptops,MacBook,Bi-weekly
999,Bronze,5788.41,2,2894.2,Mice,Logitech,Bi-weekly
1000,Silver,98847.39,4,24711.85,Keyboards,Logitech,Bi-weekly
1001,Silver,346504.21,6,57750.7,Laptops,HP,Monthly
1002,Silver,357648.56,6,59608.09,Smartphones,Poco,Quarterly
1003,Bronze,152738.54,3,50912.85,Printers,Canon,Weekly
1004,Silver,87735.76,6,14622.63,Laptops,MacBook,Monthly
1005,Silver,524772.68,4,131193.17,Tablets,Samsung,Bi-weekly
1006,Silver,92013.25,6,15335.54,Monitors,LG,Bi-weekly
1007,Bronze,104377.13,3,34792.38,Printers,Canon,Quarterly
1008,Gold,184690.49,8,23086.31,Tablets,Samsung,Quarterly
1009,Bronze,78572.52,1,78572.52,Printers,Canon,Quarterly
1010,Silver,272468.54,4,68117.14,Tablets,Samsung,Monthly
1011,Silver,221631.67,4,55407.92,Keyboards,Dell,Quarterly
1012,Bronze,73078.68,3,24359.56,Smartphones,Samsung,Quarterly
1013,Gold,74503.34,7,10643.33,Monitors,Dell,Weekly
1014,Silver,104013.89,4,26003.47,Mice,Logitech,Monthly
1015,Gold,172048.93,9,19116.55,Tablets,Samsung,Monthly
1016,Silver,283288.95,5,56657.79,Printers,HP,Weekly
1017,Bronze,134017.55,2,67008.77,Mice,Logitech,Monthly
1018,Silver,588654.15,5,117730.83,Mice,Logitech,Quarterly
1019,Silver,332694.89,4,83173.72,Mice,Dell,Monthly
1020,Bronze,19326.11,1,19326.11,Mice,Logitech,Bi-weekly
1021,Silver,37451.12,5,7490.22,Laptops,MacBook,Bi-weekly
1022,Bronze,4370.86,1,4370.86,Laptops,HP,Weekly
1023,Bronze,333104.15,3,111034.72,Smartphones,iPhone,Weekly
1024,Silver,47138.51,4,11784.63,Laptops,Lenovo,Weekly
1025,Silver,18648.6,4,4662.15,Laptops,HP,Quarterly
1026,Silver,347197.01,6,57866.17,Laptops,Dell,Bi-weekly
1027,Gold,148797.71,9,16533.08,Keyboards,Corsair,Monthly
1028,Bronze,168135.1,3,56045.03,Keyboards,Dell,Bi-weekly
1029,Gold,7265.62,8,908.2,Keyboards,Corsair,Weekly
1030,Silver,265024.4,6,44170.73,Mice,Logitech,Monthly
1031,Bronze,22233.09,3,7411.03,Smartphones,iPhone,Monthly
1032,Bronze,93716.73,1,93716.73,Tablets,iPad,Bi-weekly
1033,Silver,70337.1,6,11722.85,Printers,HP,Bi-weekly
1034,Bronze,196720.36,3,65573.45,Printers,Canon,Bi-weekly
1035,Bronze,1991.26,1,1991.26,Printers,HP,Bi-weekly
1036,Bronze,132876.24,1,132876.24,Mice,Logitech,Bi-weekly
1037,Silver,89988.41,4,22497.1,Printers,Canon,Quarterly
1038,Silver,1177432.09,6,196238.68,Keyboards,Razer,Weekly
1039,Silver,11013.04,5,2202.61,Laptops,Lenovo,Monthly
1040,Bronze,233064.41,3,77688.14,Laptops,Dell,Quarterly
1041,Silver,161857.92,5,32371.58,Laptops,HP,Bi-weekly
1042,Silver,108610.1,4,27152.52,Smartphones,Xiaomi,Quarterly
1043,Bronze,180909.98,2,90454.99,Smartphones,Poco,Bi-weekly
1044,Gold,38683.43,7,5526.2,Keyboards,Dell,Quarterly
1045,Bronze,56120.5,3,18706.83,Tablets,Samsung,Bi-weekly
1046,Silver,70642.11,5,14128.42,Laptops,Lenovo,Quarterly
1047,Gold,52555.28,8,6569.41,Mice,Logitech,Monthly
1048,Silver,176662.76,4,44165.69,Keyboards,Dell,Quarterly
1049,Silver,255346.01,6,42557.67,Monitors,LG,Bi-weekly
1050,Silver,149714.88,4,37428.72,Printers,Canon,Quarterly
1051,Bronze,8452.01,3,2817.34,Mice,Dell,Bi-weekly
1052,Bronze,12357.87,3,4119.29,Laptops,Dell,Monthly
1053,Bronze,114020.6,1,114020.6,Mice,Dell,Bi-weekly
1054,Silver,43396.2,5,8679.24,Mice,Dell,Weekly
1055,Gold,922605.11,8,115325.64,Laptops,HP,Monthly
1056,Bronze,16461.38,3,5487.13,Laptops,Lenovo,Monthly
1057,Silver,127272.1,5,25454.42,Keyboards,Razer,Weekly
1058,Silver,2721.89,5,544.38,Printers,HP,Quarterly
1059,Bronze,9484.34,3,3161.45,Keyboards,Logitech,Bi-weekly
1060,Silver,499764.41,6,83294.07,Monitors,LG,Quarterly
1061,Bronze,85083.72,2,42541.86,Keyboards,Razer,Quarterly
1062,Silver,108757.21,4,27189.3,Tablets,Samsung,Weekly
1063,Silver,22342.93,5,4468.59,Tablets,iPad,Quarterly
1064,Gold,296569.73,8,37071.22,Laptops,Dell,Weekly
1065,Bronze,14292.67,2,7146.34,Laptops,Dell,Monthly
1066,Bronze,67661.41,3,22553.8,Keyboards,Corsair,Quarterly
1067,Gold,589116.79,8,73639.6,Laptops,Lenovo,Monthly
1068,Gold,1042813.84,7,148973.41,Keyboards,Dell,Weekly
1069,Gold,358236.62,7,51176.66,Tablets,iPad,Weekly
1070,Gold,63839.56,9,7093.28,Smartphones,iPhone,Monthly
1071,Silver,280804.22,6,46800.7,Mice,Logitech,Quarterly
1072,Bronze,41470.93,2,20735.47,Tablets,iPad,Weekly
1073,Bronze,28793.61,1,28793.61,Laptops,Dell,Weekly
1074,Silver,88315.03,4,22078.76,Printers,HP,Monthly
1075,Gold,203265.7,7,29037.96,Monitors,ASUS,Monthly
1076,Bronze,16052.71,2,8026.35,Smartphones,Samsung,Quarterly
1077,Bronze,24992.92,3,8330.97,Monitors,LG,Weekly
1078,Silver,265023.15,5,53004.63,Mice,Logitech,Bi-weekly
1079,Silver,175355.04,4,43838.76,Smartphones,Realme,Weekly
1080,Bronze,932.67,1,932.67,Tablets,Samsung,Monthly
1081,Silver,394384.31,5,78876.86,Keyboards,Corsair,Weekly
1082,Silver,206990.49,5,41398.1,Tablets,Samsung,Bi-weekly
1083,Silver,195634.74,6,32605.79,Mice,Corsair,Monthly
1084,Bronze,178504.05,2,89252.02,Tablets,iPad,Bi-weekly
1085,Bronze,74108.3,2,37054.15,Keyboards,Logitech,Weekly
1086,Gold,1791538.92,8,223942.36,Keyboards,Razer,Bi-weekly
1087,Bronze,196100.29,2,98050.14,Keyboards,Razer,Weekly
1088,Bronze,143868.47,2,71934.24,Keyboards,Logitech,Monthly
1089,Silver,81336.08,5,16267.22,Laptops,HP,Bi-weekly
1090,Gold,538504.74,7,76929.25,Smartphones,Poco,Quarterly
1091,Bronze,82089.2,1,82089.2,Laptops,MacBook,Bi-weekly
1092,Bronze,10144.08,3,3381.36,Printers,Canon,Weekly
1093,Silver,420276.84,5,84055.37,Keyboards,Dell,Monthly
1094,Silver,473783.61,6,78963.93,Printers,Canon,Quarterly
1095,Silver,140082.68,5,28016.54,Laptops,HP,Weekly
1096,Bronze,5560.51,1,5560.51,Smartphones,Xiaomi,Bi-weekly
1097,Silver,274561.82,6,45760.3,Laptops,MacBook,Weekly
1098,Silver,290169.99,4,72542.5,Printers,Canon,Weekly
1099,Silver,521560.09,4,130390.02,Monitors,Dell,Monthly
1100,Gold,87487.79,8,10935.97,Laptops,Dell,Bi-weekly
1101,Silver,94191.17,6,15698.53,Smartphones,iPhone,Quarterly
1102,Gold,436155.02,7,62307.86,Laptops,Lenovo,Bi-weekly
1103,Bronze,63457.93,2,31728.96,Printers,Canon,Monthly
1104,Silver,433798.94,6,72299.82,Tablets,Samsung,Bi-weekly
1105,Silver,440484.6,6,73414.1,Smartphones,Samsung,Quarterly
1106,Silver,120084.12,6,20014.02,Laptops,Lenovo,Weekly
1107,Gold,472786.59,8,59098.32,Keyboards,Razer,Weekly
1108,Bronze,181440.15,3,60480.05,Monitors,MSI,Bi-weekly
1109,Silver,194749.1,4,48687.28,Laptops,Dell,Quarterly
1110,Silver,70723.94,6,11787.32,Laptops,Dell,Weekly
1111,Gold,198539.06,7,28362.72,Keyboards,Logitech,Quarterly
1112,Silver,199311.01,5,39862.2,Laptops,Dell,Monthly
1113,Silver,111001.23,4,27750.31,Keyboards,Razer,Quarterly
1114,Silver,219465.16,4,54866.29,Keyboards,Dell,Quarterly
1115,Silver,173879.92,5,34775.98,Laptops,MacBook,Quarterly
1116,Silver,92758.54,5,18551.71,Laptops,HP,Bi-weekly
1117,Gold,40964.6,8,5120.57,Smartphones,Samsung,Quarterly
1118,Silver,147571.3,5,29514.26,Monitors,LG,Weekly
1119,Silver,439816.89,6,73302.81,Laptops,Dell,Bi-weekly
1120,Silver,332606.33,5,66521.27,Tablets,iPad,Quarterly
1121,Silver,1430665.37,6,238444.23,Smartphones,Samsung,Bi-weekly
1122,Bronze,29980.56,2,14990.28,Smartphones,Samsung,Monthly
1123,Silver,221886.51,5,44377.3,Laptops,Dell,Bi-weekly
1124,Bronze,73807.11,2,36903.56,Mice,Corsair,Weekly
1125,Bronze,220363.35,3,73454.45,Monitors,LG,Weekly
1126,Silver,417196.9,4,104299.23,Laptops,HP,Monthly
1127,Bronze,157881.73,2,78940.87,Laptops,HP,Monthly
1128,Silver,228544.26,5,45708.85,Monitors,LG,Quarterly
1129,Silver,116118.96,5,23223.79,Printers,Canon,Quarterly
1130,Silver,149867.19,5,29973.44,Tablets,Samsung,Bi-weekly
1131,Silver,176106.86,4,44026.72,Printers,Canon,Weekly
1132,Silver,130272.14,4,32568.03,Laptops,HP,Bi-weekly
1133,Bronze,16180.03,1,16180.03,Keyboards,Dell,Weekly
1134,Silver,163550.39,4,40887.6,Monitors,LG,Bi-weekly
1135,Bronze,46207.07,3,15402.36,Tablets,iPad,Weekly
1136,Silver,168460.05,5,33692.01,Tablets,Samsung,Quarterly
1137,Silver,335912.32,6,55985.39,Laptops,Dell,Weekly
1138,Gold,531076.94,7,75868.13,Mice,Corsair,Monthly
1139,Gold,99474.33,7,14210.62,Printers,HP,Monthly
1140,Bronze,144525.36,2,72262.68,Mice,Corsair,Weekly
1141,Silver,352484.76,6,58747.46,Smartphones,OnePlus,Monthly
1142,Silver,172491.75,5,34498.35,Laptops,HP,Monthly
1143,Silver,68945.92,5,13789.18,Mice,Dell,Monthly
1144,Silver,129737.86,4,32434.46,Printers,HP,Monthly
1145,Bronze,175368.39,3,58456.13,Laptops,HP,Bi-weekly
1146,Gold,21030.41,7,3004.34,Mice,Dell,Weekly
1147,Bronze,171285.07,2,85642.53,Tablets,Samsung,Monthly
1148,Silver,233936.31,5,46787.26,Laptops,MacBook,Quarterly
1149,Gold,397519.62,8,49689.95,Monitors,ASUS,Monthly
1150,Silver,193882.27,6,32313.71,Keyboards,Logitech,Quarterly
1151,Silver,2556.89,4,639.22,Monitors,Dell,Monthly
1152,Bronze,9015.51,3,3005.17,Mice,Dell,Weekly
1153,Silver,237658.22,5,47531.64,Smartphones,OnePlus,Monthly
1154,Bronze,320547.53,3,106849.18,Keyboards,Dell,Quarterly
1155,Silver,560055.99,6,93342.67,Monitors,MSI,Monthly
1156,Silver,513405.13,4,128351.28,Smartphones,Xiaomi,Weekly
1157,Silver,21995.74,6,3665.96,Tablets,iPad,Monthly
1158,Silver,173421.19,5,34684.24,Monitors,BenQ,Quarterly
1159,Bronze,17190.87,3,5730.29,Monitors,BenQ,Quarterly
1160,Bronze,14418.16,1,14418.16,Monitors,LG,Weekly
1161,Gold,236076.52,10,23607.65,Keyboards,Razer,Bi-weekly
1162,Silver,512322.67,6,85387.11,Smartphones,OnePlus,Bi-weekly
1163,Silver,2928.16,5,585.63,Monitors,BenQ,Monthly
1164,Bronze,129253.77,3,43084.59,Smartphones,iPhone,Weekly
1165,Silver,94971.06,5,18994.21,Keyboards,Razer,Bi-weekly
1166,Bronze,234161.33,3,78053.78,Printers,HP,Weekly
1167,Silver,62667.19,6,10444.53,Tablets,Samsung,Bi-weekly
1168,Gold,204473.98,7,29210.57,Keyboards,Dell,Bi-weekly
1169,Bronze,27207.43,2,13603.72,Keyboards,Logitech,Monthly
1170,Silver,100428.19,6,16738.03,Printers,Canon,Bi-weekly
1171,Bronze,90880.42,2,45440.21,Monitors,Dell,Weekly
1172,Bronze,126757.41,3,42252.47,Laptops,Dell,Quarterly
1173,Silver,31774.33,5,6354.87,Keyboards,Razer,Monthly
1174,Silver,9252.93,6,1542.16,Printers,Canon,Quarterly
1175,Bronze,133236.22,3,44412.07,Monitors,MSI,Monthly
1176,Bronze,77122.05,1,77122.05,Tablets,Samsung,Quarterly
1177,Gold,87492.89,8,10936.61,Laptops,HP,Bi-weekly
1178,Bronze,20900.7,2,10450.35,Tablets,iPad,Weekly
1179,Bronze,117498.94,3,39166.31,Smartphones,Poco,Monthly
1180,Silver,155735.02,5,31147.0,Smartphones,iPhone,Monthly
1181,Silver,144197.15,6,24032.86,Monitors,Dell,Weekly
1182,Bronze,67197.79,1,67197.79,Keyboards,Razer,Bi-weekly
1183,Gold,62033.51,9,6892.61,Laptops,Lenovo,Bi-weekly
1184,Bronze,243997.74,3,81332.58,Tablets,iPad,Bi-weekly
1185,Silver,261861.65,5,52372.33,Tablets,iPad,Weekly
1186,Bronze,81749.0,3,27249.67,Printers,HP,Monthly
1187,Bronze,10077.92,2,5038.96,Tablets,Samsung,Quarterly
1188,Silver,34873.11,6,5812.19,Mice,Corsair,Bi-weekly
1189,Silver,173292.33,4,43323.08,Smartphones,Samsung,Monthly
1190,Silver,205268.99,6,34211.5,Keyboards,Dell,Weekly
1191,Bronze,434075.1,3,144691.7,Laptops,Dell,Monthly
1192,Bronze,73244.16,2,36622.08,Tablets,Samsung,Quarterly
1193,Silver,563282.49,5,112656.5,Printers,HP,Bi-weekly
1194,Silver,137335.23,6,22889.21,Monitors,LG,Bi-weekly
1195,Silver,7328.23,4,1832.06,Monitors,ASUS,Weekly
1196,Bronze,13266.29,3,4422.1,Tablets,iPad,Bi-weekly
1197,Silver,77467.12,4,19366.78,Laptops,HP,Bi-weekly
1198,Silver,77258.24,6,12876.37,Monitors,BenQ,Monthly
1199,Silver,134909.67,5,26981.93,Monitors,BenQ,Weekly
1200,Silver,518924.73,6,86487.45,Laptops,Dell,Bi-weekly
1201,Silver,243492.15,4,60873.04,Tablets,Samsung,Weekly
1202,Gold,44693.24,8,5586.66,Mice,Dell,Weekly
1203,Silver,21996.0,6,3666.0,Tablets,Samsung,Monthly
1204,Gold,14155.78,7,2022.25,Laptops,MacBook,Weekly
1205,Bronze,117220.15,2,58610.07,Monitors,LG,Weekly
1206,Bronze,22925.38,1,22925.38,Keyboards,Dell,Monthly
1207,Gold,106345.19,7,15192.17,Tablets,Samsung,Bi-weekly
1208,Bronze,118456.35,2,59228.17,Monitors,MSI,Weekly
1209,Bronze,58656.91,1,58656.91,Laptops,Dell,Bi-weekly
1210,Gold,33617.8,7,4802.54,Printers,Canon,Weekly
1211,Bronze,17810.19,1,17810.19,Keyboards,Razer,Bi-weekly
1212,Silver,37621.35,4,9405.34,Laptops,MacBook,Weekly
1213,Gold,42513.35,7,6073.34,Tablets,Samsung,Monthly
1214,Silver,101816.53,6,16969.42,Mice,Logitech,Monthly
1215,Gold,332587.41,9,36954.16,Mice,Logitech,Quarterly
1216,Silver,55959.72,5,11191.94,Mice,Corsair,Bi-weekly
1217,Silver,72669.39,6,12111.56,Smartphones,Samsung,Monthly
1218,Gold,1297376.57,8,162172.07,Printers,HP,Monthly
1219,Bronze,1528.72,2,764.36,Smartphones,Samsung,Weekly
1220,Bronze,49402.13,1,49402.13,Printers,Canon,Monthly
1221,Bronze,56061.29,1,56061.29,Smartphones,Samsung,Quarterly
1222,Bronze,183870.85,3,61290.28,Printers,HP,Monthly
1223,Silver,215622.95,5,43124.59,Monitors,ASUS,Weekly
1224,Bronze,45372.55,3,15124.18,Smartphones,Xiaomi,Weekly
1225,Bronze,118468.87,3,39489.62,Monitors,LG,Bi-weekly
1226,Bronze,101913.84,2,50956.92,Tablets,Samsung,Bi-weekly
1227,Silver,754692.68,4,188673.17,Monitors,BenQ,Quarterly
1228,Bronze,11627.02,3,3875.67,Tablets,iPad,Monthly
1229,Gold,658399.87,9,73155.54,Monitors,Dell,Monthly
1230,Bronze,195106.74,3,65035.58,Smartphones,OnePlus,Bi-weekly
1231,Gold,628649.99,7,89807.14,Smartphones,Samsung,Quarterly
1232,Silver,96945.61,4,24236.4,Keyboards,Corsair,Monthly
1233,Silver,349990.01,5,69998.0,Tablets,iPad,Bi-weekly
1234,Bronze,37757.53,1,37757.53,Smartphones,Poco,Monthly
1235,Silver,18515.93,4,4628.98,Mice,Logitech,Bi-weekly
1236,Silver,85073.15,5,17014.63,Mice,Corsair,Quarterly
1237,Silver,122106.67,5,24421.33,Mice,Dell,Weekly
1238,Silver,5067.39,4,1266.85,Monitors,ASUS,Quarterly
1239,Silver,115621.67,5,23124.33,Monitors,BenQ,Monthly
1240,Bronze,178360.68,3,59453.56,Keyboards,Dell,Monthly
1241,Gold,106882.07,10,10688.21,Monitors,MSI,Monthly
1242,Bronze,45457.13,2,22728.56,Tablets,Samsung,Monthly
1243,Silver,539399.31,4,134849.83,Laptops,MacBook,Weekly
1244,Silver,135282.69,4,33820.67,Tablets,iPad,Bi-weekly
1245,Silver,201087.65,4,50271.91,Keyboards,Corsair,Weekly
1246,Bronze,112848.04,3,37616.01,Smartphones,Xiaomi,Monthly
1247,Bronze,79877.28,3,26625.76,Smartphones,OnePlus,Weekly
1248,Silver,357535.29,4,89383.82,Tablets,Samsung,Quarterly
1249,Silver,85994.87,4,21498.72,Keyboards,Razer,Bi-weekly
1250,Silver,140583.67,6,23430.61,Printers,HP,Bi-weekly
1251,Silver,34664.75,6,5777.46,Printers,HP,Bi-weekly
1252,Silver,92986.8,4,23246.7,Monitors,ASUS,Weekly
1253,Bronze,197622.9,3,65874.3,Monitors,MSI,Monthly
1254,Gold,259644.82,7,37092.12,Laptops,Lenovo,Monthly
1255,Gold,61597.34,7,8799.62,Keyboards,Logitech,Bi-weekly
1256,Gold,5103.08,7,729.01,Keyboards,Dell,Bi-weekly
1257,Bronze,39497.72,3,13165.91,Keyboards,Razer,Quarterly
1258,Silver,379046.78,6,63174.46,Printers,Canon,Monthly
1259,Bronze,10039.5,2,5019.75,Keyboards,Razer,Quarterly
1260,Silver,73013.93,6,12168.99,Printers,HP,Weekly
1261,Silver,63855.08,6,10642.51,Keyboards,Razer,Weekly
1262,Gold,437786.48,7,62540.93,Printers,Canon,Bi-weekly
1263,Silver,100918.14,5,20183.63,Smartphones,Samsung,Bi-weekly
1264,Silver,291792.88,6,48632.15,Smartphones,iPhone,Monthly
1265,Bronze,96125.67,3,32041.89,Tablets,Samsung,Monthly
1266,Silver,91115.85,5,18223.17,Tablets,iPad,Monthly
1267,Bronze,208337.46,3,69445.82,Smartphones,OnePlus,Bi-weekly
1268,Silver,32375.55,6,5395.93,Tablets,Samsung,Bi-weekly
1269,Gold,209311.95,8,26163.99,Mice,Logitech,Weekly
1270,Silver,72205.21,4,18051.3,Mice,Dell,Monthly
1271,Bronze,9158.32,2,4579.16,Mice,Dell,Monthly
1272,Silver,243928.14,6,40654.69,Laptops,MacBook,Bi-weekly
1273,Silver,35309.64,4,8827.41,Tablets,Samsung,Monthly
1274,Silver,1313576.32,6,218929.39,Monitors,LG,Quarterly
1275,Bronze,88964.98,3,29654.99,Smartphones,OnePlus,Quarterly
1276,Bronze,11618.99,2,5809.5,Printers,HP,Bi-weekly
1277,Bronze,9291.54,1,9291.54,Printers,Canon,Quarterly
1278,Bronze,93436.99,2,46718.49,Tablets,iPad,Quarterly
1279,Silver,50955.32,6,8492.55,Smartphones,Samsung,Weekly
1280,Silver,235872.14,4,58968.03,Laptops,Dell,Weekly
1281,Silver,126067.89,5,25213.58,Printers,Canon,Monthly
1282,Silver,163203.18,5,32640.64,Monitors,Dell,Weekly
1283,Bronze,66194.69,2,33097.35,Printers,HP,Bi-weekly
1284,Bronze,130495.72,2,65247.86,Mice,Corsair,Bi-weekly
1285,Silver,547387.82,6,91231.3,Tablets,Samsung,Bi-weekly
1286,Bronze,57328.54,1,57328.54,Keyboards,Dell,Monthly
1287,Gold,63529.91,7,9075.7,Keyboards,Dell,Weekly
1288,Silver,127059.31,4,31764.83,Keyboards,Razer,Monthly
1289,Gold,30047.33,7,4292.48,Printers,HP,Bi-weekly
1290,Bronze,32391.25,2,16195.63,Tablets,Samsung,Weekly
1291,Silver,176325.89,4,44081.47,Monitors,MSI,Monthly
1292,Silver,614396.79,4,153599.2,Smartphones,OnePlus,Bi-weekly
1293,Silver,45434.0,4,11358.5,Printers,HP,Quarterly
1294,Silver,110165.4,4,27541.35,Smartphones,OnePlus,Monthly
1295,Bronze,1778.55,2,889.27,Laptops,Dell,Quarterly
1296,Gold,18137.15,7,2591.02,Keyboards,Logitech,Bi-weekly
1297,Silver,17325.59,6,2887.6,Smartphones,Realme,Quarterly
1298,Gold,13691.56,10,1369.16,Laptops,HP,Weekly
1299,Silver,4288.47,4,1072.12,Tablets,Samsung,Bi-weekly
1300,Silver,32752.98,6,5458.83,Smartphones,Xiaomi,Weekly
1301,Silver,18583.79,6,3097.3,Monitors,MSI,Bi-weekly
1302,Silver,19588.26,5,3917.65,Printers,HP,Weekly
1303,Gold,589318.62,8,73664.83,Smartphones,Poco,Bi-weekly
1304,Gold,5736.86,7,819.55,Laptops,Lenovo,Bi-weekly
1305,Bronze,147998.6,3,49332.87,Mice,Dell,Monthly
1306,Silver,113659.6,4,28414.9,Tablets,iPad,Bi-weekly
1307,Silver,163444.82,4,40861.2,Tablets,iPad,Weekly
1308,Silver,468066.84,6,78011.14,Monitors,LG,Monthly
1309,Silver,190633.0,4,47658.25,Printers,Canon,Bi-weekly
1310,Bronze,89306.85,2,44653.43,Monitors,BenQ,Quarterly
1311,Gold,638975.18,8,79871.9,Printers,HP,Bi-weekly
1312,Silver,21678.52,4,5419.63,Smartphones,Samsung,Bi-weekly
1313,Silver,99319.39,4,24829.85,Printers,Canon,Bi-weekly
1314,Silver,205803.69,6,34300.61,Monitors,BenQ,Quarterly
1315,Silver,47569.06,6,7928.18,Mice,Logitech,Monthly
1316,Silver,5340.21,4,1335.05,Smartphones,OnePlus,Monthly
1317,Gold,183435.4,8,22929.42,Keyboards,Logitech,Quarterly
1318,Silver,52990.02,4,13247.5,Printers,HP,Weekly
1319,Gold,210103.11,7,30014.73,Keyboards,Razer,Quarterly
1320,Silver,374400.79,6,62400.13,Mice,Logitech,Bi-weekly
1321,Gold,20774.37,8,2596.8,Mice,Logitech,Weekly
1322,Silver,139081.15,4,34770.29,Smartphones,Xiaomi,Bi-weekly
1323,Bronze,25986.06,2,12993.03,Smartphones,Samsung,Monthly
1324,Silver,37429.22,5,7485.84,Mice,Corsair,Monthly
1325,Silver,59664.9,5,11932.98,Printers,Canon,Quarterly
1326,Silver,101692.73,4,25423.18,Mice,Corsair,Bi-weekly
1327,Silver,22537.47,6,3756.24,Tablets,Samsung,Bi-weekly
1328,Silver,469094.67,6,78182.44,Printers,Canon,Monthly
1329,Silver,76252.37,5,15250.47,Mice,Corsair,Bi-weekly
1330,Silver,46964.23,5,9392.85,Printers,Canon,Monthly
1331,Silver,13757.11,5,2751.42,Tablets,iPad,Quarterly
1332,Silver,68992.33,4,17248.08,Tablets,iPad,Monthly
1333,Silver,497040.36,4,124260.09,Laptops,Dell,Monthly
1334,Silver,114061.35,6,19010.23,Keyboards,Dell,Quarterly
1335,Bronze,31062.1,3,10354.03,Printers,HP,Weekly
1336,Silver,328301.2,4,82075.3,Mice,Logitech,Weekly
1337,Silver,141761.9,4,35440.47,Monitors,ASUS,Monthly
1338,Silver,37076.27,4,9269.07,Monitors,LG,Weekly
1339,Bronze,12047.6,1,12047.6,Keyboards,Razer,Bi-weekly
1340,Silver,369653.41,6,61608.9,Mice,Corsair,Monthly
1341,Silver,284845.42,6,47474.24,Mice,Corsair,Quarterly
1342,Silver,35268.44,4,8817.11,Laptops,MacBook,Quarterly
1343,Silver,96105.62,6,16017.6,Printers,HP,Monthly
1344,Bronze,12788.5,3,4262.83,Tablets,Samsung,Monthly
1345,Silver,55913.57,4,13978.39,Tablets,Samsung,Weekly
1346,Bronze,45217.29,1,45217.29,Laptops,Lenovo,Bi-weekly
1347,Silver,212064.83,5,42412.97,Monitors,BenQ,Monthly
1348,Silver,5796.9,4,1449.22,Mice,Corsair,Weekly
1349,Silver,3640.52,5,728.1,Printers,HP,Weekly
1350,Silver,41117.72,5,8223.54,Smartphones,OnePlus,Quarterly
1351,Silver,111215.41,5,22243.08,Keyboards,Dell,Monthly
1352,Gold,1003460.78,7,143351.54,Tablets,Samsung,Weekly
1353,Silver,247410.55,4,61852.64,Printers,Canon,Quarterly
1354,Bronze,24625.53,3,8208.51,Tablets,iPad,Bi-weekly
1355,Bronze,233551.31,3,77850.44,Monitors,BenQ,Monthly
1356,Bronze,7106.55,1,7106.55,Keyboards,Logitech,Quarterly
1357,Gold,47742.0,7,6820.29,Laptops,Dell,Quarterly
1358,Bronze,60812.46,1,60812.46,Printers,HP,Monthly
1359,Silver,553948.72,4,138487.18,Laptops,HP,Monthly
1360,Bronze,93532.32,3,31177.44,Monitors,BenQ,Monthly
1361,Gold,94073.92,7,13439.13,Keyboards,Dell,Bi-weekly
1362,Silver,258318.97,6,43053.16,Monitors,MSI,Monthly
1363,Bronze,194681.22,3,64893.74,Keyboards,Corsair,Monthly
1364,Silver,182085.56,4,45521.39,Smartphones,OnePlus,Monthly
1365,Silver,236567.85,4,59141.96,Laptops,HP,Monthly
1366,Silver,230303.29,5,46060.66,Tablets,Samsung,Quarterly
1367,Bronze,31238.36,1,31238.36,Laptops,Lenovo,Quarterly
1368,Silver,30723.0,4,7680.75,Smartphones,iPhone,Monthly
1369,Silver,394746.85,5,78949.37,Monitors,BenQ,Bi-weekly
1370,Silver,55693.65,4,13923.41,Smartphones,Xiaomi,Quarterly
1371,Silver,234053.52,4,58513.38,Laptops,Dell,Weekly
1372,Silver,29675.63,5,5935.13,Laptops,HP,Bi-weekly
1373,Silver,172715.93,6,28785.99,Keyboards,Dell,Monthly
1374,Silver,183952.84,5,36790.57,Tablets,Samsung,Weekly
1375,Bronze,31308.99,1,31308.99,Laptops,Dell,Bi-weekly
1376,Silver,271.29,5,54.26,Mice,Logitech,Weekly
1377,Silver,315992.55,4,78998.14,Keyboards,Logitech,Quarterly
1378,Bronze,6628.78,2,3314.39,Laptops,Lenovo,Quarterly
1379,Silver,503893.54,6,83982.26,Smartphones,Xiaomi,Weekly
1380,Silver,373083.75,4,93270.94,Keyboards,Dell,Bi-weekly
1381,Gold,512306.9,9,56922.99,Laptops,MacBook,Weekly
1382,Silver,39690.09,5,7938.02,Tablets,Samsung,Weekly
1383,Silver,202355.99,5,40471.2,Monitors,Dell,Weekly
1384,Silver,66664.56,5,13332.91,Keyboards,Logitech,Monthly
1385,Silver,54909.66,5,10981.93,Keyboards,Logitech,Weekly
1386,Silver,397287.69,6,66214.61,Tablets,iPad,Monthly
1387,Silver,112471.14,4,28117.79,Printers,HP,Quarterly
1388,Silver,77327.98,6,12888.0,Laptops,HP,Weekly
1389,Silver,137194.17,5,27438.83,Monitors,Dell,Weekly
1390,Silver,38474.17,4,9618.54,Monitors,ASUS,Monthly
1391,Bronze,258979.66,2,129489.83,Printers,HP,Weekly
1392,Silver,123263.04,4,30815.76,Smartphones,Xiaomi,Monthly
1393,Bronze,84951.42,1,84951.42,Printers,HP,Monthly
1394,Bronze,214031.68,2,107015.84,Smartphones,Realme,Bi-weekly
1395,Bronze,147322.69,3,49107.56,Tablets,iPad,Bi-weekly
1396,Bronze,29981.46,3,9993.82,Monitors,Dell,Monthly
1397,Silver,5577.89,4,1394.47,Monitors,LG,Monthly
1398,Bronze,61038.45,2,30519.22,Mice,Corsair,Weekly
1399,Silver,330215.64,5,66043.13,Smartphones,OnePlus,Bi-weekly
1400,Bronze,43109.51,2,21554.76,Keyboards,Logitech,Bi-weekly
1401,Silver,40360.09,4,10090.02,Laptops,MacBook,Quarterly
1402,Bronze,957.53,2,478.77,Smartphones,iPhone,Quarterly
1403,Silver,186158.82,5,37231.76,Monitors,ASUS,Quarterly
1404,Silver,123050.56,5,24610.11,Smartphones,iPhone,Weekly
1405,Bronze,46806.31,3,15602.1,Printers,Canon,Weekly
1406,Bronze,239012.59,3,79670.86,Keyboards,Logitech,Bi-weekly
1407,Bronze,154300.36,3,51433.45,Printers,Canon,Bi-weekly
1408,Silver,527832.22,6,87972.04,Mice,Corsair,Quarterly
1409,Silver,6426.15,5,1285.23,Laptops,MacBook,Quarterly
1410,Silver,224170.8,4,56042.7,Monitors,LG,Monthly
1411,Silver,571551.6,5,114310.32,Monitors,Dell,Weekly
1412,Gold,93581.76,7,13368.82,Tablets,iPad,Weekly
1413,Silver,328395.13,5,65679.03,Mice,Logitech,Weekly
1414,Silver,99217.7,5,19843.54,Tablets,iPad,Weekly
1415,Bronze,66639.21,3,22213.07,Keyboards,Logitech,Bi-weekly
1416,Silver,8870.63,4,2217.66,Monitors,LG,Monthly
1417,Silver,32397.77,5,6479.55,Keyboards,Razer,Weekly
1418,Bronze,22877.12,3,7625.71,Keyboards,Corsair,Monthly
1419,Gold,67196.77,7,9599.54,Mice,Dell,Bi-weekly
1420,Bronze,14465.64,3,4821.88,Monitors,LG,Bi-weekly
1421,Bronze,34350.61,3,11450.2,Printers,Canon,Weekly
1422,Silver,101685.44,5,20337.09,Mice,Corsair,Weekly
1423,Bronze,224835.9,3,74945.3,Mice,Logitech,Quarterly
1424,Silver,21615.76,4,5403.94,Printers,Canon,Bi-weekly
1425,Bronze,39182.05,3,13060.68,Monitors,MSI,Bi-weekly
1426,Gold,103435.97,7,14776.57,Printers,Canon,Weekly
1427,Silver,96316.97,4,24079.24,Printers,HP,Bi-weekly
1428,Silver,9524.03,4,2381.01,Smartphones,OnePlus,Bi-weekly
1429,Silver,78160.95,5,15632.19,Laptops,Lenovo,Bi-weekly
1430,Silver,103591.74,4,25897.93,Monitors,MSI,Monthly
1431,Gold,50844.46,8,6355.56,Keyboards,Corsair,Quarterly
1432,Silver,292083.72,5,58416.74,Smartphones,OnePlus,Quarterly
1433,Bronze,131814.3,3,43938.1,Keyboards,Dell,Bi-weekly
1434,Silver,212622.69,5,42524.54,Monitors,BenQ,Quarterly
1435,Silver,227958.21,4,56989.55,Printers,HP,Monthly
1436,Bronze,197369.08,1,197369.08,Mice,Logitech,Quarterly
1437,Bronze,5880.75,1,5880.75,Keyboards,Dell,Weekly
1438,Bronze,24317.16,2,12158.58,Tablets,iPad,Quarterly
1439,Bronze,85233.32,2,42616.66,Printers,HP,Weekly
1440,Gold,707894.32,7,101127.76,Laptops,MacBook,Weekly
1441,Silver,56827.65,4,14206.91,Monitors,Dell,Bi-weekly
1442,Silver,41014.52,5,8202.9,Smartphones,iPhone,Bi-weekly
1443,Silver,92493.84,4,23123.46,Monitors,BenQ,Weekly
1444,Silver,10666.27,4,2666.57,Keyboards,Razer,Quarterly
1445,Silver,145332.88,6,24222.15,Keyboards,Dell,Bi-weekly
1446,Silver,2054.17,4,513.54,Printers,Canon,Bi-weekly
1447,Gold,71737.61,8,8967.2,Tablets,Samsung,Bi-weekly
1448,Silver,23014.62,4,5753.65,Smartphones,Samsung,Monthly
1449,Bronze,198926.96,2,99463.48,Smartphones,Samsung,Monthly
1450,Silver,340105.1,5,68021.02,Smartphones,Poco,Weekly
1451,Silver,8345.58,6,1390.93,Keyboards,Corsair,Bi-weekly
1452,Bronze,143725.86,3,47908.62,Monitors,MSI,Monthly
1453,Silver,100664.11,5,20132.82,Mice,Corsair,Quarterly
1454,Silver,111815.93,4,27953.98,Keyboards,Razer,Quarterly
1455,Silver,12490.05,4,3122.51,Keyboards,Logitech,Weekly
1456,Silver,4973.97,6,829.0,Tablets,iPad,Bi-weekly
1457,Gold,275967.29,7,39423.9,Keyboards,Corsair,Weekly
1458,Gold,156472.96,7,22353.28,Keyboards,Corsair,Monthly
1459,Silver,38861.9,4,9715.48,Printers,HP,Weekly
1460,Bronze,111122.73,3,37040.91,Tablets,iPad,Weekly
1461,Silver,149761.98,5,29952.4,Laptops,Lenovo,Quarterly
1462,Silver,204527.74,4,51131.93,Mice,Logitech,Bi-weekly
1463,Bronze,14347.84,2,7173.92,Keyboards,Logitech,Bi-weekly
1464,Bronze,27687.96,3,9229.32,Keyboards,Dell,Bi-weekly
1465,Silver,14739.5,4,3684.88,Monitors,MSI,Bi-weekly
1466,Silver,118657.11,6,19776.19,Keyboards,Corsair,Monthly
1467,Bronze,199366.99,3,66455.66,Mice,Corsair,Weekly
1468,Bronze,33843.82,3,11281.27,Laptops,MacBook,Quarterly
1469,Silver,122025.22,6,20337.54,Printers,Canon,Bi-weekly
1470,Bronze,46754.03,3,15584.68,Keyboards,Razer,Bi-weekly
1471,Gold,67514.59,7,9644.94,Mice,Dell,Monthly
1472,Bronze,71857.56,3,23952.52,Printers,Canon,Bi-weekly
1473,Silver,298474.07,5,59694.81,Keyboards,Corsair,Quarterly
1474,Gold,19343.08,7,2763.3,Monitors,BenQ,Weekly
1475,Bronze,74860.13,2,37430.07,Laptops,MacBook,Weekly
1476,Bronze,47832.92,3,15944.31,Printers,Canon,Bi-weekly
1477,Silver,111853.29,6,18642.21,Smartphones,Realme,Quarterly
1478,Bronze,113580.33,3,37860.11,Monitors,ASUS,Quarterly
1479,Silver,571576.03,5,114315.21,Printers,Canon,Weekly
1480,Gold,318876.18,7,45553.74,Mice,Dell,Quarterly
1481,Silver,144692.21,5,28938.44,Laptops,HP,Weekly
1482,Silver,458770.03,6,76461.67,Laptops,MacBook,Bi-weekly
1483,Silver,57333.13,4,14333.28,Laptops,Lenovo,Monthly
1484,Gold,1049687.08,10,104968.71,Laptops,Dell,Weekly
1485,Silver,8590.78,4,2147.69,Keyboards,Razer,Monthly
1486,Silver,146062.32,4,36515.58,Mice,Logitech,Monthly
1487,Silver,50915.31,4,12728.83,Tablets,iPad,Quarterly
1488,Gold,576861.5,7,82408.79,Monitors,BenQ,Bi-weekly
1489,Bronze,5086.2,3,1695.4,Laptops,HP,Monthly
1490,Bronze,72675.87,3,24225.29,Smartphones,iPhone,Weekly
1491,Bronze,224589.23,3,74863.08,Keyboards,Dell,Quarterly
1492,Silver,134797.83,6,22466.31,Smartphones,OnePlus,Bi-weekly
1493,Gold,479619.48,11,43601.77,Monitors,Dell,Quarterly
1494,Bronze,29087.69,1,29087.69,Mice,Dell,Bi-weekly
1495,Silver,9993.61,6,1665.6,Printers,HP,Weekly
1496,Bronze,113640.31,1,113640.31,Keyboards,Corsair,Monthly
1497,Bronze,26953.3,3,8984.43,Mice,Logitech,Quarterly
1498,Gold,81822.49,7,11688.93,Monitors,ASUS,Weekly
1499,Silver,28269.02,5,5653.8,Tablets,iPad,Weekly
1500,Silver,215831.89,5,43166.38,Mice,Logitech,Quarterly
1501,Silver,368002.52,6,61333.75,Printers,Canon,Weekly
1502,Silver,328772.8,6,54795.47,Smartphones,Realme,Weekly
1503,Bronze,168750.36,3,56250.12,Keyboards,Razer,Weekly
1504,Silver,259490.12,4,64872.53,Printers,HP,Monthly
1505,Silver,90775.75,4,22693.94,Mice,Corsair,Quarterly
1506,Bronze,246786.48,3,82262.16,Laptops,Dell,Quarterly
1507,Gold,538760.99,8,67345.12,Monitors,ASUS,Bi-weekly
1508,Silver,26645.97,5,5329.19,Keyboards,Dell,Monthly
1509,Silver,68862.83,5,13772.57,Laptops,HP,Weekly
1510,Silver,49394.29,4,12348.57,Printers,HP,Bi-weekly
1511,Bronze,31063.69,1,31063.69,Keyboards,Dell,Quarterly
1512,Silver,682895.38,4,170723.85,Mice,Dell,Quarterly
1513,Gold,791784.64,9,87976.07,Laptops,Lenovo,Weekly
1514,Silver,522230.08,4,130557.52,Tablets,iPad,Bi-weekly
1515,Silver,247440.24,5,49488.05,Smartphones,iPhone,Quarterly
1516,Gold,282770.51,8,35346.31,Smartphones,Xiaomi,Monthly
1517,Silver,378354.6,6,63059.1,Smartphones,Xiaomi,Bi-weekly
1518,Silver,521720.46,4,130430.11,Printers,HP,Bi-weekly
1519,Silver,200442.66,5,40088.53,Printers,HP,Weekly
1520,Bronze,31426.3,1,31426.3,Smartphones,OnePlus,Weekly
1521,Silver,201204.45,5,40240.89,Tablets,Samsung,Quarterly
1522,Gold,755380.86,7,107911.55,Laptops,HP,Weekly
1523,Bronze,32943.42,3,10981.14,Tablets,iPad,Bi-weekly
1524,Silver,91951.25,5,18390.25,Tablets,Samsung,Quarterly
1525,Bronze,12973.72,1,12973.72,Printers,HP,Weekly
1526,Silver,63191.41,5,12638.28,Monitors,ASUS,Weekly
1527,Gold,272271.18,7,38895.88,Tablets,iPad,Monthly
1528,Gold,298120.25,9,33124.47,Tablets,Samsung,Quarterly
1529,Silver,34010.63,4,8502.66,Smartphones,Poco,Quarterly
1530,Silver,204185.73,4,51046.43,Printers,Canon,Monthly
1531,Gold,148906.98,10,14890.7,Monitors,LG,Bi-weekly
1532,Bronze,145228.03,2,72614.02,Monitors,MSI,Monthly
1533,Bronze,6644.2,1,6644.2,Mice,Logitech,Monthly
1534,Silver,416224.28,5,83244.86,Tablets,Samsung,Bi-weekly
1535,Gold,25323.17,8,3165.4,Tablets,iPad,Monthly
1536,Silver,55304.91,5,11060.98,Laptops,HP,Bi-weekly
1537,Silver,10636.95,4,2659.24,Keyboards,Dell,Quarterly
1538,Silver,96068.42,4,24017.11,Keyboards,Razer,Bi-weekly
1539,Bronze,40263.38,1,40263.38,Monitors,ASUS,Weekly
1540,Silver,629358.67,6,104893.11,Tablets,iPad,Quarterly
1541,Bronze,71384.66,3,23794.89,Tablets,iPad,Monthly
1542,Silver,420828.11,4,105207.03,Tablets,iPad,Quarterly
1543,Silver,319420.27,5,63884.05,Monitors,ASUS,Quarterly
1544,Bronze,93685.44,2,46842.72,Smartphones,Samsung,Quarterly
1545,Bronze,147130.72,2,73565.36,Smartphones,OnePlus,Bi-weekly
1546,Silver,41865.24,5,8373.05,Printers,HP,Weekly
1547,Silver,73534.2,5,14706.84,Mice,Corsair,Monthly
1548,Silver,235715.78,4,58928.95,Smartphones,OnePlus,Monthly
1549,Silver,105963.13,6,17660.52,Tablets,iPad,Monthly
1550,Bronze,120379.94,3,40126.65,Laptops,MacBook,Quarterly
1551,Silver,370388.2,6,61731.37,Keyboards,Corsair,Bi-weekly
1552,Silver,74144.72,5,14828.94,Mice,Dell,Weekly
1553,Silver,50954.19,5,10190.84,Mice,Logitech,Weekly
1554,Silver,447484.3,5,89496.86,Keyboards,Razer,Quarterly
1555,Silver,306811.08,6,51135.18,Smartphones,OnePlus,Quarterly
1556,Gold,444024.67,7,63432.1,Keyboards,Logitech,Weekly
1557,Silver,185495.3,6,30915.88,Printers,Canon,Weekly
1558,Silver,3598.95,5,719.79,Monitors,MSI,Monthly
1559,Bronze,3208.55,3,1069.52,Printers,HP,Monthly
1560,Silver,35907.41,6,5984.57,Smartphones,OnePlus,Bi-weekly
1561,Bronze,85033.99,1,85033.99,Keyboards,Dell,Weekly
1562,Bronze,147853.42,3,49284.47,Smartphones,OnePlus,Weekly
1563,Gold,258083.67,7,36869.1,Tablets,Samsung,Quarterly
1564,Silver,206784.31,4,51696.08,Tablets,iPad,Bi-weekly
1565,Silver,110543.26,4,27635.81,Laptops,MacBook,Bi-weekly
1566,Silver,281355.1,5,56271.02,Smartphones,iPhone,Monthly
1567,Bronze,187978.54,2,93989.27,Tablets,Samsung,Weekly
1568,Bronze,50418.38,1,50418.38,Printers,Canon,Weekly
1569,Silver,256096.95,5,51219.39,Keyboards,Logitech,Bi-weekly
1570,Bronze,89668.97,2,44834.48,Tablets,Samsung,Weekly
1571,Bronze,51110.41,2,25555.21,Monitors,LG,Monthly
1572,Bronze,47104.91,3,15701.64,Tablets,iPad,Bi-weekly
1573,Silver,197478.84,6,32913.14,Monitors,BenQ,Bi-weekly
1574,Bronze,186207.62,3,62069.21,Tablets,iPad,Quarterly
1575,Bronze,23756.87,3,7918.96,Tablets,Samsung,Monthly
1576,Silver,130424.07,6,21737.34,Monitors,MSI,Quarterly
1577,Gold,196988.1,7,28141.16,Smartphones,OnePlus,Quarterly
1578,Silver,303540.9,5,60708.18,Smartphones,Samsung,Quarterly
1579,Gold,602003.1,10,60200.31,Keyboards,Logitech,Monthly
1580,Silver,334401.43,4,83600.36,Mice,Corsair,Quarterly
1581,Bronze,23560.01,3,7853.34,Tablets,Samsung,Monthly
1582,Silver,124031.57,5,24806.31,Printers,Canon,Monthly
1583,Silver,138814.75,4,34703.69,Keyboards,Logitech,Quarterly
1584,Silver,1628.25,5,325.65,Keyboards,Razer,Monthly
1585,Bronze,5526.22,1,5526.22,Tablets,Samsung,Monthly
1586,Silver,196977.03,6,32829.51,Mice,Logitech,Weekly
1587,Silver,2028.0,4,507.0,Printers,Canon,Quarterly
1588,Bronze,85212.25,3,28404.08,Keyboards,Razer,Weekly
1589,Silver,8652.53,4,2163.13,Printers,Canon,Quarterly
1590,Silver,145881.14,4,36470.29,Keyboards,Corsair,Quarterly
1591,Bronze,71860.94,1,71860.94,Keyboards,Razer,Weekly
1592,Gold,420396.91,7,60056.7,Printers,HP,Monthly
1593,Silver,130887.39,4,32721.85,Mice,Dell,Quarterly
1594,Silver,193245.41,4,48311.35,Keyboards,Razer,Monthly
1595,Gold,97683.83,8,12210.48,Keyboards,Corsair,Quarterly
1596,Silver,301463.4,6,50243.9,Keyboards,Corsair,Bi-weekly
1597,Silver,250503.41,5,50100.68,Smartphones,Xiaomi,Quarterly
1598,Silver,62459.31,4,15614.83,Laptops,MacBook,Quarterly
1599,Silver,349657.18,4,87414.3,Monitors,BenQ,Quarterly
1600,Bronze,11842.28,1,11842.28,Mice,Corsair,Weekly
1601,Bronze,43640.38,3,14546.79,Monitors,Dell,Quarterly
1602,Gold,536838.78,8,67104.85,Keyboards,Logitech,Weekly
1603,Silver,306866.89,6,51144.48,Keyboards,Razer,Quarterly
1604,Bronze,140501.71,3,46833.9,Laptops,Dell,Bi-weekly
1605,Gold,121439.57,8,15179.95,Tablets,Samsung,Monthly
1606,Gold,91956.77,7,13136.68,Smartphones,Realme,Weekly
1607,Gold,96380.14,7,13768.59,Keyboards,Logitech,Monthly
1608,Silver,17187.66,5,3437.53,Mice,Corsair,Bi-weekly
1609,Bronze,54179.42,3,18059.81,Printers,HP,Weekly
1610,Silver,356746.42,5,71349.28,Printers,Canon,Bi-weekly
1611,Silver,164118.25,6,27353.04,Printers,Canon,Weekly
1612,Silver,213099.51,4,53274.88,Keyboards,Dell,Quarterly
1613,Bronze,94615.45,3,31538.48,Printers,HP,Monthly
1614,Silver,15780.86,5,3156.17,Laptops,HP,Monthly
1615,Silver,59243.45,6,9873.91,Laptops,Lenovo,Bi-weekly
1616,Bronze,40266.84,2,20133.42,Printers,HP,Bi-weekly
1617,Bronze,406120.38,3,135373.46,Monitors,BenQ,Bi-weekly
1618,Silver,531550.85,6,88591.81,Smartphones,Samsung,Quarterly
1619,Silver,70777.95,4,17694.49,Laptops,Dell,Monthly
1620,Bronze,111195.97,3,37065.32,Mice,Corsair,Bi-weekly
1621,Bronze,2749.86,2,1374.93,Mice,Dell,Quarterly
1622,Silver,308864.59,5,61772.92,Smartphones,OnePlus,Bi-weekly
1623,Silver,27257.56,6,4542.93,Laptops,Dell,Monthly
1624,Silver,65985.2,4,16496.3,Keyboards,Corsair,Bi-weekly
1625,Gold,331654.47,8,41456.81,Smartphones,OnePlus,Weekly
1626,Silver,15003.28,5,3000.66,Monitors,BenQ,Monthly
1627,Gold,303084.28,7,43297.75,Tablets,Samsung,Weekly
1628,Silver,82308.17,4,20577.04,Mice,Logitech,Monthly
1629,Bronze,18498.62,2,9249.31,Smartphones,Poco,Bi-weekly
1630,Gold,81399.39,7,11628.48,Smartphones,iPhone,Monthly
1631,Bronze,25645.28,2,12822.64,Printers,HP,Weekly
1632,Silver,109337.49,5,21867.5,Tablets,iPad,Quarterly
1633,Silver,145679.47,6,24279.91,Keyboards,Dell,Bi-weekly
1634,Gold,363379.48,7,51911.35,Printers,Canon,Bi-weekly
1635,Bronze,18832.07,1,18832.07,Tablets,Samsung,Quarterly
1636,Silver,384315.58,4,96078.89,Mice,Corsair,Quarterly
1637,Bronze,10342.71,1,10342.71,Smartphones,OnePlus,Monthly
1638,Silver,108839.85,4,27209.96,Mice,Logitech,Bi-weekly
1639,Bronze,78413.48,1,78413.48,Tablets,Samsung,Monthly
1640,Bronze,486764.31,3,162254.77,Printers,HP,Weekly
1641,Bronze,13726.61,1,13726.61,Laptops,HP,Monthly
1642,Bronze,58740.02,3,19580.01,Tablets,Samsung,Quarterly
1643,Bronze,72379.75,2,36189.88,Smartphones,Xiaomi,Weekly
1644,Silver,174888.17,4,43722.04,Smartphones,Realme,Monthly
1645,Silver,322698.72,5,64539.74,Smartphones,Realme,Quarterly
1646,Silver,158606.44,6,26434.41,Smartphones,Xiaomi,Weekly
1647,Gold,45359.99,8,5670.0,Tablets,Samsung,Quarterly
1648,Bronze,348464.06,2,174232.03,Printers,Canon,Weekly
1649,Silver,54197.96,4,13549.49,Mice,Corsair,Bi-weekly
1650,Bronze,305801.75,3,101933.92,Smartphones,Samsung,Monthly
1651,Gold,60934.2,7,8704.89,Laptops,Lenovo,Weekly
1652,Silver,408654.18,5,81730.84,Laptops,MacBook,Monthly
1653,Silver,87475.88,6,14579.31,Tablets,Samsung,Weekly
1654,Bronze,86853.64,3,28951.21,Printers,Canon,Monthly
1655,Gold,48790.03,7,6970.0,Monitors,ASUS,Monthly
1656,Bronze,28321.83,1,28321.83,Mice,Dell,Bi-weekly
1657,Bronze,51154.83,1,51154.83,Tablets,Samsung,Monthly
1658,Bronze,144421.97,2,72210.99,Tablets,iPad,Weekly
1659,Gold,301919.2,7,43131.31,Tablets,Samsung,Bi-weekly
1660,Bronze,31510.61,3,10503.54,Tablets,Samsung,Quarterly
1661,Bronze,61468.24,3,20489.41,Monitors,ASUS,Quarterly
1662,Bronze,291130.71,3,97043.57,Keyboards,Dell,Bi-weekly
1663,Bronze,105.43,1,105.43,Keyboards,Corsair,Weekly
1664,Bronze,29493.41,3,9831.14,Keyboards,Dell,Weekly
1665,Silver,41078.18,4,10269.54,Tablets,iPad,Weekly
1666,Bronze,3057.16,1,3057.16,Tablets,iPad,Weekly
1667,Gold,470420.2,8,58802.53,Keyboards,Razer,Weekly
1668,Silver,541863.13,4,135465.78,Laptops,Lenovo,Quarterly
1669,Silver,32959.63,4,8239.91,Printers,HP,Bi-weekly
1670,Gold,179073.24,8,22384.15,Mice,Dell,Quarterly
1671,Gold,5187.36,7,741.05,Keyboards,Dell,Quarterly
1672,Bronze,48919.72,2,24459.86,Laptops,HP,Monthly
1673,Gold,86348.62,7,12335.52,Mice,Corsair,Monthly
1674,Silver,641742.76,6,106957.13,Printers,HP,Quarterly
1675,Gold,36028.33,8,4503.54,Keyboards,Dell,Quarterly
1676,Silver,45497.99,4,11374.5,Laptops,HP,Bi-weekly
1677,Silver,52776.83,6,8796.14,Laptops,MacBook,Monthly
1678,Silver,214042.98,5,42808.6,Smartphones,Realme,Monthly
1679,Gold,67621.9,7,9660.27,Mice,Dell,Quarterly
1680,Silver,155487.28,6,25914.55,Tablets,iPad,Weekly
1681,Gold,54076.83,7,7725.26,Smartphones,iPhone,Monthly
1682,Silver,852914.99,4,213228.75,Monitors,ASUS,Weekly
1683,Bronze,13521.06,3,4507.02,Monitors,LG,Bi-weekly
1684,Silver,14950.26,4,3737.57,Laptops,HP,Monthly
1685,Silver,16419.55,5,3283.91,Printers,Canon,Quarterly
1686,Gold,202050.82,7,28864.4,Monitors,LG,Bi-weekly
1687,Bronze,326238.43,3,108746.14,Keyboards,Razer,Weekly
1688,Silver,35704.75,4,8926.19,Smartphones,iPhone,Quarterly
1689,Bronze,14574.07,1,14574.07,Smartphones,Samsung,Monthly
1690,Bronze,515565.05,3,171855.02,Laptops,MacBook,Monthly
1691,Silver,259891.89,6,43315.32,Monitors,LG,Monthly
1692,Silver,98704.25,4,24676.06,Smartphones,OnePlus,Quarterly
1693,Silver,251030.41,6,41838.4,Mice,Dell,Bi-weekly
1694,Silver,782265.72,5,156453.14,Smartphones,Xiaomi,Monthly
1695,Silver,184611.58,6,30768.6,Mice,Dell,Quarterly
1696,Gold,355241.15,7,50748.74,Smartphones,iPhone,Weekly
1697,Silver,30367.28,6,5061.21,Tablets,Samsung,Quarterly
1698,Bronze,573460.51,3,191153.5,Smartphones,Samsung,Quarterly
1699,Silver,273917.56,6,45652.93,Mice,Dell,Weekly
1700,Silver,1634.08,6,272.35,Mice,Corsair,Quarterly
1701,Silver,721602.91,5,144320.58,Mice,Logitech,Monthly
1702,Bronze,244230.61,3,81410.2,Mice,Corsair,Bi-weekly
1703,Bronze,6712.76,1,6712.76,Laptops,Lenovo,Quarterly
1704,Bronze,131198.58,2,65599.29,Mice,Corsair,Bi-weekly
1705,Silver,165138.95,4,41284.74,Tablets,iPad,Weekly
1706,Silver,36760.85,4,9190.21,Tablets,iPad,Weekly
1707,Bronze,28266.13,3,9422.04,Monitors,Dell,Weekly
1708,Silver,301524.2,5,60304.84,Smartphones,iPhone,Quarterly
1709,Bronze,21987.96,1,21987.96,Tablets,iPad,Weekly
1710,Silver,110867.23,6,18477.87,Monitors,BenQ,Monthly
1711,Silver,53659.73,6,8943.29,Smartphones,Samsung,Weekly
1712,Silver,273327.86,6,45554.64,Laptops,HP,Quarterly
1713,Bronze,162915.84,3,54305.28,Printers,HP,Quarterly
1714,Bronze,99725.09,1,99725.09,Tablets,iPad,Bi-weekly
1715,Gold,675071.56,7,96438.79,Mice,Corsair,Quarterly
1716,Gold,43690.82,8,5461.35,Tablets,iPad,Quarterly
1717,Bronze,24022.42,1,24022.42,Laptops,MacBook,Weekly
1718,Silver,118061.33,4,29515.33,Smartphones,Realme,Weekly
1719,Bronze,11561.53,3,3853.84,Laptops,HP,Bi-weekly
1720,Silver,13817.43,4,3454.36,Printers,HP,Quarterly
1721,Bronze,223208.87,2,111604.43,Printers,HP,Monthly
1722,Silver,75463.54,6,12577.26,Smartphones,Xiaomi,Quarterly
1723,Silver,168399.51,5,33679.9,Monitors,Dell,Bi-weekly
1724,Silver,43622.97,6,7270.49,Tablets,iPad,Quarterly
1725,Silver,308295.96,6,51382.66,Printers,HP,Monthly
1726,Silver,202938.05,6,33823.01,Smartphones,Xiaomi,Bi-weekly
1727,Gold,51.86,7,7.41,Mice,Logitech,Bi-weekly
1728,Bronze,166175.82,3,55391.94,Smartphones,Realme,Weekly
1729,Silver,201343.65,6,33557.28,Tablets,iPad,Bi-weekly
1730,Silver,354600.0,5,70920.0,Mice,Dell,Monthly
1731,Gold,42451.02,8,5306.38,Mice,Corsair,Bi-weekly
1732,Silver,490393.46,6,81732.24,Tablets,iPad,Quarterly
1733,Bronze,52193.63,2,26096.82,Laptops,Dell,Monthly
1734,Gold,110107.07,7,15729.58,Mice,Corsair,Bi-weekly
1735,Silver,378499.46,4,94624.86,Smartphones,Poco,Weekly
1736,Silver,101329.54,5,20265.91,Mice,Dell,Quarterly
1737,Silver,271471.98,5,54294.4,Monitors,MSI,Monthly
1738,Silver,227996.7,4,56999.17,Keyboards,Dell,Monthly
1739,Bronze,109329.82,3,36443.27,Tablets,iPad,Monthly
1740,Silver,1117.1,4,279.28,Printers,Canon,Bi-weekly
1741,Gold,947253.18,7,135321.88,Monitors,Dell,Monthly
1742,Silver,8374.42,6,1395.74,Laptops,HP,Quarterly
1743,Gold,625245.92,7,89320.85,Printers,Canon,Weekly
1744,Gold,1039338.0,7,148476.86,Printers,HP,Bi-weekly
1745,Silver,258381.64,6,43063.61,Monitors,BenQ,Weekly
1746,Silver,16809.86,4,4202.47,Laptops,MacBook,Weekly
1747,Silver,2793.52,6,465.59,Tablets,iPad,Monthly
1748,Bronze,21131.19,2,10565.6,Mice,Dell,Monthly
1749,Silver,674179.71,4,168544.93,Mice,Corsair,Weekly
1750,Gold,200901.31,7,28700.19,Smartphones,Xiaomi,Quarterly
1751,Silver,118705.21,5,23741.04,Printers,Canon,Weekly
1752,Gold,416347.55,8,52043.44,Printers,HP,Monthly
1753,Silver,52262.93,5,10452.59,Monitors,BenQ,Bi-weekly
1754,Bronze,162998.89,3,54332.96,Mice,Dell,Monthly
1755,Silver,661018.11,6,110169.68,Monitors,ASUS,Bi-weekly
1756,Gold,89710.0,7,12815.71,Smartphones,Realme,Quarterly
1757,Silver,172686.82,5,34537.36,Laptops,MacBook,Quarterly
1758,Silver,170643.45,4,42660.86,Mice,Logitech,Monthly
1759,Silver,107611.46,5,21522.29,Tablets,iPad,Quarterly
1760,Silver,41196.47,4,10299.12,Mice,Corsair,Quarterly
1761,Silver,614936.84,4,153734.21,Laptops,HP,Monthly
1762,Silver,55205.19,5,11041.04,Smartphones,OnePlus,Weekly
1763,Bronze,37343.56,1,37343.56,Keyboards,Dell,Bi-weekly
1764,Silver,40288.79,4,10072.2,Mice,Corsair,Quarterly
1765,Bronze,134941.57,3,44980.52,Tablets,iPad,Weekly
1766,Gold,438778.08,9,48753.12,Laptops,Lenovo,Monthly
1767,Gold,81511.55,7,11644.51,Printers,HP,Monthly
1768,Silver,2539.64,6,423.27,Laptops,MacBook,Bi-weekly
1769,Silver,354136.65,4,88534.16,Keyboards,Dell,Weekly
1770,Silver,363206.52,5,72641.3,Keyboards,Razer,Quarterly
1771,Bronze,137421.48,3,45807.16,Monitors,MSI,Quarterly
1772,Gold,353306.97,9,39256.33,Monitors,Dell,Quarterly
1773,Bronze,40757.68,3,13585.89,Monitors,Dell,Quarterly
1774,Silver,117195.28,4,29298.82,Monitors,MSI,Weekly
1775,Silver,104706.41,4,26176.6,Monitors,MSI,Quarterly
1776,Bronze,43173.03,2,21586.51,Keyboards,Dell,Quarterly
1777,Silver,91118.55,4,22779.64,Mice,Logitech,Weekly
1778,Bronze,51445.86,2,25722.93,Keyboards,Logitech,Quarterly
1779,Bronze,4107.54,3,1369.18,Keyboards,Razer,Bi-weekly
1780,Gold,234130.68,8,29266.33,Laptops,HP,Monthly
1781,Gold,180751.15,7,25821.59,Smartphones,Xiaomi,Monthly
1782,Silver,101376.37,4,25344.09,Smartphones,Realme,Bi-weekly
1783,Bronze,21167.84,1,21167.84,Mice,Dell,Bi-weekly
1784,Silver,378270.33,5,75654.07,Mice,Corsair,Quarterly
1785,Bronze,11716.24,2,5858.12,Smartphones,OnePlus,Quarterly
1786,Silver,61763.49,6,10293.91,Monitors,BenQ,Monthly
1787,Bronze,340399.5,2,170199.75,Tablets,Samsung,Bi-weekly
1788,Silver,45327.05,6,7554.51,Tablets,iPad,Quarterly
1789,Gold,156121.17,7,22303.02,Printers,HP,Weekly
1790,Silver,894959.6,6,149159.93,Mice,Dell,Bi-weekly
1791,Silver,168974.25,5,33794.85,Printers,Canon,Bi-weekly
1792,Silver,36379.14,5,7275.83,Smartphones,Xiaomi,Weekly
1793,Silver,258266.68,5,51653.34,Laptops,Dell,Weekly
1794,Silver,149524.75,4,37381.19,Monitors,MSI,Weekly
1795,Silver,172476.36,6,28746.06,Tablets,iPad,Monthly
1796,Silver,554218.25,4,138554.56,Tablets,Samsung,Quarterly
1797,Bronze,48537.01,3,16179.0,Smartphones,Samsung,Quarterly
1798,Silver,169270.36,6,28211.73,Monitors,ASUS,Monthly
1799,Silver,74449.21,6,12408.2,Mice,Logitech,Bi-weekly
1800,Silver,111351.05,4,27837.76,Mice,Dell,Monthly
1801,Silver,63233.59,5,12646.72,Laptops,Dell,Weekly
1802,Bronze,69284.01,1,69284.01,Monitors,BenQ,Monthly
1803,Silver,81187.18,4,20296.79,Tablets,iPad,Quarterly
1804,Bronze,60400.71,1,60400.71,Printers,Canon,Bi-weekly
1805,Gold,919443.86,9,102160.43,Printers,Canon,Bi-weekly
1806,Silver,257839.09,4,64459.77,Smartphones,Xiaomi,Quarterly
1807,Bronze,56348.8,3,18782.93,Keyboards,Corsair,Bi-weekly
1808,Silver,9787.46,4,2446.87,Keyboards,Logitech,Monthly
1809,Silver,60907.14,4,15226.78,Mice,Corsair,Monthly
1810,Gold,160141.05,9,17793.45,Keyboards,Logitech,Bi-weekly
1811,Bronze,160951.16,3,53650.39,Keyboards,Corsair,Bi-weekly
1812,Silver,71806.49,6,11967.75,Laptops,Lenovo,Bi-weekly
1813,Bronze,1906.38,1,1906.38,Printers,HP,Weekly
1814,Bronze,6603.78,3,2201.26,Tablets,iPad,Quarterly
1815,Silver,155964.54,6,25994.09,Printers,HP,Monthly
1816,Bronze,193442.02,3,64480.67,Keyboards,Dell,Bi-weekly
1817,Bronze,3485.89,3,1161.96,Laptops,MacBook,Bi-weekly
1818,Bronze,42919.18,3,14306.39,Printers,HP,Quarterly
1819,Bronze,149401.8,3,49800.6,Tablets,Samsung,Bi-weekly
1820,Silver,31789.86,5,6357.97,Smartphones,iPhone,Weekly
1821,Silver,129516.4,6,21586.07,Smartphones,iPhone,Bi-weekly
1822,Silver,553311.71,4,138327.93,Smartphones,OnePlus,Weekly
1823,Bronze,282564.13,3,94188.04,Keyboards,Logitech,Bi-weekly
1824,Bronze,26745.87,1,26745.87,Laptops,Dell,Quarterly
1825,Silver,53602.79,4,13400.7,Tablets,Samsung,Weekly
1826,Gold,493642.63,8,61705.33,Keyboards,Corsair,Bi-weekly
1827,Silver,160722.95,4,40180.74,Monitors,BenQ,Bi-weekly
1828,Gold,127167.64,7,18166.81,Keyboards,Razer,Weekly
1829,Silver,40404.63,5,8080.93,Keyboards,Corsair,Monthly
1830,Bronze,57570.7,2,28785.35,Tablets,iPad,Bi-weekly
1831,Silver,10179.65,5,2035.93,Laptops,Dell,Bi-weekly
1832,Silver,537379.1,6,89563.18,Keyboards,Razer,Monthly
1833,Silver,742675.16,5,148535.03,Printers,HP,Bi-weekly
1834,Silver,714116.52,6,119019.42,Smartphones,Realme,Bi-weekly
1835,Silver,140773.7,5,28154.74,Laptops,Lenovo,Quarterly
1836,Gold,117618.9,9,13068.77,Tablets,Samsung,Quarterly
1837,Gold,289986.24,7,41426.61,Keyboards,Logitech,Quarterly
1838,Silver,150730.65,4,37682.66,Laptops,Dell,Monthly
1839,Bronze,99311.15,3,33103.72,Smartphones,OnePlus,Weekly
1840,Bronze,10297.44,3,3432.48,Monitors,ASUS,Monthly
1841,Silver,122962.23,4,30740.56,Keyboards,Razer,Bi-weekly
1842,Bronze,60737.26,1,60737.26,Printers,HP,Bi-weekly
1843,Silver,219725.62,4,54931.4,Monitors,ASUS,Quarterly
1844,Gold,24239.14,7,3462.73,Keyboards,Logitech,Weekly
1845,Gold,1288905.4,7,184129.34,Mice,Logitech,Monthly
1846,Silver,146089.71,6,24348.28,Printers,HP,Monthly
1847,Bronze,106980.19,1,106980.19,Keyboards,Logitech,Quarterly
1848,Gold,82578.19,7,11796.88,Keyboards,Razer,Weekly
1849,Silver,11874.21,6,1979.04,Keyboards,Corsair,Bi-weekly
1850,Silver,98340.83,4,24585.21,Keyboards,Razer,Weekly
1851,Silver,139384.19,4,34846.05,Keyboards,Razer,Weekly
1852,Bronze,292068.83,2,146034.42,Keyboards,Logitech,Monthly
1853,Bronze,18410.53,1,18410.53,Tablets,iPad,Monthly
1854,Bronze,45821.98,2,22910.99,Mice,Logitech,Bi-weekly
1855,Silver,327905.37,5,65581.07,Smartphones,Poco,Monthly
1856,Bronze,47475.03,3,15825.01,Tablets,iPad,Monthly
1857,Silver,105403.73,6,17567.29,Mice,Dell,Weekly
1858,Bronze,6874.45,2,3437.23,Tablets,iPad,Weekly
1859,Silver,2001.93,5,400.39,Smartphones,Xiaomi,Bi-weekly
1860,Silver,6218.84,6,1036.47,Monitors,BenQ,Weekly
1861,Silver,248217.03,5,49643.41,Printers,HP,Bi-weekly
1862,Bronze,14155.25,1,14155.25,Keyboards,Razer,Monthly
1863,Silver,48470.54,5,9694.11,Monitors,LG,Monthly
1864,Bronze,67819.63,3,22606.54,Keyboards,Logitech,Weekly
1865,Silver,163269.69,4,40817.42,Smartphones,Poco,Weekly
1866,Silver,63356.27,4,15839.07,Mice,Dell,Weekly
1867,Silver,96154.67,6,16025.78,Monitors,BenQ,Bi-weekly
1868,Bronze,48958.4,1,48958.4,Mice,Logitech,Quarterly
1869,Silver,968849.79,5,193769.96,Monitors,ASUS,Bi-weekly
1870,Silver,445332.35,5,89066.47,Keyboards,Razer,Weekly
1871,Silver,136511.93,4,34127.98,Keyboards,Dell,Weekly
1872,Gold,114562.5,7,16366.07,Tablets,iPad,Weekly
1873,Bronze,99243.71,3,33081.24,Monitors,LG,Monthly
1874,Silver,233265.91,4,58316.48,Smartphones,Realme,Weekly
1875,Silver,172039.32,4,43009.83,Printers,Canon,Monthly
1876,Gold,205782.83,9,22864.76,Tablets,iPad,Quarterly
1877,Bronze,16338.58,3,5446.19,Tablets,iPad,Monthly
1878,Silver,390796.4,5,78159.28,Mice,Logitech,Quarterly
1879,Silver,30097.11,6,5016.19,Printers,HP,Monthly
1880,Silver,74224.45,5,14844.89,Smartphones,Xiaomi,Quarterly
1881,Bronze,224044.6,3,74681.53,Keyboards,Logitech,Weekly
1882,Bronze,300001.78,2,150000.89,Monitors,MSI,Bi-weekly
1883,Silver,48721.94,6,8120.32,Laptops,MacBook,Bi-weekly
1884,Silver,120727.01,4,30181.75,Monitors,LG,Bi-weekly
1885,Silver,77433.17,5,15486.63,Keyboards,Dell,Bi-weekly
1886,Silver,157294.33,4,39323.58,Smartphones,Poco,Monthly
1887,Silver,164231.48,6,27371.91,Monitors,BenQ,Bi-weekly
1888,Bronze,28382.68,3,9460.89,Keyboards,Razer,Weekly
1889,Bronze,193760.09,2,96880.05,Mice,Logitech,Weekly
1890,Silver,3914.76,4,978.69,Mice,Corsair,Bi-weekly
1891,Silver,443019.2,5,88603.84,Tablets,iPad,Weekly
1892,Silver,114559.64,4,28639.91,Monitors,MSI,Quarterly
1893,Silver,387482.8,4,96870.7,Mice,Logitech,Bi-weekly
1894,Silver,228940.13,6,38156.69,Monitors,Dell,Quarterly
1895,Silver,57840.12,4,14460.03,Smartphones,iPhone,Quarterly
1896,Silver,192096.11,5,38419.22,Printers,HP,Monthly
1897,Silver,91871.42,5,18374.28,Keyboards,Logitech,Weekly
1898,Silver,202118.4,4,50529.6,Mice,Dell,Quarterly
1899,Silver,135732.43,4,33933.11,Smartphones,OnePlus,Quarterly
1900,Silver,82465.52,6,13744.25,Laptops,MacBook,Bi-weekly
1901,Silver,376355.91,5,75271.18,Mice,Dell,Weekly
1902,Gold,216710.34,7,30958.62,Printers,HP,Bi-weekly
1903,Silver,428865.89,6,71477.65,Smartphones,Samsung,Bi-weekly
1904,Silver,131848.94,6,21974.82,Smartphones,iPhone,Monthly
1905,Bronze,146325.32,3,48775.11,Mice,Dell,Quarterly
1906,Bronze,165668.36,3,55222.79,Tablets,Samsung,Quarterly
1907,Bronze,114280.74,3,38093.58,Laptops,Dell,Weekly
1908,Bronze,52226.33,3,17408.78,Keyboards,Razer,Quarterly
1909,Silver,92613.39,4,23153.35,Printers,HP,Weekly
1910,Bronze,14759.53,1,14759.53,Keyboards,Dell,Quarterly
1911,Silver,14159.26,5,2831.85,Monitors,MSI,Quarterly
1912,Silver,28624.48,5,5724.9,Smartphones,OnePlus,Quarterly
1913,Silver,117065.27,5,23413.05,Keyboards,Corsair,Monthly
1914,Bronze,156161.24,3,52053.75,Smartphones,Realme,Quarterly
1915,Bronze,166236.76,3,55412.25,Monitors,MSI,Weekly
1916,Bronze,897.38,2,448.69,Smartphones,iPhone,Quarterly
1917,Silver,95784.37,6,15964.06,Monitors,ASUS,Weekly
1918,Silver,97331.28,4,24332.82,Laptops,MacBook,Monthly
1919,Silver,160963.45,5,32192.69,Tablets,iPad,Monthly
1920,Silver,72459.96,4,18114.99,Printers,HP,Monthly
1921,Silver,244620.64,4,61155.16,Keyboards,Logitech,Weekly
1922,Bronze,120104.53,2,60052.26,Printers,HP,Bi-weekly
1923,Silver,138651.93,4,34662.98,Smartphones,Xiaomi,Bi-weekly
1924,Silver,130546.13,4,32636.53,Laptops,HP,Weekly
1925,Silver,249593.06,6,41598.84,Printers,Canon,Weekly
1926,Bronze,24700.41,3,8233.47,Printers,Canon,Weekly
1927,Silver,293015.27,6,48835.88,Laptops,HP,Monthly
1928,Bronze,15013.13,3,5004.38,Smartphones,Xiaomi,Bi-weekly
1929,Gold,291099.47,8,36387.43,Mice,Dell,Weekly
1930,Silver,38514.28,4,9628.57,Mice,Dell,Bi-weekly
1931,Silver,262676.82,4,65669.21,Mice,Logitech,Bi-weekly
1932,Bronze,55837.15,2,27918.57,Laptops,Dell,Monthly
1933,Gold,125287.72,7,17898.25,Monitors,ASUS,Weekly
1934,Gold,352584.56,7,50369.22,Printers,Canon,Bi-weekly
1935,Gold,158994.72,7,22713.53,Printers,HP,Weekly
1936,Bronze,50021.33,3,16673.78,Keyboards,Logitech,Bi-weekly
1937,Silver,4495.85,6,749.31,Keyboards,Dell,Weekly
1938,Gold,19357.13,7,2765.3,Mice,Dell,Bi-weekly
1939,Silver,214521.05,5,42904.21,Printers,Canon,Quarterly
1940,Bronze,56671.76,1,56671.76,Tablets,iPad,Monthly
1941,Silver,58769.36,5,11753.87,Printers,Canon,Monthly
1942,Silver,45054.15,5,9010.83,Smartphones,Xiaomi,Quarterly
1943,Bronze,17364.32,3,5788.11,Smartphones,iPhone,Weekly
1944,Silver,113225.58,4,28306.39,Tablets,Samsung,Weekly
1945,Bronze,76377.64,1,76377.64,Mice,Dell,Weekly
1946,Silver,652287.64,5,130457.53,Keyboards,Dell,Bi-weekly
1947,Silver,814441.42,6,135740.24,Mice,Logitech,Weekly
1948,Silver,102729.44,5,20545.89,Smartphones,Poco,Quarterly
1949,Silver,82731.26,6,13788.54,Mice,Logitech,Bi-weekly
1950,Silver,248926.32,5,49785.26,Laptops,Lenovo,Weekly
1951,Bronze,117974.51,3,39324.84,Printers,Canon,Monthly
1952,Silver,346035.81,6,57672.64,Mice,Dell,Quarterly
1953,Silver,149069.21,4,37267.3,Laptops,Lenovo,Weekly
1954,Silver,17943.54,5,3588.71,Smartphones,Realme,Weekly
1955,Silver,55075.79,6,9179.3,Smartphones,Xiaomi,Bi-weekly
1956,Silver,194660.56,5,38932.11,Mice,Logitech,Weekly
1957,Silver,385665.92,4,96416.48,Tablets,iPad,Quarterly
1958,Bronze,130800.35,1,130800.35,Tablets,iPad,Weekly
1959,Gold,23584.1,7,3369.16,Tablets,iPad,Quarterly
1960,Bronze,56410.03,1,56410.03,Monitors,LG,Quarterly
1961,Gold,478949.23,7,68421.32,Laptops,HP,Weekly
1962,Bronze,27297.63,1,27297.63,Tablets,Samsung,Bi-weekly
1963,Gold,149822.63,10,14982.26,Monitors,MSI,Monthly
1964,Silver,136543.25,5,27308.65,Printers,Canon,Quarterly
1965,Gold,179785.18,7,25683.6,Mice,Dell,Monthly
1966,Silver,90954.46,4,22738.62,Laptops,Dell,Quarterly
1967,Silver,70299.11,6,11716.52,Mice,Logitech,Bi-weekly
1968,Gold,370820.11,9,41202.23,Smartphones,iPhone,Monthly
1969,Silver,181576.87,4,45394.22,Laptops,Lenovo,Quarterly
1970,Silver,287780.07,4,71945.02,Laptops,Lenovo,Bi-weekly
1971,Silver,62754.32,6,10459.05,Printers,Canon,Quarterly
1972,Bronze,2308.56,1,2308.56,Monitors,Dell,Bi-weekly
1973,Silver,131070.46,5,26214.09,Laptops,Lenovo,Monthly
1974,Silver,182388.78,4,45597.19,Tablets,Samsung,Bi-weekly
1975,Silver,472629.34,5,94525.87,Monitors,LG,Quarterly
1976,Bronze,83156.33,1,83156.33,Laptops,Dell,Quarterly
1977,Gold,49704.97,7,7100.71,Smartphones,Samsung,Bi-weekly
1978,Silver,118663.91,4,29665.98,Smartphones,Realme,Quarterly
1979,Silver,355294.57,4,88823.64,Keyboards,Logitech,Bi-weekly
1980,Silver,204642.22,4,51160.56,Mice,Corsair,Bi-weekly
1981,Silver,703024.24,6,117170.71,Smartphones,Xiaomi,Quarterly
1982,Bronze,221840.37,2,110920.18,Monitors,MSI,Quarterly
1983,Silver,292405.6,6,48734.27,Monitors,BenQ,Weekly
1984,Bronze,61346.03,3,20448.68,Monitors,ASUS,Monthly
1985,Silver,203315.31,6,33885.89,Tablets,iPad,Monthly
1986,Bronze,227031.33,3,75677.11,Laptops,HP,Quarterly
1987,Silver,433443.87,6,72240.65,Tablets,Samsung,Weekly
1988,Silver,199273.88,6,33212.31,Laptops,MacBook,Monthly
1989,Bronze,31632.38,1,31632.38,Mice,Logitech,Monthly
1990,Silver,205159.95,5,41031.99,Keyboards,Logitech,Monthly
1991,Silver,809121.84,4,202280.46,Smartphones,Poco,Bi-weekly
1992,Silver,46813.87,4,11703.47,Printers,Canon,Bi-weekly
1993,Silver,147554.96,5,29510.99,Mice,Dell,Weekly
1994,Silver,194126.78,4,48531.69,Monitors,MSI,Monthly
1995,Silver,11900.5,4,2975.12,Keyboards,Logitech,Weekly
1996,Gold,4369.0,7,624.14,Laptops,Dell,Monthly
1997,Bronze,1895.58,3,631.86,Monitors,MSI,Weekly
1998,Silver,412635.29,4,103158.82,Keyboards,Logitech,Monthly
1999,Bronze,261823.37,3,87274.46,Smartphones,Poco,Weekly
2000,Silver,59641.02,4,14910.25,Laptops,Lenovo,Weekly
2001,Silver,104283.99,5,20856.8,Mice,Logitech,Bi-weekly
2002,Bronze,51024.47,3,17008.16,Laptops,Dell,Quarterly
2003,Bronze,34932.32,3,11644.11,Laptops,MacBook,Monthly
2004,Silver,316012.34,4,79003.08,Mice,Corsair,Bi-weekly
2005,Bronze,84258.76,2,42129.38,Printers,HP,Weekly
2006,Bronze,405745.29,3,135248.43,Smartphones,Xiaomi,Bi-weekly
2007,Bronze,14279.98,1,14279.98,Mice,Logitech,Weekly
2008,Silver,58692.02,6,9782.0,Monitors,ASUS,Monthly
2009,Gold,111942.44,7,15991.78,Keyboards,Dell,Monthly
2010,Bronze,50825.74,2,25412.87,Smartphones,Realme,Monthly
2011,Silver,119709.3,5,23941.86,Monitors,BenQ,Weekly
2012,Silver,127199.11,5,25439.82,Tablets,Samsung,Monthly
2013,Silver,90631.78,6,15105.3,Tablets,Samsung,Bi-weekly
2014,Silver,1186205.64,6,197700.94,Monitors,LG,Quarterly
2015,Bronze,418086.38,3,139362.13,Tablets,iPad,Monthly
2016,Bronze,13828.84,1,13828.84,Tablets,iPad,Weekly
2017,Silver,315410.69,4,78852.67,Printers,HP,Quarterly
2018,Silver,632185.14,6,105364.19,Printers,Canon,Quarterly
2019,Silver,19515.91,4,4878.98,Monitors,ASUS,Weekly
2020,Silver,3664.97,5,732.99,Printers,HP,Bi-weekly
2021,Silver,206314.77,5,41262.95,Keyboards,Corsair,Weekly
2022,Silver,81572.96,6,13595.49,Smartphones,iPhone,Monthly
2023,Bronze,337853.32,3,112617.77,Mice,Logitech,Bi-weekly
2024,Bronze,46612.45,1,46612.45,Mice,Logitech,Bi-weekly
2025,Silver,20735.54,4,5183.89,Printers,Canon,Bi-weekly
2026,Silver,177754.94,4,44438.74,Laptops,MacBook,Bi-weekly
2027,Silver,3439.3,6,573.22,Monitors,ASUS,Quarterly
2028,Silver,110064.11,6,18344.02,Tablets,iPad,Bi-weekly
2029,Silver,233096.25,6,38849.38,Printers,HP,Bi-weekly
2030,Bronze,133807.45,3,44602.48,Mice,Dell,Quarterly
2031,Silver,371963.57,4,92990.89,Keyboards,Corsair,Bi-weekly
2032,Silver,10186.33,4,2546.58,Tablets,iPad,Weekly
2033,Gold,314662.54,8,39332.82,Mice,Logitech,Monthly
2034,Bronze,65984.74,2,32992.37,Monitors,BenQ,Bi-weekly
2035,Silver,183367.48,5,36673.5,Keyboards,Logitech,Monthly
2036,Silver,44488.84,5,8897.77,Printers,Canon,Quarterly
2037,Silver,175333.86,5,35066.77,Mice,Corsair,Bi-weekly
2038,Bronze,163703.89,3,54567.96,Monitors,MSI,Bi-weekly
2039,Silver,155501.06,4,38875.26,Printers,Canon,Quarterly
2040,Bronze,183696.45,3,61232.15,Mice,Logitech,Quarterly
2041,Gold,82454.12,8,10306.76,Smartphones,iPhone,Bi-weekly
2042,Bronze,324.7,1,324.7,Tablets,iPad,Bi-weekly
2043,Silver,41471.9,4,10367.97,Monitors,MSI,Weekly
2044,Silver,6270.63,4,1567.66,Printers,HP,Monthly
2045,Silver,289842.56,4,72460.64,Smartphones,iPhone,Weekly
2046,Bronze,23284.83,1,23284.83,Printers,HP,Weekly
2047,Gold,34403.68,8,4300.46,Keyboards,Corsair,Monthly
2048,Silver,194042.94,4,48510.74,Keyboards,Razer,Monthly
2049,Bronze,40475.82,1,40475.82,Mice,Corsair,Weekly
2050,Bronze,118577.19,3,39525.73,Tablets,Samsung,Monthly
2051,Gold,222762.35,9,24751.37,Tablets,iPad,Quarterly
2052,Bronze,10504.82,1,10504.82,Laptops,MacBook,Weekly
2053,Bronze,33648.74,2,16824.37,Tablets,Samsung,Bi-weekly
2054,Silver,103810.56,6,17301.76,Keyboards,Corsair,Bi-weekly
2055,Silver,181110.04,5,36222.01,Tablets,Samsung,Weekly
2056,Silver,122531.14,6,20421.86,Tablets,iPad,Bi-weekly
2057,Bronze,28834.25,2,14417.12,Monitors,MSI,Monthly
2058,Gold,403729.08,9,44858.79,Printers,HP,Bi-weekly
2059,Gold,682629.6,8,85328.7,Monitors,ASUS,Quarterly
2060,Silver,71343.7,5,14268.74,Tablets,Samsung,Monthly
2061,Silver,56104.93,5,11220.99,Keyboards,Razer,Quarterly
2062,Bronze,254152.48,3,84717.49,Smartphones,OnePlus,Bi-weekly
2063,Gold,134085.59,8,16760.7,Printers,Canon,Bi-weekly
2064,Bronze,77344.03,3,25781.34,Tablets,iPad,Weekly
2065,Silver,6921.15,4,1730.29,Mice,Corsair,Weekly
2066,Silver,84465.66,4,21116.41,Monitors,MSI,Bi-weekly
2067,Silver,159028.71,5,31805.74,Mice,Dell,Weekly
2068,Bronze,42342.05,3,14114.02,Smartphones,Realme,Quarterly
2069,Silver,579486.96,5,115897.39,Mice,Corsair,Monthly
2070,Gold,286008.44,7,40858.35,Smartphones,Poco,Quarterly
2071,Silver,138447.16,4,34611.79,Tablets,Samsung,Monthly
2072,Silver,290590.92,5,58118.18,Keyboards,Corsair,Bi-weekly
2073,Bronze,215485.42,3,71828.47,Smartphones,Xiaomi,Bi-weekly
2074,Silver,47111.64,6,7851.94,Tablets,Samsung,Monthly
2075,Silver,497481.54,5,99496.31,Monitors,ASUS,Quarterly
2076,Gold,126332.56,7,18047.51,Tablets,Samsung,Weekly
2077,Silver,115226.05,5,23045.21,Laptops,Lenovo,Weekly
2078,Gold,1227.4,7,175.34,Mice,Dell,Quarterly
2079,Silver,169642.18,4,42410.55,Smartphones,OnePlus,Bi-weekly
2080,Silver,227312.41,4,56828.1,Tablets,Samsung,Bi-weekly
2081,Silver,553204.94,5,110640.99,Printers,Canon,Weekly
2082,Bronze,305706.95,3,101902.32,Keyboards,Corsair,Bi-weekly
2083,Silver,384139.95,6,64023.33,Keyboards,Corsair,Weekly
2084,Silver,343259.51,4,85814.88,Monitors,Dell,Quarterly
2085,Gold,71146.09,8,8893.26,Keyboards,Logitech,Bi-weekly
2086,Silver,206385.5,4,51596.38,Printers,HP,Weekly
2087,Silver,182330.83,5,36466.17,Tablets,Samsung,Bi-weekly
2088,Silver,29772.76,4,7443.19,Printers,Canon,Monthly
2089,Bronze,70678.47,3,23559.49,Tablets,Samsung,Bi-weekly
2090,Silver,77962.01,5,15592.4,Laptops,Dell,Weekly
2091,Silver,96401.7,4,24100.43,Mice,Corsair,Quarterly
2092,Silver,238303.13,6,39717.19,Keyboards,Razer,Monthly
2093,Bronze,84622.32,3,28207.44,Keyboards,Dell,Quarterly
2094,Silver,276843.64,4,69210.91,Laptops,HP,Weekly
2095,Silver,58302.8,4,14575.7,Monitors,BenQ,Bi-weekly
2096,Silver,74381.73,6,12396.95,Smartphones,Poco,Weekly
2097,Gold,796789.06,7,113827.01,Laptops,HP,Monthly
2098,Silver,223994.75,5,44798.95,Printers,Canon,Quarterly
2099,Gold,166875.45,7,23839.35,Smartphones,Poco,Weekly
2100,Bronze,204119.47,3,68039.82,Mice,Dell,Bi-weekly
2101,Silver,533065.66,5,106613.13,Keyboards,Logitech,Monthly
2102,Silver,71148.44,5,14229.69,Tablets,Samsung,Monthly
2103,Silver,105929.84,4,26482.46,Smartphones,Samsung,Weekly
2104,Silver,49761.96,4,12440.49,Mice,Corsair,Monthly
2105,Bronze,20400.14,1,20400.14,Printers,Canon,Bi-weekly
2106,Bronze,18462.09,3,6154.03,Monitors,LG,Monthly
2107,Silver,99664.78,5,19932.96,Mice,Corsair,Weekly
2108,Silver,185527.75,4,46381.94,Keyboards,Dell,Quarterly
2109,Silver,82167.41,4,20541.85,Mice,Corsair,Weekly
2110,Silver,50456.42,5,10091.28,Printers,Canon,Quarterly
2111,Silver,310803.45,6,51800.57,Monitors,MSI,Monthly
2112,Bronze,36628.47,3,12209.49,Tablets,iPad,Weekly
2113,Bronze,7238.59,1,7238.59,Keyboards,Razer,Bi-weekly
2114,Bronze,229505.82,2,114752.91,Printers,Canon,Bi-weekly
2115,Gold,97350.91,7,13907.27,Laptops,MacBook,Bi-weekly
2116,Silver,537029.65,4,134257.41,Laptops,Lenovo,Monthly
2117,Silver,63143.27,5,12628.65,Mice,Logitech,Quarterly
2118,Silver,105340.64,6,17556.77,Keyboards,Corsair,Bi-weekly
2119,Bronze,13985.79,2,6992.9,Mice,Logitech,Monthly
2120,Bronze,214044.13,2,107022.07,Tablets,Samsung,Monthly
2121,Bronze,107776.95,2,53888.48,Printers,Canon,Quarterly
2122,Gold,768796.8,7,109828.11,Monitors,BenQ,Bi-weekly
2123,Silver,169854.74,6,28309.12,Smartphones,iPhone,Bi-weekly
2124,Silver,28124.35,6,4687.39,Mice,Corsair,Quarterly
2125,Bronze,26787.24,3,8929.08,Keyboards,Corsair,Monthly
2126,Gold,662807.27,7,94686.75,Mice,Dell,Bi-weekly
2127,Silver,357663.48,5,71532.7,Monitors,LG,Monthly
2128,Silver,57433.35,4,14358.34,Printers,Canon,Weekly
2129,Silver,25968.53,5,5193.71,Mice,Corsair,Monthly
2130,Gold,468324.72,7,66903.53,Mice,Corsair,Bi-weekly
2131,Silver,166395.79,5,33279.16,Mice,Corsair,Quarterly
2132,Silver,106910.52,5,21382.1,Printers,HP,Monthly
2133,Gold,24763.4,7,3537.63,Mice,Dell,Monthly
2134,Bronze,56158.13,1,56158.13,Mice,Dell,Bi-weekly
2135,Silver,206098.39,4,51524.6,Tablets,iPad,Bi-weekly
2136,Silver,166678.29,4,41669.57,Keyboards,Dell,Bi-weekly
2137,Gold,102103.1,7,14586.16,Mice,Dell,Bi-weekly
2138,Bronze,50225.47,1,50225.47,Smartphones,OnePlus,Monthly
2139,Silver,81626.69,5,16325.34,Printers,Canon,Quarterly
2140,Gold,644051.56,7,92007.37,Mice,Corsair,Quarterly
2141,Bronze,200374.93,3,66791.64,Laptops,Lenovo,Bi-weekly
2142,Silver,58119.03,6,9686.5,Printers,HP,Monthly
2143,Silver,22143.64,4,5535.91,Printers,HP,Monthly
2144,Silver,248705.94,4,62176.49,Tablets,iPad,Weekly
2145,Silver,27508.8,5,5501.76,Laptops,MacBook,Bi-weekly
2146,Silver,5064.41,5,1012.88,Mice,Logitech,Quarterly
2147,Bronze,1528.35,1,1528.35,Mice,Logitech,Quarterly
2148,Silver,24559.37,5,4911.87,Smartphones,Xiaomi,Weekly
2149,Bronze,79762.61,3,26587.54,Smartphones,Realme,Bi-weekly
2150,Bronze,48049.39,1,48049.39,Printers,Canon,Bi-weekly
2151,Silver,152187.61,4,38046.9,Laptops,MacBook,Weekly
2152,Gold,622263.3,9,69140.37,Mice,Dell,Quarterly
2153,Silver,348274.52,4,87068.63,Monitors,LG,Bi-weekly
2154,Silver,2668.06,4,667.02,Laptops,Lenovo,Monthly
2155,Silver,115219.05,6,19203.17,Monitors,BenQ,Weekly
2156,Silver,187649.78,5,37529.96,Laptops,Lenovo,Monthly
2157,Silver,97386.74,4,24346.68,Printers,HP,Monthly
2158,Gold,278119.27,7,39731.32,Keyboards,Razer,Weekly
2159,Gold,12480.65,7,1782.95,Tablets,Samsung,Weekly
2160,Bronze,1711.28,2,855.64,Printers,Canon,Weekly
2161,Bronze,110312.23,2,55156.11,Laptops,Dell,Monthly
2162,Silver,122206.06,4,30551.52,Printers,HP,Weekly
2163,Silver,523260.73,6,87210.12,Printers,Canon,Weekly
2164,Bronze,74804.36,3,24934.79,Monitors,LG,Bi-weekly
2165,Gold,33047.22,8,4130.9,Printers,HP,Weekly
2166,Silver,320120.96,4,80030.24,Laptops,Dell,Quarterly
2167,Silver,97860.76,6,16310.13,Tablets,iPad,Monthly
2168,Silver,128350.85,4,32087.71,Laptops,Dell,Monthly
2169,Bronze,13529.09,3,4509.7,Printers,HP,Bi-weekly
2170,Silver,144385.75,4,36096.44,Mice,Corsair,Quarterly
2171,Bronze,109659.04,3,36553.01,Printers,Canon,Weekly
2172,Gold,337831.96,8,42228.99,Smartphones,Samsung,Bi-weekly
2173,Bronze,34961.48,3,11653.83,Monitors,ASUS,Weekly
2174,Silver,9887.58,4,2471.89,Smartphones,Samsung,Quarterly
2175,Silver,126832.53,6,21138.76,Laptops,Lenovo,Bi-weekly
2176,Bronze,16707.37,3,5569.12,Monitors,BenQ,Monthly
2177,Silver,288063.99,6,48010.67,Printers,HP,Weekly
2178,Silver,98193.48,4,24548.37,Tablets,Samsung,Quarterly
2179,Silver,73478.48,5,14695.7,Monitors,BenQ,Weekly
2180,Bronze,19427.82,2,9713.91,Laptops,HP,Monthly
2181,Bronze,242671.23,3,80890.41,Laptops,MacBook,Bi-weekly
2182,Silver,189610.95,4,47402.74,Tablets,Samsung,Bi-weekly
2183,Bronze,243455.72,3,81151.91,Laptops,Lenovo,Monthly
2184,Gold,19294.56,9,2143.84,Monitors,LG,Monthly
2185,Silver,115553.16,4,28888.29,Printers,HP,Quarterly
2186,Silver,96938.98,5,19387.8,Keyboards,Razer,Monthly
2187,Silver,197918.5,6,32986.42,Printers,HP,Weekly
2188,Silver,316112.5,6,52685.42,Monitors,MSI,Quarterly
2189,Silver,109995.14,5,21999.03,Mice,Dell,Monthly
2190,Silver,152483.56,6,25413.93,Mice,Dell,Quarterly
2191,Silver,103645.18,4,25911.29,Monitors,BenQ,Weekly
2192,Bronze,631392.65,3,210464.22,Printers,Canon,Monthly
2193,Silver,41954.59,6,6992.43,Tablets,Samsung,Bi-weekly
2194,Gold,791814.17,7,113116.31,Monitors,MSI,Monthly
2195,Gold,110056.46,10,11005.65,Mice,Corsair,Weekly
2196,Silver,612655.57,6,102109.26,Tablets,iPad,Bi-weekly
2197,Silver,576623.23,6,96103.87,Smartphones,iPhone,Monthly
2198,Bronze,21601.62,3,7200.54,Mice,Logitech,Monthly
2199,Silver,309255.75,5,61851.15,Mice,Corsair,Monthly
2200,Silver,361646.77,6,60274.46,Printers,Canon,Bi-weekly
2201,Bronze,8224.94,2,4112.47,Mice,Corsair,Monthly
2202,Gold,1447060.71,9,160784.52,Tablets,iPad,Quarterly
2203,Silver,4967.25,4,1241.81,Printers,HP,Monthly
2204,Silver,558318.06,6,93053.01,Printers,HP,Bi-weekly
2205,Gold,212583.44,7,30369.06,Laptops,HP,Quarterly
2206,Bronze,211185.49,3,70395.16,Keyboards,Dell,Bi-weekly
2207,Silver,446096.2,4,111524.05,Mice,Corsair,Quarterly
2208,Silver,198173.35,5,39634.67,Smartphones,OnePlus,Bi-weekly
2209,Bronze,24235.48,1,24235.48,Laptops,Dell,Quarterly
2210,Bronze,110441.55,1,110441.55,Laptops,Dell,Weekly
2211,Bronze,25723.31,2,12861.65,Mice,Corsair,Weekly
2212,Silver,44720.18,4,11180.04,Laptops,Lenovo,Quarterly
2213,Bronze,41370.87,1,41370.87,Laptops,Dell,Monthly
2214,Gold,444685.09,7,63526.44,Monitors,BenQ,Weekly
2215,Silver,13876.03,5,2775.21,Tablets,iPad,Bi-weekly
2216,Silver,261086.27,6,43514.38,Printers,Canon,Weekly
2217,Gold,151298.19,7,21614.03,Monitors,BenQ,Quarterly
2218,Silver,25791.23,6,4298.54,Monitors,BenQ,Bi-weekly
2219,Silver,221902.75,6,36983.79,Keyboards,Logitech,Weekly
2220,Silver,61262.08,4,15315.52,Monitors,BenQ,Bi-weekly
2221,Bronze,81884.18,1,81884.18,Laptops,HP,Monthly
2222,Silver,270489.05,4,67622.26,Mice,Corsair,Quarterly
2223,Silver,117864.84,6,19644.14,Printers,Canon,Bi-weekly
2224,Bronze,265308.82,3,88436.27,Keyboards,Dell,Bi-weekly
2225,Silver,33129.92,6,5521.65,Monitors,LG,Quarterly
2226,Silver,65053.05,4,16263.26,Keyboards,Dell,Weekly
2227,Silver,29268.09,5,5853.62,Keyboards,Logitech,Monthly
2228,Bronze,223229.39,3,74409.8,Monitors,BenQ,Monthly
2229,Bronze,11047.65,3,3682.55,Tablets,Samsung,Quarterly
2230,Gold,525937.17,7,75133.88,Laptops,MacBook,Monthly
2231,Silver,456787.18,5,91357.44,Laptops,HP,Quarterly
2232,Gold,390184.52,7,55740.65,Smartphones,Xiaomi,Weekly
2233,Gold,578337.44,7,82619.63,Monitors,Dell,Weekly
2234,Silver,94940.53,4,23735.13,Monitors,BenQ,Weekly
2235,Bronze,197720.67,3,65906.89,Monitors,ASUS,Monthly
2236,Silver,22668.84,5,4533.77,Printers,HP,Weekly
2237,Bronze,412295.58,3,137431.86,Monitors,BenQ,Quarterly
2238,Gold,369459.09,8,46182.39,Smartphones,Samsung,Monthly
2239,Silver,104137.4,5,20827.48,Laptops,MacBook,Bi-weekly
2240,Silver,212440.44,5,42488.09,Tablets,Samsung,Monthly
2241,Gold,356419.62,7,50917.09,Tablets,Samsung,Weekly
2242,Silver,79837.98,5,15967.6,Smartphones,Xiaomi,Monthly
2243,Bronze,248750.49,3,82916.83,Tablets,Samsung,Monthly
2244,Bronze,23018.59,3,7672.86,Keyboards,Dell,Bi-weekly
2245,Gold,342230.79,7,48890.11,Tablets,iPad,Quarterly
2246,Silver,14964.23,6,2494.04,Smartphones,Realme,Quarterly
2247,Silver,285686.5,6,47614.42,Mice,Logitech,Bi-weekly
2248,Bronze,26296.71,3,8765.57,Printers,Canon,Quarterly
2249,Gold,595360.88,8,74420.11,Tablets,iPad,Quarterly
2250,Silver,802973.38,4,200743.34,Laptops,Lenovo,Monthly
2251,Bronze,20913.95,3,6971.32,Keyboards,Corsair,Monthly
2252,Bronze,103747.9,2,51873.95,Mice,Logitech,Bi-weekly
2253,Bronze,133204.73,2,66602.37,Keyboards,Corsair,Bi-weekly
2254,Silver,38205.38,4,9551.35,Smartphones,Realme,Monthly
2255,Silver,166517.89,4,41629.47,Tablets,iPad,Quarterly
2256,Silver,197868.38,6,32978.06,Laptops,Lenovo,Monthly
2257,Bronze,49856.95,2,24928.47,Laptops,Dell,Monthly
2258,Silver,405063.98,4,101266.0,Keyboards,Corsair,Quarterly
2259,Silver,93127.32,4,23281.83,Mice,Corsair,Weekly
2260,Silver,10621.28,5,2124.26,Smartphones,Realme,Bi-weekly
2261,Gold,95469.46,7,13638.49,Printers,HP,Bi-weekly
2262,Gold,437845.59,8,54730.7,Keyboards,Logitech,Bi-weekly
2263,Silver,29481.95,5,5896.39,Printers,Canon,Monthly
2264,Gold,116300.13,7,16614.3,Monitors,Dell,Weekly
2265,Bronze,43081.75,1,43081.75,Keyboards,Dell,Weekly
2266,Bronze,67716.83,3,22572.28,Monitors,Dell,Monthly
2267,Bronze,170721.12,3,56907.04,Monitors,MSI,Weekly
2268,Bronze,12452.33,1,12452.33,Keyboards,Razer,Monthly
2269,Gold,75546.16,7,10792.31,Keyboards,Corsair,Bi-weekly
2270,Bronze,171252.54,3,57084.18,Tablets,iPad,Bi-weekly
2271,Silver,277464.92,4,69366.23,Tablets,iPad,Bi-weekly
2272,Bronze,37659.62,3,12553.21,Tablets,Samsung,Weekly
2273,Silver,55634.31,6,9272.38,Smartphones,Xiaomi,Weekly
2274,Gold,33749.99,7,4821.43,Keyboards,Logitech,Monthly
2275,Bronze,31326.48,3,10442.16,Smartphones,OnePlus,Bi-weekly
2276,Silver,221844.96,5,44368.99,Printers,Canon,Weekly
2277,Silver,144862.34,6,24143.72,Laptops,MacBook,Bi-weekly
2278,Silver,160401.22,6,26733.54,Mice,Dell,Monthly
2279,Bronze,195104.1,3,65034.7,Mice,Dell,Bi-weekly
2280,Bronze,39766.28,2,19883.14,Smartphones,iPhone,Bi-weekly
2281,Silver,103179.52,5,20635.9,Keyboards,Razer,Quarterly
2282,Gold,165668.43,7,23666.92,Keyboards,Corsair,Bi-weekly
2283,Silver,72673.77,4,18168.44,Mice,Dell,Monthly
2284,Silver,331712.26,5,66342.45,Monitors,BenQ,Monthly
2285,Bronze,88405.51,1,88405.51,Tablets,Samsung,Weekly
2286,Gold,720930.26,7,102990.04,Laptops,Dell,Monthly
2287,Gold,228443.53,8,28555.44,Keyboards,Razer,Bi-weekly
2288,Bronze,4384.38,2,2192.19,Monitors,MSI,Weekly
2289,Silver,95560.81,4,23890.2,Printers,HP,Quarterly
2290,Silver,697827.57,5,139565.51,Laptops,HP,Quarterly
2291,Bronze,5591.34,1,5591.34,Laptops,Dell,Quarterly
2292,Gold,86119.06,7,12302.72,Tablets,Samsung,Bi-weekly
2293,Bronze,490479.41,3,163493.14,Smartphones,Xiaomi,Bi-weekly
2294,Gold,38560.15,9,4284.46,Keyboards,Corsair,Weekly
2295,Bronze,22211.04,3,7403.68,Tablets,Samsung,Quarterly
2296,Silver,106328.28,4,26582.07,Monitors,LG,Quarterly
2297,Silver,47530.69,4,11882.67,Laptops,Dell,Weekly
2298,Silver,28322.8,6,4720.47,Laptops,HP,Bi-weekly
2299,Gold,10707.57,8,1338.45,Laptops,Lenovo,Weekly
2300,Gold,1353277.68,7,193325.38,Mice,Logitech,Bi-weekly
2301,Bronze,134511.41,3,44837.14,Laptops,Dell,Monthly
2302,Silver,701823.03,5,140364.61,Tablets,Samsung,Weekly
2303,Bronze,19124.03,2,9562.01,Keyboards,Dell,Bi-weekly
2304,Gold,213504.39,7,30500.63,Laptops,MacBook,Quarterly
2305,Silver,160264.58,4,40066.14,Monitors,BenQ,Quarterly
2306,Bronze,18571.48,1,18571.48,Smartphones,Xiaomi,Weekly
2307,Silver,376043.2,6,62673.87,Smartphones,Poco,Bi-weekly
2308,Gold,850993.93,8,106374.24,Mice,Dell,Quarterly
2309,Silver,16248.92,5,3249.78,Tablets,iPad,Weekly
2310,Silver,98585.56,5,19717.11,Smartphones,Realme,Monthly
2311,Bronze,9628.01,1,9628.01,Smartphones,iPhone,Quarterly
2312,Bronze,41512.87,3,13837.62,Keyboards,Logitech,Bi-weekly
2313,Gold,700281.71,8,87535.21,Smartphones,Xiaomi,Quarterly
2314,Bronze,23702.14,2,11851.07,Mice,Corsair,Bi-weekly
2315,Silver,164500.92,6,27416.82,Tablets,iPad,Weekly
2316,Silver,58859.18,4,14714.8,Tablets,iPad,Monthly
2317,Silver,482504.75,5,96500.95,Monitors,BenQ,Weekly
2318,Bronze,50870.65,1,50870.65,Keyboards,Corsair,Quarterly
2319,Silver,338973.14,4,84743.28,Mice,Corsair,Quarterly
2320,Silver,130591.7,6,21765.28,Smartphones,Samsung,Weekly
2321,Bronze,284985.53,3,94995.18,Keyboards,Logitech,Quarterly
2322,Silver,23893.5,5,4778.7,Keyboards,Razer,Bi-weekly
2323,Silver,12072.62,6,2012.1,Mice,Logitech,Quarterly
2324,Silver,378275.2,6,63045.87,Printers,Canon,Monthly
2325,Bronze,51693.49,3,17231.16,Laptops,MacBook,Weekly
2326,Silver,43147.68,5,8629.54,Tablets,Samsung,Monthly
2327,Silver,61429.57,6,10238.26,Monitors,Dell,Monthly
2328,Silver,333367.08,5,66673.42,Smartphones,Poco,Quarterly
2329,Silver,103792.77,4,25948.19,Monitors,MSI,Quarterly
2330,Gold,14424.94,7,2060.71,Monitors,Dell,Quarterly
2331,Bronze,142031.53,2,71015.76,Tablets,Samsung,Quarterly
2332,Bronze,227237.48,3,75745.83,Printers,HP,Monthly
2333,Silver,67038.72,5,13407.74,Monitors,ASUS,Bi-weekly
2334,Silver,236360.37,5,47272.07,Mice,Dell,Weekly
2335,Silver,220566.52,4,55141.63,Laptops,MacBook,Bi-weekly
2336,Silver,225503.83,4,56375.96,Monitors,MSI,Quarterly
2337,Silver,274873.06,6,45812.18,Laptops,Lenovo,Weekly
2338,Silver,410012.14,5,82002.43,Printers,HP,Monthly
2339,Silver,183320.13,5,36664.03,Printers,Canon,Bi-weekly
2340,Bronze,60072.01,2,30036.0,Tablets,iPad,Weekly
2341,Bronze,93321.6,3,31107.2,Printers,Canon,Bi-weekly
2342,Silver,566873.78,4,141718.45,Monitors,MSI,Weekly
2343,Bronze,99972.64,3,33324.21,Smartphones,Poco,Quarterly
2344,Bronze,8528.92,2,4264.46,Smartphones,Poco,Monthly
2345,Silver,303713.33,5,60742.67,Printers,Canon,Weekly
2346,Silver,175302.07,4,43825.52,Tablets,iPad,Quarterly
2347,Gold,642649.01,9,71405.45,Keyboards,Logitech,Bi-weekly
2348,Bronze,84398.28,2,42199.14,Smartphones,Samsung,Monthly
2349,Bronze,87048.91,1,87048.91,Mice,Dell,Quarterly
2350,Silver,94189.25,5,18837.85,Smartphones,iPhone,Quarterly
2351,Silver,56062.45,5,11212.49,Printers,Canon,Monthly
2352,Gold,268206.54,7,38315.22,Smartphones,OnePlus,Weekly
2353,Silver,170159.09,6,28359.85,Keyboards,Corsair,Monthly
2354,Silver,134120.91,4,33530.23,Tablets,iPad,Bi-weekly
2355,Silver,88726.69,5,17745.34,Tablets,Samsung,Bi-weekly
2356,Silver,30240.93,4,7560.23,Tablets,iPad,Weekly
2357,Silver,165014.77,4,41253.69,Keyboards,Razer,Bi-weekly
2358,Gold,41156.45,7,5879.49,Monitors,MSI,Quarterly
2359,Bronze,72601.58,3,24200.53,Smartphones,Poco,Monthly
2360,Bronze,137301.41,3,45767.14,Laptops,HP,Quarterly
2361,Silver,90168.63,4,22542.16,Smartphones,iPhone,Monthly
2362,Bronze,58059.45,3,19353.15,Monitors,MSI,Bi-weekly
2363,Silver,214811.83,4,53702.96,Smartphones,Poco,Monthly
2364,Bronze,69739.93,2,34869.97,Tablets,iPad,Bi-weekly
2365,Bronze,27844.68,3,9281.56,Monitors,Dell,Monthly
2366,Silver,56869.32,4,14217.33,Printers,HP,Weekly
2367,Silver,290058.66,5,58011.73,Monitors,BenQ,Monthly
2368,Silver,212787.28,5,42557.46,Mice,Logitech,Bi-weekly
2369,Silver,175173.41,4,43793.35,Printers,Canon,Bi-weekly
2370,Silver,84573.87,6,14095.64,Mice,Dell,Monthly
2371,Silver,113353.13,5,22670.63,Mice,Corsair,Monthly
2372,Silver,8973.33,4,2243.33,Keyboards,Logitech,Monthly
2373,Silver,453110.0,5,90622.0,Mice,Dell,Quarterly
2374,Silver,192.69,4,48.17,Keyboards,Logitech,Monthly
2375,Silver,64283.56,4,16070.89,Keyboards,Razer,Monthly
2376,Silver,100909.13,5,20181.83,Printers,HP,Weekly
2377,Silver,204324.89,4,51081.22,Tablets,Samsung,Monthly
2378,Silver,153445.87,4,38361.47,Keyboards,Corsair,Quarterly
2379,Bronze,64366.86,3,21455.62,Mice,Dell,Weekly
2380,Silver,159926.6,6,26654.43,Printers,Canon,Weekly
2381,Gold,34108.66,7,4872.67,Tablets,Samsung,Weekly
2382,Gold,282217.24,8,35277.15,Keyboards,Razer,Bi-weekly
2383,Gold,148288.68,7,21184.1,Monitors,Dell,Bi-weekly
2384,Silver,80566.84,6,13427.81,Mice,Logitech,Weekly
2385,Bronze,5579.19,1,5579.19,Printers,Canon,Weekly
2386,Gold,237516.65,7,33930.95,Printers,Canon,Bi-weekly
2387,Silver,323817.25,5,64763.45,Keyboards,Logitech,Quarterly
2388,Silver,14920.89,5,2984.18,Keyboards,Dell,Weekly
2389,Bronze,61046.09,2,30523.04,Smartphones,Samsung,Monthly
2390,Silver,22557.55,6,3759.59,Smartphones,Xiaomi,Bi-weekly
2391,Bronze,3835.51,3,1278.5,Monitors,LG,Monthly
2392,Gold,103957.12,8,12994.64,Tablets,iPad,Quarterly
2393,Silver,77785.28,4,19446.32,Laptops,HP,Monthly
2394,Bronze,271051.29,3,90350.43,Keyboards,Dell,Bi-weekly
2395,Silver,39567.81,6,6594.63,Printers,HP,Weekly
2396,Gold,23865.93,7,3409.42,Printers,Canon,Quarterly
2397,Silver,497318.83,6,82886.47,Monitors,ASUS,Weekly
2398,Gold,152356.55,7,21765.22,Keyboards,Logitech,Quarterly
2399,Silver,88870.78,5,17774.16,Tablets,iPad,Bi-weekly
2400,Silver,93277.32,6,15546.22,Printers,HP,Quarterly
2401,Bronze,92642.86,3,30880.95,Laptops,HP,Monthly
2402,Silver,80285.21,6,13380.87,Laptops,HP,Weekly
2403,Gold,144918.16,7,20702.59,Keyboards,Razer,Weekly
2404,Silver,66168.09,6,11028.01,Smartphones,Xiaomi,Weekly
2405,Silver,56128.54,5,11225.71,Laptops,Dell,Quarterly
2406,Gold,93971.33,7,13424.48,Monitors,Dell,Weekly
2407,Gold,74486.65,7,10640.95,Tablets,iPad,Monthly
2408,Silver,417547.77,5,83509.55,Tablets,Samsung,Weekly
2409,Silver,429609.82,4,107402.46,Printers,HP,Monthly
2410,Bronze,7921.65,2,3960.83,Laptops,HP,Bi-weekly
2411,Gold,557197.83,7,79599.69,Keyboards,Dell,Quarterly
2412,Silver,328397.98,6,54733.0,Keyboards,Razer,Bi-weekly
2413,Silver,32886.98,6,5481.16,Mice,Corsair,Bi-weekly
2414,Silver,406936.46,4,101734.12,Tablets,iPad,Quarterly
2415,Silver,334267.42,6,55711.24,Monitors,Dell,Bi-weekly
2416,Bronze,86819.74,3,28939.91,Laptops,Lenovo,Weekly
2417,Bronze,15122.24,3,5040.75,Smartphones,OnePlus,Quarterly
2418,Silver,23568.03,4,5892.01,Tablets,iPad,Weekly
2419,Bronze,168546.39,3,56182.13,Tablets,iPad,Bi-weekly
2420,Silver,129377.23,5,25875.45,Tablets,iPad,Monthly
2421,Silver,63664.36,4,15916.09,Mice,Dell,Bi-weekly
2422,Silver,15515.96,4,3878.99,Laptops,Dell,Bi-weekly
2423,Silver,18013.99,6,3002.33,Monitors,LG,Bi-weekly
2424,Silver,227848.0,6,37974.67,Monitors,MSI,Weekly
2425,Silver,475283.83,5,95056.77,Smartphones,Xiaomi,Monthly
2426,Silver,50021.79,5,10004.36,Smartphones,Realme,Bi-weekly
2427,Gold,158876.74,8,19859.59,Tablets,iPad,Weekly
2428,Silver,151494.29,6,25249.05,Mice,Corsair,Bi-weekly
2429,Silver,615897.25,6,102649.54,Keyboards,Razer,Bi-weekly
2430,Gold,402917.91,7,57559.7,Laptops,Lenovo,Weekly
2431,Silver,57146.4,5,11429.28,Monitors,LG,Bi-weekly
2432,Silver,18772.33,4,4693.08,Mice,Corsair,Weekly
2433,Silver,38039.37,5,7607.87,Printers,HP,Weekly
2434,Silver,177305.23,4,44326.31,Smartphones,Poco,Weekly
2435,Bronze,13070.91,2,6535.45,Monitors,MSI,Weekly
2436,Gold,252481.33,8,31560.17,Monitors,LG,Quarterly
2437,Silver,74007.93,5,14801.59,Tablets,Samsung,Weekly
2438,Silver,31466.14,4,7866.54,Keyboards,Logitech,Bi-weekly
2439,Silver,51652.04,6,8608.67,Mice,Dell,Bi-weekly
2440,Bronze,78784.47,3,26261.49,Keyboards,Logitech,Bi-weekly
2441,Gold,316262.5,8,39532.81,Keyboards,Logitech,Monthly
2442,Bronze,72815.78,3,24271.93,Smartphones,iPhone,Quarterly
2443,Silver,753856.72,5,150771.34,Laptops,HP,Monthly
2444,Bronze,243628.59,2,121814.3,Printers,Canon,Weekly
2445,Bronze,38463.79,2,19231.9,Laptops,HP,Weekly
2446,Bronze,163613.29,3,54537.76,Keyboards,Logitech,Bi-weekly
2447,Gold,287482.49,8,35935.31,Smartphones,OnePlus,Weekly
2448,Silver,9134.36,4,2283.59,Tablets,iPad,Weekly
2449,Silver,31480.75,4,7870.19,Tablets,iPad,Bi-weekly
2450,Silver,31763.55,5,6352.71,Laptops,Lenovo,Monthly
2451,Bronze,113367.25,3,37789.08,Monitors,BenQ,Monthly
2452,Silver,13002.2,4,3250.55,Mice,Dell,Weekly
2453,Silver,47959.85,5,9591.97,Monitors,Dell,Weekly
2454,Silver,54837.81,5,10967.56,Laptops,MacBook,Monthly
2455,Bronze,6483.67,1,6483.67,Mice,Corsair,Weekly
2456,Silver,104164.56,4,26041.14,Keyboards,Razer,Quarterly
2457,Bronze,194592.37,3,64864.12,Mice,Logitech,Monthly
2458,Silver,46610.59,5,9322.12,Mice,Dell,Monthly
2459,Silver,29937.1,6,4989.52,Printers,Canon,Weekly
2460,Silver,303843.45,5,60768.69,Monitors,BenQ,Monthly
2461,Gold,366521.37,7,52360.2,Keyboards,Logitech,Monthly
2462,Silver,427393.1,5,85478.62,Laptops,Lenovo,Weekly
2463,Gold,1346922.87,10,134692.29,Monitors,LG,Quarterly
2464,Gold,221421.27,7,31631.61,Monitors,Dell,Bi-weekly
2465,Silver,322314.37,4,80578.59,Mice,Logitech,Weekly
2466,Silver,491467.71,4,122866.93,Laptops,Dell,Monthly
2467,Gold,263932.24,8,32991.53,Monitors,ASUS,Quarterly
2468,Bronze,13570.25,3,4523.42,Laptops,MacBook,Bi-weekly
2469,Bronze,40231.99,2,20115.99,Mice,Logitech,Monthly
2470,Bronze,3180.17,2,1590.08,Laptops,MacBook,Quarterly
2471,Silver,66666.4,5,13333.28,Keyboards,Dell,Bi-weekly
2472,Silver,160926.37,5,32185.27,Laptops,Lenovo,Quarterly
2473,Bronze,61754.5,3,20584.83,Monitors,ASUS,Monthly
2474,Silver,182316.05,6,30386.01,Mice,Corsair,Bi-weekly
2475,Silver,327535.19,4,81883.8,Keyboards,Logitech,Bi-weekly
2476,Bronze,75996.32,2,37998.16,Tablets,iPad,Bi-weekly
2477,Gold,205192.33,7,29313.19,Keyboards,Dell,Weekly
2478,Silver,375832.13,6,62638.69,Smartphones,Realme,Quarterly
2479,Silver,214560.15,5,42912.03,Monitors,Dell,Bi-weekly
2480,Gold,241739.04,8,30217.38,Monitors,LG,Bi-weekly
2481,Bronze,134289.93,3,44763.31,Smartphones,OnePlus,Weekly
2482,Bronze,68464.88,2,34232.44,Tablets,Samsung,Quarterly
2483,Silver,117534.98,5,23507.0,Laptops,Dell,Quarterly
2484,Gold,35973.01,7,5139.0,Laptops,Lenovo,Monthly
2485,Bronze,33732.71,1,33732.71,Printers,HP,Weekly
2486,Gold,333672.53,8,41709.07,Mice,Dell,Bi-weekly
2487,Silver,133272.09,6,22212.02,Laptops,HP,Monthly
2488,Gold,33765.1,7,4823.59,Keyboards,Dell,Weekly
2489,Silver,93687.45,6,15614.58,Tablets,iPad,Bi-weekly
2490,Bronze,8099.71,3,2699.9,Keyboards,Razer,Monthly
2491,Silver,19145.08,6,3190.85,Mice,Dell,Weekly
2492,Silver,382964.04,4,95741.01,Keyboards,Corsair,Monthly
2493,Silver,18932.48,4,4733.12,Mice,Logitech,Weekly
2494,Silver,311814.05,5,62362.81,Smartphones,Xiaomi,Quarterly
2495,Silver,54004.25,5,10800.85,Smartphones,Poco,Weekly
2496,Silver,166729.78,5,33345.96,Tablets,iPad,Weekly
2497,Silver,85709.84,4,21427.46,Tablets,Samsung,Bi-weekly
2498,Silver,124267.47,4,31066.87,Monitors,BenQ,Monthly
2499,Silver,209415.42,6,34902.57,Tablets,iPad,Bi-weekly
2500,Gold,94355.83,8,11794.48,Smartphones,Poco,Bi-weekly
2501,Silver,182179.82,4,45544.95,Laptops,HP,Monthly
2502,Bronze,1731.41,1,1731.41,Tablets,iPad,Weekly
2503,Silver,72841.32,4,18210.33,Mice,Dell,Quarterly
2504,Gold,327925.03,8,40990.63,Keyboards,Dell,Quarterly
2505,Silver,37247.22,4,9311.8,Keyboards,Razer,Quarterly
2506,Silver,525215.62,5,105043.12,Tablets,Samsung,Monthly
2507,Silver,173129.05,5,34625.81,Monitors,ASUS,Monthly
2508,Bronze,206346.03,3,68782.01,Keyboards,Dell,Weekly
2509,Silver,36257.91,5,7251.58,Smartphones,Samsung,Weekly
2510,Bronze,110368.46,3,36789.49,Keyboards,Logitech,Monthly
2511,Bronze,19223.23,1,19223.23,Laptops,HP,Quarterly
2512,Silver,39949.6,5,7989.92,Smartphones,OnePlus,Quarterly
2513,Bronze,25379.41,2,12689.7,Monitors,Dell,Monthly
2514,Silver,44621.12,6,7436.85,Keyboards,Logitech,Quarterly
2515,Silver,56363.83,4,14090.96,Printers,HP,Bi-weekly
2516,Gold,332454.31,7,47493.47,Mice,Logitech,Weekly
2517,Silver,70431.33,4,17607.83,Smartphones,Xiaomi,Quarterly
2518,Bronze,69536.99,1,69536.99,Mice,Corsair,Weekly
2519,Bronze,99744.28,2,49872.14,Tablets,Samsung,Monthly
2520,Gold,939361.12,8,117420.14,Laptops,Lenovo,Weekly
2521,Silver,119323.17,4,29830.79,Smartphones,Samsung,Quarterly
2522,Bronze,100414.18,3,33471.39,Monitors,Dell,Bi-weekly
2523,Silver,765441.64,6,127573.61,Tablets,iPad,Bi-weekly
2524,Bronze,193914.45,2,96957.23,Laptops,Lenovo,Monthly
2525,Silver,4520.05,5,904.01,Monitors,BenQ,Monthly
2526,Bronze,88272.16,2,44136.08,Keyboards,Corsair,Bi-weekly
2527,Bronze,63715.17,3,21238.39,Monitors,Dell,Monthly
2528,Silver,462136.65,4,115534.16,Mice,Corsair,Weekly
2529,Bronze,310146.37,3,103382.12,Mice,Logitech,Weekly
2530,Silver,66327.68,6,11054.61,Tablets,iPad,Bi-weekly
2531,Silver,181317.48,6,30219.58,Keyboards,Dell,Weekly
2532,Bronze,113645.93,2,56822.97,Smartphones,Poco,Monthly
2533,Silver,61423.51,4,15355.88,Smartphones,OnePlus,Monthly
2534,Bronze,106499.28,3,35499.76,Keyboards,Logitech,Bi-weekly
2535,Gold,159482.25,7,22783.18,Printers,HP,Bi-weekly
2536,Silver,78432.33,4,19608.08,Tablets,Samsung,Monthly
2537,Bronze,42339.13,3,14113.04,Laptops,HP,Bi-weekly
2538,Silver,323948.63,4,80987.16,Printers,Canon,Weekly
2539,Silver,302620.92,4,75655.23,Mice,Corsair,Quarterly
2540,Gold,229036.73,7,32719.53,Monitors,Dell,Weekly
2541,Bronze,19941.07,3,6647.02,Laptops,MacBook,Weekly
2542,Gold,227037.22,7,32433.89,Mice,Logitech,Weekly
2543,Bronze,21086.07,2,10543.03,Mice,Logitech,Monthly
2544,Silver,386668.47,5,77333.69,Tablets,Samsung,Bi-weekly
2545,Bronze,223273.76,3,74424.59,Smartphones,Realme,Bi-weekly
2546,Silver,75222.61,5,15044.52,Keyboards,Corsair,Monthly
2547,Bronze,114684.82,2,57342.41,Smartphones,Xiaomi,Bi-weekly
2548,Silver,546002.43,6,91000.4,Tablets,Samsung,Quarterly
2549,Bronze,63695.54,3,21231.85,Monitors,BenQ,Monthly
2550,Silver,113249.25,5,22649.85,Keyboards,Razer,Bi-weekly
2551,Gold,74403.61,8,9300.45,Printers,HP,Weekly
2552,Bronze,443155.66,3,147718.55,Laptops,HP,Monthly
2553,Bronze,30136.7,1,30136.7,Keyboards,Razer,Monthly
2554,Bronze,14884.87,2,7442.43,Keyboards,Logitech,Weekly
2555,Gold,198397.23,7,28342.46,Monitors,MSI,Bi-weekly
2556,Silver,7685.38,4,1921.34,Mice,Corsair,Bi-weekly
2557,Gold,384568.48,7,54938.35,Monitors,ASUS,Weekly
2558,Bronze,92362.67,2,46181.33,Printers,HP,Monthly
2559,Silver,510238.86,4,127559.72,Laptops,Dell,Quarterly
2560,Silver,183913.4,5,36782.68,Tablets,Samsung,Bi-weekly
2561,Bronze,215420.24,2,107710.12,Printers,HP,Bi-weekly
2562,Silver,295287.53,5,59057.51,Laptops,Lenovo,Weekly
2563,Silver,142301.91,6,23716.98,Printers,HP,Quarterly
2564,Silver,199692.77,6,33282.13,Keyboards,Corsair,Weekly
2565,Silver,152077.55,5,30415.51,Keyboards,Corsair,Bi-weekly
2566,Bronze,126785.79,3,42261.93,Laptops,Dell,Quarterly
2567,Bronze,155900.58,3,51966.86,Laptops,MacBook,Weekly
2568,Silver,181310.13,4,45327.53,Printers,HP,Weekly
2569,Silver,229577.43,6,38262.91,Printers,Canon,Bi-weekly
2570,Gold,7285.61,9,809.51,Printers,HP,Weekly
2571,Silver,123084.33,5,24616.87,Smartphones,Realme,Bi-weekly
2572,Bronze,17616.61,2,8808.3,Laptops,HP,Monthly
2573,Bronze,105370.8,2,52685.4,Laptops,Lenovo,Monthly
2574,Silver,142340.24,6,23723.37,Smartphones,Realme,Quarterly
2575,Silver,203357.13,6,33892.86,Keyboards,Dell,Quarterly
2576,Bronze,16139.42,2,8069.71,Tablets,iPad,Monthly
2577,Silver,6309.27,4,1577.32,Tablets,Samsung,Bi-weekly
2578,Silver,9072.05,5,1814.41,Laptops,MacBook,Weekly
2579,Silver,829238.99,5,165847.8,Laptops,MacBook,Bi-weekly
2580,Gold,126743.56,7,18106.22,Keyboards,Corsair,Bi-weekly
2581,Silver,60446.87,5,12089.37,Mice,Corsair,Monthly
2582,Silver,270660.06,6,45110.01,Mice,Logitech,Weekly
2583,Bronze,164856.92,2,82428.46,Printers,HP,Weekly
2584,Bronze,247778.85,3,82592.95,Monitors,BenQ,Quarterly
2585,Gold,295621.32,7,42231.62,Monitors,Dell,Bi-weekly
2586,Gold,5670.9,8,708.86,Laptops,MacBook,Bi-weekly
2587,Bronze,31774.58,3,10591.53,Printers,Canon,Bi-weekly
2588,Silver,288831.81,5,57766.36,Smartphones,Xiaomi,Quarterly
2589,Silver,171825.13,4,42956.28,Tablets,Samsung,Weekly
2590,Bronze,112182.35,3,37394.12,Smartphones,Realme,Quarterly
2591,Bronze,127957.56,3,42652.52,Keyboards,Dell,Monthly
2592,Gold,615481.93,7,87925.99,Monitors,ASUS,Weekly
2593,Bronze,96085.01,3,32028.34,Smartphones,OnePlus,Weekly
2594,Gold,1239987.43,7,177141.06,Monitors,MSI,Monthly
2595,Gold,418017.95,9,46446.44,Mice,Corsair,Bi-weekly
2596,Bronze,171517.93,2,85758.96,Tablets,Samsung,Quarterly
2597,Gold,847202.32,7,121028.9,Laptops,HP,Weekly
2598,Silver,598217.69,6,99702.95,Laptops,HP,Bi-weekly
2599,Silver,114480.08,4,28620.02,Mice,Corsair,Weekly
2600,Gold,79560.74,8,9945.09,Tablets,iPad,Bi-weekly
2601,Gold,351157.23,7,50165.32,Smartphones,Xiaomi,Quarterly
2602,Bronze,36531.59,3,12177.2,Smartphones,iPhone,Weekly
2603,Silver,36480.52,4,9120.13,Keyboards,Corsair,Weekly
2604,Silver,643416.09,5,128683.22,Smartphones,iPhone,Monthly
2605,Bronze,77355.83,1,77355.83,Printers,Canon,Bi-weekly
2606,Bronze,37861.26,2,18930.63,Mice,Corsair,Bi-weekly
2607,Gold,476777.93,7,68111.13,Mice,Dell,Quarterly
2608,Silver,108960.63,4,27240.16,Mice,Logitech,Weekly
2609,Gold,500870.26,7,71552.89,Laptops,Lenovo,Monthly
2610,Bronze,90576.97,3,30192.32,Monitors,LG,Quarterly
2611,Bronze,14287.76,1,14287.76,Monitors,LG,Monthly
2612,Gold,129993.12,8,16249.14,Laptops,HP,Quarterly
2613,Silver,42219.06,5,8443.81,Tablets,iPad,Bi-weekly
2614,Gold,332183.23,7,47454.75,Tablets,iPad,Quarterly
2615,Bronze,240430.48,3,80143.49,Mice,Dell,Bi-weekly
2616,Silver,229631.63,5,45926.33,Tablets,Samsung,Bi-weekly
2617,Bronze,232632.51,3,77544.17,Mice,Corsair,Weekly
2618,Bronze,4128.78,3,1376.26,Monitors,Dell,Weekly
2619,Silver,337336.17,5,67467.23,Mice,Corsair,Quarterly
2620,Silver,35877.24,5,7175.45,Smartphones,iPhone,Quarterly
2621,Gold,744531.95,7,106361.71,Mice,Logitech,Bi-weekly
2622,Silver,136620.41,5,27324.08,Tablets,Samsung,Monthly
2623,Silver,35254.28,5,7050.86,Smartphones,Realme,Monthly
2624,Bronze,271110.78,2,135555.39,Monitors,ASUS,Quarterly
2625,Silver,1191600.74,5,238320.15,Monitors,ASUS,Monthly
2626,Silver,355730.86,5,71146.17,Monitors,ASUS,Monthly
2627,Silver,13901.64,4,3475.41,Mice,Logitech,Quarterly
2628,Silver,994543.87,6,165757.31,Printers,Canon,Bi-weekly
2629,Silver,93953.46,5,18790.69,Smartphones,Poco,Bi-weekly
2630,Silver,62397.41,5,12479.48,Smartphones,Realme,Quarterly
2631,Silver,527887.65,6,87981.28,Mice,Corsair,Weekly
2632,Bronze,156924.28,2,78462.14,Smartphones,Samsung,Monthly
2633,Bronze,92728.51,3,30909.5,Tablets,Samsung,Weekly
2634,Silver,36673.45,6,6112.24,Printers,Canon,Quarterly
2635,Bronze,11435.88,3,3811.96,Keyboards,Corsair,Weekly
2636,Silver,76003.54,5,15200.71,Tablets,Samsung,Quarterly
2637,Silver,89672.02,4,22418.01,Keyboards,Logitech,Quarterly
2638,Bronze,20161.36,1,20161.36,Tablets,Samsung,Quarterly
2639,Gold,1084367.6,10,108436.76,Monitors,ASUS,Monthly
2640,Gold,33594.79,8,4199.35,Monitors,MSI,Bi-weekly
2641,Silver,26709.53,4,6677.38,Keyboards,Corsair,Bi-weekly
2642,Silver,71139.85,4,17784.96,Smartphones,Poco,Quarterly
2643,Silver,29757.5,4,7439.37,Mice,Dell,Bi-weekly
2644,Bronze,13585.03,2,6792.52,Keyboards,Corsair,Quarterly
2645,Silver,129552.23,4,32388.06,Tablets,Samsung,Weekly
2646,Bronze,108852.98,2,54426.49,Mice,Corsair,Weekly
2647,Silver,184185.79,4,46046.45,Printers,Canon,Quarterly
2648,Bronze,31570.38,2,15785.19,Monitors,MSI,Weekly
2649,Bronze,60996.31,2,30498.15,Laptops,HP,Monthly
2650,Bronze,42492.36,3,14164.12,Monitors,Dell,Quarterly
2651,Silver,96802.16,4,24200.54,Monitors,LG,Quarterly
2652,Bronze,5130.75,1,5130.75,Mice,Dell,Weekly
2653,Silver,216611.29,5,43322.26,Tablets,iPad,Bi-weekly
2654,Silver,60220.87,6,10036.81,Printers,Canon,Monthly
2655,Silver,154943.46,6,25823.91,Monitors,MSI,Bi-weekly
2656,Gold,158038.35,9,17559.82,Tablets,iPad,Quarterly
2657,Silver,179671.77,4,44917.94,Laptops,MacBook,Quarterly
2658,Silver,858552.25,6,143092.04,Monitors,BenQ,Weekly
2659,Silver,115383.02,6,19230.5,Laptops,Lenovo,Monthly
2660,Silver,150208.71,4,37552.18,Smartphones,Xiaomi,Bi-weekly
2661,Bronze,29236.57,1,29236.57,Printers,Canon,Weekly
2662,Silver,395469.84,5,79093.97,Mice,Dell,Bi-weekly
2663,Bronze,276345.7,3,92115.23,Printers,HP,Quarterly
2664,Silver,120711.15,5,24142.23,Smartphones,Realme,Bi-weekly
2665,Silver,239116.84,5,47823.37,Printers,HP,Weekly
2666,Bronze,23719.52,3,7906.51,Printers,HP,Quarterly
2667,Silver,55014.58,4,13753.64,Laptops,Lenovo,Quarterly
2668,Gold,1469710.4,7,209958.63,Smartphones,Xiaomi,Bi-weekly
2669,Silver,14329.18,4,3582.29,Printers,Canon,Monthly
2670,Silver,282013.63,5,56402.73,Printers,HP,Monthly
2671,Bronze,54139.29,1,54139.29,Smartphones,iPhone,Monthly
2672,Silver,604575.99,4,151144.0,Keyboards,Dell,Quarterly
2673,Silver,180.68,4,45.17,Laptops,Dell,Weekly
2674,Silver,57035.73,6,9505.96,Tablets,Samsung,Quarterly
2675,Bronze,189045.52,2,94522.76,Keyboards,Dell,Weekly
2676,Silver,744458.05,4,186114.51,Keyboards,Corsair,Quarterly
2677,Bronze,39909.72,1,39909.72,Keyboards,Corsair,Weekly
2678,Silver,41149.95,5,8229.99,Tablets,Samsung,Quarterly
2679,Silver,107508.0,5,21501.6,Printers,Canon,Monthly
2680,Bronze,128340.83,3,42780.28,Mice,Dell,Weekly
2681,Bronze,46077.05,3,15359.02,Smartphones,Xiaomi,Bi-weekly
2682,Silver,68691.44,6,11448.57,Tablets,iPad,Weekly
2683,Silver,25225.46,4,6306.37,Printers,Canon,Monthly
2684,Bronze,78860.03,3,26286.68,Smartphones,Poco,Weekly
2685,Silver,113080.3,6,18846.72,Keyboards,Razer,Quarterly
2686,Silver,196940.73,4,49235.18,Printers,Canon,Weekly
2687,Silver,403954.35,6,67325.72,Tablets,iPad,Monthly
2688,Silver,99036.69,6,16506.11,Monitors,ASUS,Quarterly
2689,Bronze,27892.2,3,9297.4,Mice,Corsair,Bi-weekly
2690,Bronze,136888.7,2,68444.35,Printers,Canon,Weekly
2691,Bronze,108262.46,2,54131.23,Laptops,MacBook,Quarterly
2692,Silver,1215718.0,6,202619.67,Mice,Corsair,Monthly
2693,Silver,803776.74,6,133962.79,Smartphones,Realme,Bi-weekly
2694,Silver,380204.81,5,76040.96,Keyboards,Logitech,Quarterly
2695,Silver,102649.8,4,25662.45,Printers,Canon,Bi-weekly
2696,Silver,113144.74,5,22628.95,Smartphones,OnePlus,Bi-weekly
2697,Silver,327736.1,5,65547.22,Smartphones,OnePlus,Bi-weekly
2698,Bronze,10433.56,2,5216.78,Printers,HP,Monthly
2699,Bronze,15518.05,3,5172.68,Monitors,BenQ,Weekly
2700,Bronze,109652.3,3,36550.77,Smartphones,OnePlus,Quarterly
2701,Gold,61538.83,10,6153.88,Laptops,HP,Bi-weekly
2702,Silver,235116.71,6,39186.12,Tablets,Samsung,Quarterly
2703,Silver,224623.55,4,56155.89,Printers,HP,Monthly
2704,Silver,21367.53,4,5341.88,Tablets,Samsung,Quarterly
2705,Bronze,305983.18,3,101994.39,Printers,Canon,Weekly
2706,Silver,80759.1,6,13459.85,Monitors,LG,Weekly
2707,Gold,133008.22,10,13300.82,Tablets,Samsung,Monthly
2708,Gold,126923.42,9,14102.6,Smartphones,Realme,Quarterly
2709,Gold,360251.58,7,51464.51,Tablets,iPad,Bi-weekly
2710,Silver,10885.8,6,1814.3,Keyboards,Dell,Weekly
2711,Silver,88796.68,6,14799.45,Printers,Canon,Monthly
2712,Silver,44898.44,5,8979.69,Smartphones,Realme,Monthly
2713,Silver,178468.65,4,44617.16,Keyboards,Dell,Quarterly
2714,Silver,262492.7,6,43748.78,Printers,HP,Quarterly
2715,Silver,603132.22,6,100522.04,Printers,Canon,Bi-weekly
2716,Bronze,91999.38,2,45999.69,Monitors,Dell,Weekly
2717,Silver,228794.27,4,57198.57,Smartphones,Poco,Bi-weekly
2718,Silver,47074.02,4,11768.51,Smartphones,Samsung,Monthly
2719,Silver,203892.55,4,50973.14,Smartphones,Poco,Monthly
2720,Gold,11816.24,8,1477.03,Smartphones,Realme,Quarterly
2721,Bronze,99001.29,2,49500.65,Monitors,LG,Quarterly
2722,Silver,128315.85,5,25663.17,Keyboards,Dell,Weekly
2723,Silver,97788.72,6,16298.12,Keyboards,Logitech,Monthly
2724,Silver,67311.31,4,16827.83,Smartphones,Samsung,Monthly
2725,Bronze,32653.18,1,32653.18,Laptops,Dell,Quarterly
2726,Gold,333811.32,7,47687.33,Mice,Logitech,Weekly
2727,Gold,56751.68,7,8107.38,Laptops,Lenovo,Quarterly
2728,Silver,364479.65,6,60746.61,Tablets,iPad,Weekly
2729,Bronze,11778.7,3,3926.23,Printers,HP,Bi-weekly
2730,Bronze,383206.45,3,127735.48,Mice,Corsair,Bi-weekly
2731,Bronze,228221.97,3,76073.99,Printers,Canon,Weekly
2732,Silver,660465.84,5,132093.17,Keyboards,Razer,Weekly
2733,Bronze,108241.19,2,54120.59,Mice,Dell,Quarterly
2734,Bronze,68906.2,2,34453.1,Smartphones,OnePlus,Weekly
2735,Bronze,117307.12,2,58653.56,Keyboards,Corsair,Monthly
2736,Silver,272645.11,5,54529.02,Laptops,Dell,Bi-weekly
2737,Bronze,8689.79,1,8689.79,Keyboards,Logitech,Monthly
2738,Silver,25176.86,6,4196.14,Printers,HP,Monthly
2739,Gold,580627.81,8,72578.48,Tablets,Samsung,Monthly
2740,Silver,66772.05,5,13354.41,Laptops,HP,Bi-weekly
2741,Silver,136957.05,4,34239.26,Monitors,BenQ,Monthly
2742,Silver,128897.16,4,32224.29,Smartphones,OnePlus,Weekly
2743,Bronze,96527.99,1,96527.99,Mice,Logitech,Bi-weekly
2744,Silver,15461.69,5,3092.34,Keyboards,Logitech,Monthly
2745,Silver,181471.17,5,36294.23,Printers,Canon,Weekly
2746,Silver,267054.25,5,53410.85,Keyboards,Razer,Weekly
2747,Silver,61705.77,5,12341.15,Printers,Canon,Weekly
2748,Silver,143463.32,4,35865.83,Monitors,Dell,Bi-weekly
2749,Gold,119800.04,7,17114.29,Keyboards,Corsair,Bi-weekly
2750,Silver,61935.03,4,15483.76,Keyboards,Razer,Weekly
2751,Silver,81802.31,6,13633.72,Laptops,HP,Weekly
2752,Bronze,22632.6,1,22632.6,Laptops,Lenovo,Bi-weekly
2753,Bronze,9176.27,3,3058.76,Keyboards,Dell,Weekly
2754,Bronze,80534.55,2,40267.28,Keyboards,Logitech,Weekly
2755,Gold,339096.32,8,42387.04,Mice,Dell,Weekly
2756,Bronze,1641.56,2,820.78,Mice,Corsair,Bi-weekly
2757,Silver,345797.52,5,69159.5,Smartphones,Xiaomi,Bi-weekly
2758,Silver,355130.35,4,88782.59,Monitors,BenQ,Monthly
2759,Silver,339630.99,4,84907.75,Laptops,Lenovo,Quarterly
2760,Silver,150089.13,5,30017.83,Monitors,Dell,Weekly
2761,Bronze,74781.76,2,37390.88,Tablets,iPad,Quarterly
2762,Bronze,66222.38,2,33111.19,Laptops,MacBook,Quarterly
2763,Silver,38097.29,6,6349.55,Monitors,BenQ,Weekly
2764,Bronze,2409.62,3,803.21,Printers,HP,Weekly
2765,Bronze,66269.16,1,66269.16,Monitors,ASUS,Quarterly
2766,Silver,178797.8,6,29799.63,Laptops,HP,Weekly
2767,Gold,631149.93,7,90164.28,Monitors,Dell,Quarterly
2768,Silver,366668.93,6,61111.49,Mice,Corsair,Bi-weekly
2769,Bronze,27329.48,2,13664.74,Monitors,ASUS,Weekly
2770,Silver,221553.27,6,36925.55,Keyboards,Corsair,Quarterly
2771,Bronze,26558.46,2,13279.23,Tablets,Samsung,Weekly
2772,Bronze,15429.64,2,7714.82,Tablets,Samsung,Weekly
2773,Bronze,37118.88,2,18559.44,Monitors,Dell,Monthly
2774,Gold,171931.98,7,24561.71,Printers,Canon,Monthly
2775,Silver,52557.88,4,13139.47,Laptops,MacBook,Bi-weekly
2776,Silver,227629.79,4,56907.45,Keyboards,Corsair,Weekly
2777,Silver,75749.21,5,15149.84,Tablets,iPad,Quarterly
2778,Silver,210625.74,4,52656.44,Smartphones,Samsung,Bi-weekly
2779,Gold,228043.68,9,25338.19,Tablets,Samsung,Monthly
2780,Silver,721658.86,5,144331.77,Laptops,MacBook,Quarterly
2781,Silver,163193.71,4,40798.43,Mice,Logitech,Weekly
2782,Gold,500278.55,7,71468.36,Mice,Dell,Monthly
2783,Gold,308560.67,7,44080.1,Printers,HP,Quarterly
2784,Gold,321526.78,7,45932.4,Laptops,Lenovo,Bi-weekly
2785,Silver,153599.69,6,25599.95,Printers,HP,Quarterly
2786,Silver,238076.71,4,59519.18,Mice,Dell,Quarterly
2787,Silver,300797.91,5,60159.58,Mice,Corsair,Weekly
2788,Bronze,433470.14,2,216735.07,Tablets,iPad,Quarterly
2789,Silver,499425.69,6,83237.61,Monitors,ASUS,Monthly
2790,Bronze,10612.46,1,10612.46,Printers,HP,Quarterly
2791,Bronze,118445.66,3,39481.89,Monitors,ASUS,Bi-weekly
2792,Silver,197174.55,4,49293.64,Tablets,iPad,Monthly
2793,Silver,40032.11,6,6672.02,Mice,Dell,Weekly
2794,Silver,526120.73,6,87686.79,Keyboards,Logitech,Bi-weekly
2795,Bronze,21632.79,2,10816.4,Keyboards,Logitech,Monthly
2796,Bronze,312454.85,3,104151.62,Keyboards,Logitech,Weekly
2797,Silver,629889.52,5,125977.9,Keyboards,Logitech,Bi-weekly
2798,Silver,40849.14,6,6808.19,Tablets,Samsung,Weekly
2799,Gold,224139.83,7,32019.98,Tablets,iPad,Monthly
2800,Silver,118041.45,4,29510.36,Tablets,Samsung,Weekly
2801,Gold,327739.81,7,46819.97,Tablets,Samsung,Quarterly
2802,Gold,341720.55,7,48817.22,Printers,HP,Monthly
2803,Silver,86111.16,5,17222.23,Smartphones,Realme,Quarterly
2804,Gold,199610.48,7,28515.78,Mice,Dell,Weekly
2805,Silver,37494.45,4,9373.61,Smartphones,Samsung,Quarterly
2806,Silver,223891.93,4,55972.98,Smartphones,Poco,Monthly
2807,Silver,88657.3,4,22164.32,Monitors,ASUS,Weekly
2808,Silver,85496.33,6,14249.39,Monitors,MSI,Quarterly
2809,Gold,104029.38,8,13003.67,Mice,Dell,Monthly
2810,Silver,594722.25,5,118944.45,Printers,Canon,Monthly
2811,Silver,97124.69,4,24281.17,Printers,HP,Weekly
2812,Silver,70943.32,4,17735.83,Monitors,ASUS,Weekly
2813,Bronze,92748.42,3,30916.14,Monitors,MSI,Weekly
2814,Silver,242903.61,6,40483.94,Laptops,HP,Weekly
2815,Silver,168948.69,5,33789.74,Laptops,HP,Monthly
2816,Gold,481354.26,8,60169.28,Mice,Dell,Quarterly
2817,Bronze,4929.5,3,1643.17,Keyboards,Dell,Weekly
2818,Bronze,112805.71,2,56402.86,Laptops,HP,Bi-weekly
2819,Bronze,95191.19,2,47595.6,Smartphones,Samsung,Bi-weekly
2820,Silver,169609.68,4,42402.42,Tablets,iPad,Quarterly
2821,Silver,202516.74,5,40503.35,Printers,Canon,Weekly
2822,Silver,254570.1,6,42428.35,Mice,Dell,Bi-weekly
2823,Silver,234480.34,5,46896.07,Printers,Canon,Bi-weekly
2824,Silver,331705.99,5,66341.2,Smartphones,Samsung,Weekly
2825,Bronze,34926.43,1,34926.43,Mice,Dell,Bi-weekly
2826,Bronze,61942.01,2,30971.0,Printers,HP,Bi-weekly
2827,Bronze,14540.14,3,4846.71,Keyboards,Logitech,Bi-weekly
2828,Bronze,49035.58,2,24517.79,Keyboards,Dell,Quarterly
2829,Bronze,73416.08,3,24472.03,Tablets,Samsung,Quarterly
2830,Bronze,148474.51,3,49491.5,Smartphones,OnePlus,Quarterly
2831,Gold,357101.52,7,51014.5,Mice,Logitech,Quarterly
2832,Silver,97559.55,4,24389.89,Tablets,Samsung,Bi-weekly
2833,Silver,19812.22,5,3962.44,Monitors,BenQ,Quarterly
2834,Silver,3565.71,4,891.43,Mice,Corsair,Monthly
2835,Silver,374680.65,6,62446.77,Mice,Corsair,Bi-weekly
2836,Silver,59673.35,5,11934.67,Tablets,Samsung,Monthly
2837,Silver,654430.94,5,130886.19,Tablets,iPad,Quarterly
2838,Silver,37827.64,5,7565.53,Keyboards,Corsair,Bi-weekly
2839,Silver,348638.34,5,69727.67,Printers,Canon,Quarterly
2840,Silver,49499.71,6,8249.95,Mice,Dell,Monthly
2841,Gold,64825.52,7,9260.79,Tablets,Samsung,Monthly
2842,Bronze,41434.82,1,41434.82,Tablets,iPad,Weekly
2843,Silver,298792.91,5,59758.58,Mice,Corsair,Quarterly
2844,Gold,31561.04,7,4508.72,Printers,HP,Quarterly
2845,Bronze,178144.15,3,59381.38,Monitors,Dell,Bi-weekly
2846,Silver,48638.25,4,12159.56,Smartphones,Poco,Monthly
2847,Bronze,9840.69,3,3280.23,Monitors,LG,Monthly
2848,Gold,301730.32,8,37716.29,Printers,HP,Monthly
2849,Bronze,7169.83,3,2389.94,Keyboards,Logitech,Weekly
2850,Silver,43951.93,5,8790.39,Laptops,Lenovo,Weekly
2851,Gold,122009.46,9,13556.61,Printers,HP,Monthly
2852,Silver,196364.64,4,49091.16,Keyboards,Dell,Monthly
2853,Bronze,8154.89,1,8154.89,Monitors,ASUS,Monthly
2854,Silver,158419.18,4,39604.8,Smartphones,Realme,Weekly
2855,Gold,406779.99,8,50847.5,Monitors,Dell,Weekly
2856,Bronze,260936.44,3,86978.81,Mice,Logitech,Quarterly
2857,Silver,98231.63,4,24557.91,Printers,Canon,Weekly
2858,Silver,102554.05,4,25638.51,Mice,Dell,Monthly
2859,Gold,242981.05,8,30372.63,Keyboards,Corsair,Quarterly
2860,Bronze,58792.34,1,58792.34,Smartphones,Poco,Bi-weekly
2861,Bronze,22308.62,2,11154.31,Printers,Canon,Monthly
2862,Bronze,2911.42,2,1455.71,Laptops,Dell,Bi-weekly
2863,Silver,1203545.3,6,200590.88,Smartphones,Samsung,Bi-weekly
2864,Bronze,12161.34,1,12161.34,Printers,HP,Quarterly
2865,Bronze,98662.74,3,32887.58,Tablets,Samsung,Monthly
2866,Silver,83131.75,4,20782.94,Laptops,HP,Weekly
2867,Bronze,13351.06,3,4450.35,Keyboards,Dell,Quarterly
2868,Bronze,33635.44,3,11211.81,Laptops,HP,Monthly
2869,Silver,79271.79,4,19817.95,Mice,Logitech,Quarterly
2870,Gold,744012.21,8,93001.53,Laptops,Dell,Monthly
2871,Silver,79528.71,6,13254.79,Mice,Dell,Monthly
2872,Silver,922786.61,5,184557.32,Laptops,HP,Monthly
2873,Silver,226460.76,4,56615.19,Monitors,Dell,Bi-weekly
2874,Silver,39923.12,4,9980.78,Tablets,iPad,Monthly
2875,Gold,876252.7,7,125178.96,Monitors,ASUS,Weekly
2876,Silver,75124.92,4,18781.23,Printers,Canon,Weekly
2877,Bronze,17092.47,1,17092.47,Tablets,Samsung,Bi-weekly
2878,Bronze,101438.72,2,50719.36,Mice,Corsair,Weekly
2879,Gold,19793.07,8,2474.13,Laptops,Lenovo,Weekly
2880,Silver,41696.23,4,10424.06,Printers,HP,Quarterly
2881,Silver,95077.93,6,15846.32,Keyboards,Dell,Bi-weekly
2882,Bronze,74983.37,1,74983.37,Tablets,Samsung,Bi-weekly
2883,Bronze,136608.42,3,45536.14,Monitors,LG,Monthly
2884,Silver,828798.3,6,138133.05,Mice,Logitech,Weekly
2885,Gold,270618.05,8,33827.26,Keyboards,Dell,Monthly
2886,Bronze,1699.74,1,1699.74,Smartphones,Xiaomi,Weekly
2887,Bronze,140668.05,2,70334.03,Tablets,Samsung,Quarterly
2888,Silver,48834.99,4,12208.75,Keyboards,Razer,Weekly
2889,Silver,40630.38,5,8126.08,Mice,Logitech,Bi-weekly
2890,Silver,37134.25,6,6189.04,Laptops,HP,Monthly
2891,Silver,22389.8,4,5597.45,Tablets,Samsung,Bi-weekly
2892,Bronze,65148.32,3,21716.11,Monitors,LG,Bi-weekly
2893,Gold,13069.07,7,1867.01,Smartphones,Poco,Bi-weekly
2894,Silver,211799.64,4,52949.91,Smartphones,OnePlus,Weekly
2895,Bronze,90416.74,2,45208.37,Printers,Canon,Monthly
2896,Silver,121217.82,6,20202.97,Tablets,Samsung,Bi-weekly
2897,Silver,46788.21,4,11697.05,Mice,Dell,Monthly
2898,Silver,159541.91,4,39885.48,Mice,Logitech,Monthly
2899,Gold,515421.84,7,73631.69,Monitors,BenQ,Quarterly
2900,Gold,5820.08,7,831.44,Monitors,BenQ,Bi-weekly
2901,Gold,420971.36,7,60138.77,Printers,Canon,Quarterly
2902,Silver,24286.0,4,6071.5,Printers,HP,Monthly
2903,Bronze,58074.22,2,29037.11,Printers,Canon,Quarterly
2904,Bronze,45238.85,3,15079.62,Monitors,BenQ,Bi-weekly
2905,Bronze,15148.42,1,15148.42,Smartphones,iPhone,Monthly
2906,Silver,240290.35,5,48058.07,Laptops,MacBook,Bi-weekly
2907,Bronze,2129.89,3,709.96,Smartphones,iPhone,Bi-weekly
2908,Bronze,32548.89,2,16274.45,Mice,Logitech,Weekly
2909,Bronze,40935.17,1,40935.17,Mice,Corsair,Quarterly
2910,Bronze,55656.19,3,18552.06,Monitors,BenQ,Monthly
2911,Gold,506401.54,7,72343.08,Mice,Logitech,Quarterly
2912,Gold,100808.06,7,14401.15,Monitors,MSI,Monthly
2913,Silver,153415.44,5,30683.09,Laptops,MacBook,Monthly
2914,Bronze,200378.79,2,100189.39,Mice,Logitech,Monthly
2915,Bronze,82828.94,3,27609.65,Printers,HP,Quarterly
2916,Silver,161910.53,5,32382.11,Monitors,LG,Quarterly
2917,Silver,329567.98,4,82391.99,Tablets,iPad,Weekly
2918,Silver,163921.41,5,32784.28,Mice,Dell,Bi-weekly
2919,Gold,118664.5,7,16952.07,Keyboards,Logitech,Monthly
2920,Silver,297408.01,4,74352.0,Mice,Corsair,Monthly
2921,Silver,57641.35,4,14410.34,Keyboards,Dell,Bi-weekly
2922,Bronze,22784.13,3,7594.71,Smartphones,iPhone,Quarterly
2923,Gold,129194.62,7,18456.37,Keyboards,Dell,Weekly
2924,Bronze,51040.13,2,25520.07,Monitors,ASUS,Bi-weekly
2925,Gold,950758.74,7,135822.68,Printers,HP,Quarterly
2926,Silver,183052.03,6,30508.67,Printers,HP,Bi-weekly
2927,Silver,13710.31,5,2742.06,Smartphones,Xiaomi,Quarterly
2928,Silver,46266.6,4,11566.65,Printers,HP,Weekly
2929,Silver,208104.58,6,34684.1,Smartphones,Samsung,Bi-weekly
2930,Silver,22556.5,5,4511.3,Printers,Canon,Weekly
2931,Silver,180686.1,4,45171.52,Mice,Logitech,Quarterly
2932,Silver,406314.43,5,81262.89,Smartphones,Poco,Bi-weekly
2933,Silver,98785.44,6,16464.24,Monitors,ASUS,Quarterly
2934,Silver,113735.82,5,22747.16,Keyboards,Logitech,Weekly
2935,Silver,607633.32,5,121526.66,Keyboards,Dell,Weekly
2936,Gold,209508.13,7,29929.73,Tablets,Samsung,Quarterly
2937,Silver,34694.97,5,6938.99,Laptops,HP,Bi-weekly
2938,Silver,4054.97,4,1013.74,Laptops,HP,Monthly
2939,Bronze,1567.65,1,1567.65,Mice,Dell,Monthly
2940,Gold,171873.77,7,24553.4,Mice,Corsair,Quarterly
2941,Silver,132538.53,5,26507.71,Smartphones,OnePlus,Weekly
2942,Bronze,72268.35,1,72268.35,Laptops,MacBook,Bi-weekly
2943,Silver,215194.58,5,43038.92,Smartphones,Realme,Weekly
2944,Silver,625743.95,5,125148.79,Laptops,MacBook,Weekly
2945,Silver,34294.3,6,5715.72,Smartphones,Poco,Weekly
2946,Silver,14620.48,4,3655.12,Laptops,Dell,Weekly
2947,Bronze,72728.03,3,24242.68,Tablets,Samsung,Bi-weekly
2948,Gold,580361.59,8,72545.2,Laptops,Dell,Monthly
2949,Silver,79176.59,4,19794.15,Keyboards,Logitech,Weekly
2950,Silver,563846.79,5,112769.36,Monitors,Dell,Quarterly
2951,Silver,52219.89,5,10443.98,Printers,HP,Quarterly
2952,Silver,564980.71,4,141245.18,Keyboards,Corsair,Quarterly
2953,Silver,32665.88,6,5444.31,Smartphones,Realme,Quarterly
2954,Silver,39562.47,4,9890.62,Monitors,LG,Quarterly
2955,Bronze,105.66,2,52.83,Keyboards,Dell,Quarterly
2956,Bronze,78983.72,3,26327.91,Smartphones,iPhone,Quarterly
2957,Silver,159160.63,4,39790.16,Printers,Canon,Bi-weekly
2958,Gold,87690.94,7,12527.28,Printers,HP,Quarterly
2959,Gold,159663.29,7,22809.04,Smartphones,Realme,Monthly
2960,Silver,40611.97,4,10152.99,Monitors,BenQ,Weekly
2961,Bronze,192040.02,3,64013.34,Tablets,Samsung,Weekly
2962,Gold,252183.0,7,36026.14,Tablets,Samsung,Quarterly
2963,Bronze,157064.02,3,52354.67,Tablets,iPad,Bi-weekly
2964,Silver,249070.71,6,41511.78,Keyboards,Logitech,Weekly
2965,Silver,141851.38,4,35462.84,Printers,HP,Bi-weekly
2966,Silver,39318.21,6,6553.04,Smartphones,Realme,Bi-weekly
2967,Bronze,5253.83,3,1751.28,Mice,Dell,Monthly
2968,Gold,69107.38,8,8638.42,Smartphones,Poco,Weekly
2969,Silver,19424.31,4,4856.08,Monitors,MSI,Weekly
2970,Silver,534794.34,5,106958.87,Monitors,LG,Bi-weekly
2971,Silver,341667.09,5,68333.42,Mice,Logitech,Weekly
2972,Bronze,176374.06,2,88187.03,Mice,Dell,Quarterly
2973,Silver,54637.71,6,9106.28,Monitors,MSI,Quarterly
2974,Bronze,62568.66,1,62568.66,Keyboards,Dell,Monthly
2975,Gold,112630.96,7,16090.14,Keyboards,Dell,Quarterly
2976,Bronze,5903.69,1,5903.69,Keyboards,Dell,Weekly
2977,Silver,33732.24,4,8433.06,Laptops,MacBook,Bi-weekly
2978,Silver,64961.68,5,12992.34,Monitors,MSI,Weekly
2979,Silver,572259.47,5,114451.89,Smartphones,OnePlus,Monthly
2980,Silver,20148.92,4,5037.23,Laptops,MacBook,Weekly
2981,Gold,140811.3,9,15645.7,Mice,Corsair,Bi-weekly
2982,Silver,13587.44,5,2717.49,Keyboards,Dell,Monthly
2983,Silver,49409.33,4,12352.33,Monitors,ASUS,Bi-weekly
2984,Silver,32611.37,6,5435.23,Smartphones,iPhone,Weekly
2985,Silver,97562.18,5,19512.44,Keyboards,Dell,Bi-weekly
2986,Silver,438147.01,6,73024.5,Monitors,MSI,Monthly
2987,Silver,106290.03,4,26572.51,Keyboards,Dell,Monthly
2988,Silver,1017446.76,4,254361.69,Printers,HP,Weekly
2989,Bronze,39668.56,1,39668.56,Laptops,MacBook,Bi-weekly
2990,Bronze,61282.85,1,61282.85,Printers,HP,Monthly
2991,Bronze,50300.46,1,50300.46,Monitors,ASUS,Quarterly
2992,Gold,35062.88,8,4382.86,Printers,Canon,Weekly
2993,Silver,139490.67,5,27898.13,Printers,HP,Bi-weekly
2994,Silver,2050380.1,6,341730.02,Laptops,HP,Monthly
2995,Silver,313276.38,6,52212.73,Printers,HP,Bi-weekly
2996,Silver,36753.19,4,9188.3,Laptops,Dell,Bi-weekly
2997,Gold,129271.04,8,16158.88,Tablets,iPad,Bi-weekly
2998,Bronze,57218.49,1,57218.49,Laptops,MacBook,Quarterly
2999,Silver,75974.47,5,15194.89,Laptops,Dell,Weekly
3000,Silver,208190.61,6,34698.43,Laptops,Lenovo,Monthly
3001,Bronze,63325.55,2,31662.78,Printers,HP,Bi-weekly
3002,Silver,132329.58,4,33082.39,Keyboards,Logitech,Quarterly
3003,Bronze,54314.63,1,54314.63,Laptops,HP,Bi-weekly
3004,Silver,45420.28,5,9084.06,Tablets,Samsung,Weekly
3005,Silver,747206.45,4,186801.61,Laptops,MacBook,Quarterly
3006,Silver,114632.94,4,28658.23,Laptops,Dell,Monthly
3007,Bronze,282499.01,3,94166.34,Laptops,Lenovo,Monthly
3008,Gold,415356.58,7,59336.65,Monitors,LG,Bi-weekly
3009,Silver,58031.92,4,14507.98,Printers,Canon,Monthly
3010,Gold,187541.96,9,20838.0,Tablets,Samsung,Monthly
3011,Gold,703217.53,7,100459.65,Laptops,MacBook,Quarterly
3012,Silver,11412.65,5,2282.53,Tablets,Samsung,Weekly
3013,Gold,214196.09,7,30599.44,Laptops,Dell,Weekly
3014,Silver,151697.04,6,25282.84,Monitors,ASUS,Monthly
3015,Silver,136901.46,5,27380.29,Tablets,iPad,Weekly
3016,Silver,271583.9,5,54316.78,Smartphones,OnePlus,Quarterly
3017,Bronze,12069.48,2,6034.74,Smartphones,Poco,Weekly
3018,Silver,27962.52,6,4660.42,Printers,Canon,Monthly
3019,Silver,51467.2,6,8577.87,Smartphones,Poco,Weekly
3020,Silver,36395.11,6,6065.85,Mice,Dell,Weekly
3021,Bronze,6437.36,2,3218.68,Keyboards,Logitech,Bi-weekly
3022,Gold,12371.83,7,1767.4,Smartphones,Poco,Quarterly
3023,Silver,79861.59,4,19965.4,Monitors,MSI,Quarterly
3024,Gold,85540.01,9,9504.45,Monitors,ASUS,Quarterly
3025,Bronze,72383.24,2,36191.62,Keyboards,Corsair,Monthly
3026,Bronze,127818.77,3,42606.26,Printers,HP,Weekly
3027,Silver,162199.97,6,27033.33,Mice,Logitech,Quarterly
3028,Bronze,25084.77,1,25084.77,Printers,Canon,Monthly
3029,Bronze,21369.11,3,7123.04,Smartphones,OnePlus,Weekly
3030,Silver,154483.78,6,25747.3,Keyboards,Logitech,Weekly
3031,Silver,290002.14,5,58000.43,Smartphones,iPhone,Bi-weekly
3032,Silver,509190.35,5,101838.07,Printers,Canon,Bi-weekly
3033,Silver,449600.17,5,89920.03,Smartphones,iPhone,Weekly
3034,Bronze,14204.94,3,4734.98,Keyboards,Corsair,Bi-weekly
3035,Silver,50956.52,6,8492.75,Mice,Dell,Monthly
3036,Bronze,99525.5,2,49762.75,Mice,Corsair,Quarterly
3037,Silver,670529.2,4,167632.3,Mice,Dell,Weekly
3038,Silver,62763.02,5,12552.6,Smartphones,Xiaomi,Monthly
3039,Silver,24312.56,5,4862.51,Printers,HP,Weekly
3040,Bronze,172097.6,3,57365.87,Smartphones,Samsung,Bi-weekly
3041,Silver,244009.8,5,48801.96,Keyboards,Razer,Monthly
3042,Bronze,41803.26,2,20901.63,Printers,Canon,Monthly
3043,Gold,113582.18,7,16226.03,Smartphones,Samsung,Weekly
3044,Bronze,14186.44,1,14186.44,Tablets,Samsung,Weekly
3045,Silver,75882.97,4,18970.74,Laptops,Dell,Monthly
3046,Silver,27578.87,6,4596.48,Mice,Dell,Quarterly
3047,Silver,392326.67,6,65387.78,Monitors,LG,Monthly
3048,Bronze,23209.47,3,7736.49,Mice,Logitech,Monthly
3049,Bronze,1274.8,3,424.93,Smartphones,Poco,Weekly
3050,Gold,256792.34,8,32099.04,Printers,HP,Monthly
3051,Silver,197283.83,6,32880.64,Laptops,Dell,Weekly
3052,Bronze,204522.24,3,68174.08,Printers,HP,Quarterly
3053,Silver,149050.97,4,37262.74,Tablets,iPad,Weekly
3054,Silver,82056.38,4,20514.1,Mice,Corsair,Weekly
3055,Bronze,15657.18,2,7828.59,Monitors,ASUS,Monthly
3056,Silver,421304.71,5,84260.94,Printers,HP,Bi-weekly
3057,Bronze,93033.94,3,31011.31,Monitors,LG,Weekly
3058,Bronze,393860.73,2,196930.37,Smartphones,OnePlus,Monthly
3059,Silver,7821.43,4,1955.36,Tablets,Samsung,Weekly
3060,Bronze,24818.46,3,8272.82,Mice,Corsair,Quarterly
3061,Silver,78833.54,4,19708.39,Tablets,Samsung,Bi-weekly
3062,Silver,742230.21,6,123705.04,Mice,Dell,Bi-weekly
3063,Bronze,5444.34,2,2722.17,Keyboards,Razer,Monthly
3064,Silver,35041.62,4,8760.41,Printers,Canon,Weekly
3065,Bronze,272542.39,2,136271.2,Laptops,Lenovo,Bi-weekly
3066,Gold,287416.65,7,41059.52,Printers,HP,Monthly
3067,Bronze,127231.96,3,42410.65,Keyboards,Logitech,Bi-weekly
3068,Silver,42620.03,4,10655.01,Keyboards,Corsair,Monthly
3069,Silver,120973.82,6,20162.3,Monitors,Dell,Weekly
3070,Bronze,126175.89,3,42058.63,Laptops,Lenovo,Monthly
3071,Bronze,13991.15,1,13991.15,Tablets,Samsung,Monthly
3072,Gold,215263.65,7,30751.95,Keyboards,Razer,Weekly
3073,Silver,102735.78,5,20547.16,Laptops,HP,Quarterly
3074,Silver,286359.67,4,71589.92,Laptops,Dell,Quarterly
3075,Silver,450174.14,6,75029.02,Keyboards,Razer,Quarterly
3076,Bronze,78572.4,2,39286.2,Tablets,Samsung,Monthly
3077,Bronze,15334.33,1,15334.33,Smartphones,Xiaomi,Bi-weekly
3078,Silver,98258.82,6,16376.47,Tablets,Samsung,Weekly
3079,Bronze,92505.92,3,30835.31,Tablets,Samsung,Quarterly
3080,Bronze,21236.84,2,10618.42,Tablets,Samsung,Quarterly
3081,Bronze,53104.18,2,26552.09,Mice,Dell,Quarterly
3082,Gold,72104.88,7,10300.7,Monitors,LG,Bi-weekly
3083,Bronze,50171.78,3,16723.93,Laptops,HP,Weekly
3084,Bronze,70602.92,2,35301.46,Keyboards,Corsair,Weekly
3085,Bronze,15755.9,1,15755.9,Smartphones,iPhone,Monthly
3086,Bronze,3812.49,3,1270.83,Tablets,iPad,Quarterly
3087,Silver,203577.57,4,50894.39,Smartphones,Realme,Quarterly
3088,Gold,277074.4,7,39582.06,Laptops,Lenovo,Monthly
3089,Silver,160965.37,6,26827.56,Keyboards,Corsair,Quarterly
3090,Silver,151845.71,5,30369.14,Mice,Dell,Quarterly
3091,Silver,121950.1,6,20325.02,Monitors,LG,Quarterly
3092,Silver,135760.71,4,33940.18,Tablets,iPad,Weekly
3093,Bronze,36896.94,3,12298.98,Laptops,MacBook,Monthly
3094,Silver,49627.02,6,8271.17,Keyboards,Logitech,Bi-weekly
3095,Bronze,145178.89,2,72589.45,Printers,HP,Monthly
3096,Gold,566946.99,8,70868.37,Tablets,Samsung,Quarterly
3097,Silver,245717.46,5,49143.49,Tablets,iPad,Weekly
3098,Silver,213166.03,5,42633.21,Printers,HP,Monthly
3099,Gold,9273.84,7,1324.83,Printers,Canon,Weekly
3100,Bronze,12478.42,2,6239.21,Mice,Corsair,Bi-weekly
3101,Gold,74275.35,7,10610.76,Keyboards,Logitech,Monthly
3102,Silver,156009.16,4,39002.29,Smartphones,Realme,Weekly
3103,Bronze,126532.75,2,63266.37,Mice,Dell,Bi-weekly
3104,Silver,80397.81,6,13399.64,Keyboards,Logitech,Quarterly
3105,Silver,70466.58,4,17616.64,Tablets,Samsung,Quarterly
3106,Silver,32852.82,5,6570.56,Keyboards,Razer,Quarterly
3107,Gold,39110.88,7,5587.27,Smartphones,iPhone,Weekly
3108,Bronze,148293.08,3,49431.03,Monitors,Dell,Quarterly
3109,Silver,35755.88,5,7151.18,Keyboards,Razer,Bi-weekly
3110,Bronze,5023.19,3,1674.4,Mice,Corsair,Bi-weekly
3111,Bronze,154791.4,3,51597.13,Tablets,iPad,Quarterly
3112,Silver,503764.74,4,125941.18,Laptops,Lenovo,Quarterly
3113,Silver,396543.18,5,79308.64,Printers,HP,Quarterly
3114,Bronze,2808.22,2,1404.11,Keyboards,Logitech,Bi-weekly
3115,Bronze,14924.7,1,14924.7,Smartphones,Poco,Quarterly
3116,Bronze,102078.9,3,34026.3,Keyboards,Logitech,Weekly
3117,Silver,155592.35,6,25932.06,Laptops,MacBook,Quarterly
3118,Gold,147285.31,8,18410.66,Laptops,Dell,Monthly
3119,Silver,222189.87,4,55547.47,Laptops,MacBook,Weekly
3120,Silver,362122.29,5,72424.46,Printers,HP,Quarterly
3121,Silver,15854.9,5,3170.98,Smartphones,Realme,Weekly
3122,Gold,479378.23,9,53264.25,Monitors,ASUS,Quarterly
3123,Bronze,133916.0,3,44638.67,Laptops,Dell,Bi-weekly
3124,Silver,205195.83,4,51298.96,Smartphones,Poco,Bi-weekly
3125,Silver,96274.92,6,16045.82,Laptops,HP,Monthly
3126,Silver,42311.18,5,8462.24,Monitors,MSI,Weekly
3127,Bronze,77505.47,2,38752.73,Mice,Corsair,Weekly
3128,Silver,9570.76,4,2392.69,Mice,Corsair,Monthly
3129,Silver,53534.13,5,10706.83,Smartphones,Poco,Bi-weekly
3130,Bronze,223204.76,3,74401.59,Monitors,LG,Bi-weekly
3131,Silver,163502.73,5,32700.55,Laptops,Dell,Quarterly
3132,Silver,448822.47,5,89764.49,Monitors,ASUS,Weekly
3133,Bronze,46926.78,1,46926.78,Monitors,BenQ,Monthly
3134,Silver,187871.25,5,37574.25,Laptops,MacBook,Weekly
3135,Bronze,147712.16,3,49237.39,Mice,Dell,Bi-weekly
3136,Silver,179899.75,6,29983.29,Keyboards,Logitech,Bi-weekly
3137,Silver,425997.41,4,106499.35,Smartphones,iPhone,Monthly
3138,Gold,46060.2,7,6580.03,Mice,Logitech,Weekly
3139,Gold,1344948.02,7,192135.43,Keyboards,Dell,Bi-weekly
3140,Bronze,109094.07,2,54547.03,Laptops,HP,Monthly
3141,Gold,809507.43,7,115643.92,Smartphones,iPhone,Quarterly
3142,Silver,120345.08,6,20057.51,Tablets,Samsung,Weekly
3143,Gold,18136.98,7,2591.0,Laptops,MacBook,Weekly
3144,Bronze,161310.15,3,53770.05,Monitors,BenQ,Monthly
3145,Silver,179792.44,6,29965.41,Laptops,Lenovo,Bi-weekly
3146,Bronze,107382.82,3,35794.27,Monitors,ASUS,Bi-weekly
3147,Silver,62136.58,4,15534.14,Mice,Dell,Quarterly
3148,Bronze,180531.6,2,90265.8,Tablets,Samsung,Monthly
3149,Bronze,14615.22,2,7307.61,Monitors,MSI,Weekly
3150,Gold,500953.41,9,55661.49,Laptops,Lenovo,Bi-weekly
3151,Silver,121995.9,6,20332.65,Monitors,LG,Monthly
3152,Silver,46610.51,5,9322.1,Monitors,LG,Quarterly
3153,Bronze,1538.49,3,512.83,Laptops,Dell,Bi-weekly
3154,Silver,215989.38,5,43197.88,Tablets,iPad,Bi-weekly
3155,Silver,32602.44,6,5433.74,Smartphones,Xiaomi,Monthly
3156,Bronze,16700.04,1,16700.04,Tablets,iPad,Bi-weekly
3157,Silver,17666.97,5,3533.39,Smartphones,Samsung,Quarterly
3158,Bronze,137099.4,3,45699.8,Monitors,BenQ,Monthly
3159,Silver,303356.0,6,50559.33,Keyboards,Corsair,Weekly
3160,Gold,118214.53,8,14776.82,Tablets,Samsung,Monthly
3161,Gold,173630.9,7,24804.41,Monitors,Dell,Quarterly
3162,Bronze,65493.56,1,65493.56,Tablets,Samsung,Weekly
3163,Bronze,77392.27,3,25797.42,Monitors,BenQ,Monthly
3164,Gold,156584.08,7,22369.15,Keyboards,Razer,Weekly
3165,Silver,133465.93,5,26693.19,Monitors,MSI,Quarterly
3166,Silver,16161.59,4,4040.4,Laptops,Dell,Bi-weekly
3167,Silver,459235.52,5,91847.1,Smartphones,Samsung,Quarterly
3168,Bronze,93344.49,3,31114.83,Mice,Corsair,Monthly
3169,Silver,274924.8,4,68731.2,Laptops,HP,Monthly
3170,Silver,234285.77,4,58571.44,Mice,Dell,Monthly
3171,Bronze,156722.12,3,52240.71,Monitors,BenQ,Quarterly
3172,Bronze,35790.92,2,17895.46,Printers,Canon,Quarterly
3173,Bronze,4644.5,1,4644.5,Monitors,MSI,Quarterly
3174,Silver,116446.75,4,29111.69,Smartphones,Poco,Quarterly
3175,Silver,192950.43,5,38590.09,Laptops,Lenovo,Monthly
3176,Bronze,126244.11,3,42081.37,Laptops,HP,Weekly
3177,Silver,402506.84,6,67084.47,Smartphones,Samsung,Bi-weekly
3178,Bronze,135.15,1,135.15,Tablets,Samsung,Quarterly
3179,Silver,876.81,6,146.13,Printers,Canon,Quarterly
3180,Silver,41951.54,6,6991.92,Laptops,MacBook,Quarterly
3181,Silver,561730.99,6,93621.83,Keyboards,Corsair,Quarterly
3182,Bronze,40300.99,3,13433.66,Smartphones,Realme,Monthly
3183,Silver,159094.95,5,31818.99,Smartphones,Poco,Monthly
3184,Silver,446744.3,4,111686.08,Keyboards,Corsair,Quarterly
3185,Bronze,67978.23,3,22659.41,Tablets,Samsung,Monthly
3186,Silver,444878.87,4,111219.72,Laptops,Dell,Quarterly
3187,Bronze,12560.99,3,4187.0,Tablets,iPad,Bi-weekly
3188,Gold,343755.53,7,49107.93,Laptops,Dell,Monthly
3189,Gold,23653.94,8,2956.74,Keyboards,Dell,Monthly
3190,Silver,83163.1,4,20790.77,Smartphones,iPhone,Bi-weekly
3191,Silver,511999.29,5,102399.86,Printers,HP,Monthly
3192,Bronze,1590.88,1,1590.88,Mice,Logitech,Quarterly
3193,Gold,178840.83,8,22355.1,Mice,Dell,Quarterly
3194,Bronze,76544.25,3,25514.75,Tablets,Samsung,Weekly
3195,Bronze,145034.51,2,72517.26,Laptops,MacBook,Weekly
3196,Silver,279657.28,4,69914.32,Tablets,Samsung,Weekly
3197,Silver,480430.5,5,96086.1,Tablets,Samsung,Quarterly
3198,Silver,525838.1,6,87639.68,Keyboards,Razer,Monthly
3199,Bronze,41538.48,3,13846.16,Keyboards,Logitech,Bi-weekly
3200,Silver,118992.3,5,23798.46,Keyboards,Razer,Quarterly
3201,Bronze,96025.29,3,32008.43,Smartphones,Poco,Monthly
3202,Bronze,101243.58,2,50621.79,Mice,Corsair,Bi-weekly
3203,Silver,21530.8,5,4306.16,Printers,HP,Bi-weekly
3204,Bronze,4784.57,1,4784.57,Smartphones,Poco,Bi-weekly
3205,Bronze,59963.27,3,19987.76,Smartphones,Realme,Monthly
3206,Gold,896592.11,7,128084.59,Smartphones,Poco,Quarterly
3207,Silver,35667.16,4,8916.79,Tablets,iPad,Monthly
3208,Silver,424633.88,5,84926.78,Laptops,HP,Monthly
3209,Gold,293030.37,7,41861.48,Keyboards,Logitech,Bi-weekly
3210,Silver,114171.43,5,22834.29,Mice,Dell,Bi-weekly
3211,Silver,45991.36,6,7665.23,Smartphones,Samsung,Weekly
3212,Bronze,37490.12,1,37490.12,Monitors,LG,Quarterly
3213,Bronze,155600.23,3,51866.74,Tablets,iPad,Weekly
3214,Gold,59795.21,7,8542.17,Laptops,Lenovo,Bi-weekly
3215,Silver,210053.71,5,42010.74,Monitors,BenQ,Quarterly
3216,Silver,59693.04,5,11938.61,Monitors,BenQ,Weekly
3217,Bronze,79452.63,1,79452.63,Printers,Canon,Monthly
3218,Silver,133381.23,4,33345.31,Laptops,HP,Monthly
3219,Silver,105627.58,4,26406.9,Printers,Canon,Quarterly
3220,Bronze,28350.31,2,14175.16,Keyboards,Logitech,Monthly
3221,Silver,237615.21,4,59403.8,Laptops,Lenovo,Bi-weekly
3222,Bronze,42194.44,2,21097.22,Mice,Logitech,Weekly
3223,Silver,55114.77,4,13778.69,Keyboards,Logitech,Quarterly
3224,Gold,771688.08,7,110241.15,Smartphones,OnePlus,Monthly
3225,Silver,177400.55,5,35480.11,Monitors,MSI,Bi-weekly
3226,Bronze,28202.1,1,28202.1,Smartphones,iPhone,Weekly
3227,Silver,380439.54,4,95109.89,Tablets,iPad,Bi-weekly
3228,Gold,172193.41,7,24599.06,Smartphones,OnePlus,Quarterly
3229,Silver,1942.66,5,388.53,Laptops,Dell,Quarterly
3230,Bronze,40342.43,3,13447.48,Laptops,HP,Bi-weekly
3231,Silver,232697.44,5,46539.49,Printers,Canon,Weekly
3232,Bronze,33027.31,1,33027.31,Keyboards,Logitech,Quarterly
3233,Bronze,106400.33,3,35466.78,Mice,Logitech,Bi-weekly
3234,Bronze,30215.78,1,30215.78,Laptops,Dell,Quarterly
3235,Bronze,47174.27,3,15724.76,Monitors,Dell,Bi-weekly
3236,Bronze,18494.04,3,6164.68,Laptops,MacBook,Weekly
3237,Bronze,18684.75,3,6228.25,Mice,Corsair,Quarterly
3238,Bronze,187106.1,3,62368.7,Mice,Logitech,Weekly
3239,Silver,63734.67,4,15933.67,Printers,HP,Quarterly
3240,Silver,241283.17,4,60320.79,Printers,Canon,Quarterly
3241,Gold,96160.16,7,13737.17,Printers,Canon,Weekly
3242,Bronze,6716.5,1,6716.5,Tablets,Samsung,Bi-weekly
3243,Silver,722239.54,4,180559.88,Smartphones,Xiaomi,Quarterly
3244,Silver,4140.7,4,1035.18,Printers,Canon,Weekly
3245,Gold,1016646.87,7,145235.27,Tablets,iPad,Bi-weekly
3246,Bronze,22911.53,1,22911.53,Printers,Canon,Quarterly
3247,Bronze,14217.25,3,4739.08,Smartphones,iPhone,Bi-weekly
3248,Bronze,136405.46,3,45468.49,Printers,HP,Quarterly
3249,Silver,8277.18,4,2069.29,Laptops,MacBook,Monthly
3250,Silver,26225.85,4,6556.46,Smartphones,iPhone,Bi-weekly
3251,Silver,47567.91,5,9513.58,Smartphones,Xiaomi,Bi-weekly
3252,Silver,61660.34,5,12332.07,Monitors,BenQ,Weekly
3253,Bronze,175437.38,3,58479.13,Tablets,iPad,Quarterly
3254,Bronze,172247.81,2,86123.91,Smartphones,iPhone,Quarterly
3255,Silver,171947.23,6,28657.87,Printers,HP,Bi-weekly
3256,Silver,13643.11,5,2728.62,Laptops,Lenovo,Bi-weekly
3257,Silver,87057.96,5,17411.59,Mice,Dell,Bi-weekly
3258,Gold,123268.82,8,15408.6,Printers,HP,Bi-weekly
3259,Silver,147043.91,5,29408.78,Keyboards,Dell,Bi-weekly
3260,Bronze,333264.17,3,111088.06,Mice,Dell,Quarterly
3261,Silver,168026.77,5,33605.35,Laptops,Dell,Quarterly
3262,Silver,66.04,5,13.21,Smartphones,iPhone,Monthly
3263,Bronze,90736.34,3,30245.45,Mice,Dell,Monthly
3264,Bronze,88589.5,3,29529.83,Keyboards,Razer,Quarterly
3265,Bronze,74983.86,2,37491.93,Keyboards,Razer,Bi-weekly
3266,Gold,220352.61,7,31478.94,Laptops,HP,Weekly
3267,Silver,155693.55,4,38923.39,Keyboards,Razer,Quarterly
3268,Bronze,126979.88,3,42326.63,Keyboards,Logitech,Bi-weekly
3269,Silver,328666.19,6,54777.7,Smartphones,OnePlus,Bi-weekly
3270,Silver,222007.18,4,55501.8,Smartphones,OnePlus,Weekly
3271,Bronze,66403.24,1,66403.24,Tablets,Samsung,Bi-weekly
3272,Gold,231159.55,7,33022.79,Keyboards,Razer,Quarterly
3273,Silver,107094.48,6,17849.08,Tablets,iPad,Monthly
3274,Silver,260950.59,5,52190.12,Keyboards,Corsair,Bi-weekly
3275,Gold,208816.08,7,29830.87,Laptops,Dell,Weekly
3276,Silver,5663.66,6,943.94,Laptops,Dell,Quarterly
3277,Silver,91207.96,4,22801.99,Smartphones,Xiaomi,Weekly
3278,Silver,52902.13,4,13225.53,Laptops,HP,Weekly
3279,Silver,158493.11,4,39623.28,Keyboards,Logitech,Quarterly
3280,Silver,62327.11,5,12465.42,Monitors,Dell,Monthly
3281,Silver,155113.04,4,38778.26,Tablets,iPad,Quarterly
3282,Silver,19072.55,6,3178.76,Printers,HP,Monthly
3283,Bronze,54072.16,3,18024.05,Printers,HP,Bi-weekly
3284,Silver,165923.24,4,41480.81,Monitors,Dell,Quarterly
3285,Silver,340505.78,5,68101.16,Monitors,ASUS,Bi-weekly
3286,Gold,1092624.2,7,156089.17,Tablets,Samsung,Weekly
3287,Gold,59469.8,9,6607.76,Mice,Logitech,Weekly
3288,Silver,187501.72,6,31250.29,Laptops,HP,Weekly
3289,Gold,305142.26,7,43591.75,Tablets,Samsung,Bi-weekly
3290,Silver,27618.98,4,6904.75,Smartphones,Realme,Quarterly
3291,Bronze,32987.27,2,16493.63,Monitors,LG,Quarterly
3292,Bronze,91042.79,2,45521.39,Tablets,iPad,Bi-weekly
3293,Silver,51404.01,5,10280.8,Keyboards,Razer,Weekly
3294,Gold,765337.27,8,95667.16,Mice,Logitech,Bi-weekly
3295,Bronze,126636.2,3,42212.07,Smartphones,Xiaomi,Monthly
3296,Silver,463223.37,4,115805.84,Tablets,Samsung,Bi-weekly
3297,Bronze,63607.25,3,21202.42,Keyboards,Corsair,Monthly
3298,Bronze,61539.55,1,61539.55,Laptops,MacBook,Weekly
3299,Bronze,92019.85,3,30673.28,Tablets,Samsung,Monthly
3300,Silver,13909.72,5,2781.94,Smartphones,Poco,Monthly
3301,Gold,249912.89,8,31239.11,Smartphones,Xiaomi,Monthly
3302,Gold,551077.1,8,68884.64,Smartphones,Samsung,Monthly
3303,Gold,1409323.46,8,176165.43,Printers,Canon,Weekly
3304,Bronze,37303.36,3,12434.45,Smartphones,Samsung,Bi-weekly
3305,Silver,1421320.02,6,236886.67,Monitors,Dell,Quarterly
3306,Bronze,11479.75,1,11479.75,Keyboards,Logitech,Quarterly
3307,Bronze,96126.7,1,96126.7,Monitors,BenQ,Weekly
3308,Silver,49914.87,4,12478.72,Smartphones,Poco,Bi-weekly
3309,Bronze,124508.38,3,41502.79,Tablets,Samsung,Weekly
3310,Silver,225815.59,5,45163.12,Tablets,Samsung,Bi-weekly
3311,Silver,247651.36,5,49530.27,Tablets,Samsung,Monthly
3312,Bronze,245411.63,3,81803.88,Mice,Logitech,Bi-weekly
3313,Silver,163666.05,5,32733.21,Tablets,Samsung,Bi-weekly
3314,Bronze,93510.1,2,46755.05,Laptops,HP,Weekly
3315,Silver,157631.26,5,31526.25,Monitors,Dell,Quarterly
3316,Silver,165942.85,4,41485.71,Monitors,LG,Quarterly
3317,Silver,261199.24,4,65299.81,Laptops,MacBook,Weekly
3318,Silver,136026.01,6,22671.0,Laptops,Lenovo,Weekly
3319,Silver,24837.43,4,6209.36,Monitors,LG,Monthly
3320,Silver,81229.12,5,16245.82,Keyboards,Razer,Quarterly
3321,Gold,259159.23,8,32394.9,Smartphones,Poco,Bi-weekly
3322,Silver,57703.21,4,14425.8,Printers,HP,Weekly
3323,Bronze,321074.53,2,160537.26,Printers,Canon,Monthly
3324,Silver,7521.25,4,1880.31,Tablets,iPad,Quarterly
3325,Bronze,61765.23,3,20588.41,Keyboards,Logitech,Quarterly
3326,Gold,373497.33,7,53356.76,Tablets,Samsung,Quarterly
3327,Gold,355719.09,7,50817.01,Mice,Corsair,Quarterly
3328,Silver,147929.44,4,36982.36,Keyboards,Logitech,Bi-weekly
3329,Gold,998174.79,8,124771.85,Smartphones,iPhone,Bi-weekly
3330,Silver,102056.72,6,17009.45,Laptops,Dell,Quarterly
3331,Bronze,118982.63,3,39660.88,Printers,Canon,Quarterly
3332,Silver,430779.8,5,86155.96,Printers,HP,Bi-weekly
3333,Silver,82757.15,6,13792.86,Keyboards,Corsair,Weekly
3334,Silver,240566.98,6,40094.5,Laptops,Lenovo,Bi-weekly
3335,Bronze,77954.04,2,38977.02,Monitors,MSI,Weekly
3336,Bronze,35908.84,3,11969.61,Monitors,Dell,Weekly
3337,Gold,81902.74,7,11700.39,Tablets,iPad,Monthly
3338,Gold,279159.19,7,39879.88,Mice,Dell,Quarterly
3339,Silver,28393.72,4,7098.43,Mice,Dell,Bi-weekly
3340,Silver,116216.16,5,23243.23,Mice,Dell,Weekly
3341,Silver,491915.08,5,98383.02,Smartphones,Realme,Weekly
3342,Bronze,54761.07,2,27380.53,Tablets,iPad,Monthly
3343,Silver,430587.07,5,86117.41,Keyboards,Logitech,Monthly
3344,Silver,118412.73,5,23682.55,Keyboards,Razer,Bi-weekly
3345,Silver,554412.77,5,110882.55,Monitors,MSI,Weekly
3346,Bronze,8609.48,2,4304.74,Keyboards,Dell,Monthly
3347,Silver,101429.08,6,16904.85,Keyboards,Logitech,Quarterly
3348,Bronze,52636.72,1,52636.72,Monitors,Dell,Quarterly
3349,Bronze,59100.03,2,29550.01,Laptops,Lenovo,Bi-weekly
3350,Silver,141286.49,5,28257.3,Laptops,MacBook,Monthly
3351,Bronze,28965.32,1,28965.32,Keyboards,Logitech,Bi-weekly
3352,Gold,488177.78,7,69739.68,Monitors,LG,Bi-weekly
3353,Silver,75111.8,4,18777.95,Tablets,iPad,Weekly
3354,Silver,80066.24,4,20016.56,Monitors,LG,Monthly
3355,Bronze,106434.86,3,35478.29,Printers,HP,Bi-weekly
3356,Gold,134859.26,7,19265.61,Laptops,Dell,Monthly
3357,Silver,157722.59,6,26287.1,Smartphones,Poco,Bi-weekly
3358,Silver,122068.59,5,24413.72,Tablets,iPad,Weekly
3359,Bronze,165185.86,2,82592.93,Keyboards,Logitech,Monthly
3360,Gold,41182.3,7,5883.19,Printers,HP,Bi-weekly
3361,Bronze,22733.98,3,7577.99,Keyboards,Razer,Quarterly
3362,Bronze,95697.59,1,95697.59,Smartphones,iPhone,Monthly
3363,Silver,289697.8,6,48282.97,Printers,HP,Monthly
3364,Silver,49496.69,4,12374.17,Keyboards,Razer,Weekly
3365,Gold,108956.92,7,15565.27,Printers,Canon,Monthly
3366,Silver,169147.49,6,28191.25,Laptops,Dell,Bi-weekly
3367,Bronze,113403.19,3,37801.06,Mice,Logitech,Monthly
3368,Gold,193734.53,7,27676.36,Smartphones,iPhone,Quarterly
3369,Bronze,58950.33,2,29475.16,Printers,Canon,Monthly
3370,Silver,448836.3,6,74806.05,Laptops,HP,Weekly
3371,Bronze,150821.96,3,50273.99,Printers,Canon,Quarterly
3372,Silver,672023.38,6,112003.9,Mice,Logitech,Bi-weekly
3373,Silver,39755.86,4,9938.97,Smartphones,Xiaomi,Bi-weekly
3374,Silver,188725.1,4,47181.27,Monitors,BenQ,Quarterly
3375,Bronze,5672.11,2,2836.06,Tablets,iPad,Monthly
3376,Silver,77533.64,4,19383.41,Mice,Corsair,Monthly
3377,Bronze,9329.01,3,3109.67,Tablets,iPad,Monthly
3378,Silver,366313.39,6,61052.23,Printers,HP,Quarterly
3379,Bronze,95616.39,2,47808.2,Mice,Logitech,Monthly
3380,Silver,67083.0,4,16770.75,Mice,Logitech,Quarterly
3381,Silver,292635.17,5,58527.03,Tablets,Samsung,Monthly
3382,Gold,219051.45,7,31293.06,Monitors,ASUS,Bi-weekly
3383,Gold,360989.3,7,51569.9,Monitors,ASUS,Bi-weekly
3384,Bronze,520005.26,3,173335.09,Mice,Corsair,Monthly
3385,Silver,153744.18,4,38436.04,Laptops,Lenovo,Weekly
3386,Silver,113359.34,5,22671.87,Printers,Canon,Monthly
3387,Bronze,7885.8,1,7885.8,Tablets,iPad,Monthly
3388,Silver,151499.41,4,37874.85,Printers,Canon,Bi-weekly
3389,Silver,566303.14,6,94383.86,Monitors,Dell,Weekly
3390,Silver,24764.37,5,4952.87,Keyboards,Dell,Weekly
3391,Bronze,9649.24,1,9649.24,Keyboards,Logitech,Monthly
3392,Bronze,26217.21,1,26217.21,Keyboards,Razer,Quarterly
3393,Silver,28386.43,6,4731.07,Monitors,MSI,Monthly
3394,Bronze,97014.9,3,32338.3,Keyboards,Dell,Weekly
3395,Gold,225565.78,7,32223.68,Laptops,Dell,Bi-weekly
3396,Silver,260029.9,6,43338.32,Mice,Dell,Quarterly
3397,Bronze,25561.26,1,25561.26,Mice,Logitech,Weekly
3398,Bronze,56844.58,1,56844.58,Monitors,MSI,Bi-weekly
3399,Bronze,87248.26,3,29082.75,Mice,Corsair,Quarterly
3400,Silver,22283.21,4,5570.8,Printers,Canon,Bi-weekly
3401,Gold,821381.33,7,117340.19,Tablets,iPad,Weekly
3402,Bronze,57265.25,2,28632.63,Tablets,Samsung,Bi-weekly
3403,Silver,288086.24,5,57617.25,Laptops,Lenovo,Bi-weekly
3404,Gold,428594.82,8,53574.35,Keyboards,Logitech,Monthly
3405,Bronze,60418.73,3,20139.58,Keyboards,Razer,Monthly
3406,Silver,304097.09,4,76024.27,Keyboards,Logitech,Weekly
3407,Silver,75270.97,6,12545.16,Tablets,iPad,Bi-weekly
3408,Bronze,14226.48,2,7113.24,Mice,Logitech,Weekly
3409,Silver,196377.8,5,39275.56,Printers,Canon,Quarterly
3410,Silver,114796.6,5,22959.32,Tablets,iPad,Quarterly
3411,Silver,77117.61,4,19279.4,Mice,Logitech,Monthly
3412,Silver,184312.13,4,46078.03,Tablets,iPad,Monthly
3413,Bronze,19350.03,2,9675.02,Tablets,iPad,Quarterly
3414,Silver,177767.03,6,29627.84,Laptops,HP,Bi-weekly
3415,Silver,52826.6,5,10565.32,Printers,HP,Quarterly
3416,Bronze,46976.03,3,15658.68,Tablets,iPad,Bi-weekly
3417,Bronze,35295.19,3,11765.06,Monitors,ASUS,Monthly
3418,Silver,158478.75,6,26413.12,Laptops,HP,Bi-weekly
3419,Silver,167099.46,4,41774.86,Laptops,Lenovo,Quarterly
3420,Silver,223612.83,6,37268.81,Smartphones,Realme,Monthly
3421,Gold,860751.72,7,122964.53,Smartphones,OnePlus,Weekly
3422,Silver,68555.32,4,17138.83,Tablets,Samsung,Monthly
3423,Silver,373631.09,4,93407.77,Laptops,Dell,Weekly
3424,Bronze,300358.27,2,150179.13,Monitors,MSI,Quarterly
3425,Silver,38630.52,5,7726.1,Mice,Dell,Weekly
3426,Silver,80542.44,4,20135.61,Printers,HP,Monthly
3427,Silver,229899.41,6,38316.57,Laptops,MacBook,Monthly
3428,Bronze,3010.34,3,1003.45,Tablets,iPad,Monthly
3429,Gold,505233.93,7,72176.28,Smartphones,Realme,Quarterly
3430,Silver,120436.59,6,20072.77,Mice,Dell,Bi-weekly
3431,Bronze,17141.98,1,17141.98,Laptops,Dell,Bi-weekly
3432,Silver,172536.72,6,28756.12,Mice,Logitech,Quarterly
3433,Bronze,376570.44,3,125523.48,Laptops,MacBook,Monthly
3434,Silver,236233.17,6,39372.19,Mice,Logitech,Quarterly
3435,Silver,17633.12,5,3526.62,Monitors,ASUS,Monthly
3436,Bronze,31470.9,1,31470.9,Laptops,Lenovo,Quarterly
3437,Silver,137627.6,4,34406.9,Tablets,iPad,Monthly
3438,Silver,26028.23,4,6507.06,Smartphones,iPhone,Quarterly
3439,Bronze,40920.39,3,13640.13,Laptops,Dell,Quarterly
3440,Bronze,103186.33,3,34395.44,Tablets,Samsung,Bi-weekly
3441,Gold,359446.54,7,51349.51,Keyboards,Razer,Quarterly
3442,Bronze,52374.96,1,52374.96,Monitors,Dell,Monthly
3443,Bronze,297448.56,3,99149.52,Tablets,iPad,Weekly
3444,Bronze,52914.07,3,17638.02,Mice,Logitech,Monthly
3445,Silver,345046.99,6,57507.83,Keyboards,Razer,Bi-weekly
3446,Silver,385680.82,6,64280.14,Keyboards,Razer,Quarterly
3447,Silver,207140.01,6,34523.33,Monitors,BenQ,Weekly
3448,Silver,300916.63,5,60183.33,Mice,Dell,Bi-weekly
3449,Silver,185130.76,6,30855.13,Monitors,LG,Monthly
3450,Silver,148625.31,5,29725.06,Smartphones,OnePlus,Quarterly
3451,Silver,415522.82,5,83104.56,Tablets,Samsung,Bi-weekly
3452,Silver,42944.82,5,8588.96,Mice,Dell,Bi-weekly
3453,Silver,33406.19,5,6681.24,Keyboards,Dell,Monthly
3454,Bronze,129850.71,3,43283.57,Laptops,Lenovo,Weekly
3455,Silver,325487.39,5,65097.48,Smartphones,Poco,Bi-weekly
3456,Bronze,68957.31,2,34478.65,Smartphones,Realme,Monthly
3457,Gold,629886.39,7,89983.77,Mice,Dell,Bi-weekly
3458,Silver,33484.32,6,5580.72,Smartphones,OnePlus,Monthly
3459,Bronze,132619.07,1,132619.07,Mice,Logitech,Weekly
3460,Bronze,55202.86,2,27601.43,Keyboards,Corsair,Quarterly
3461,Silver,184026.93,5,36805.39,Monitors,MSI,Weekly
3462,Bronze,70091.06,2,35045.53,Printers,HP,Quarterly
3463,Bronze,146844.77,3,48948.26,Mice,Dell,Bi-weekly
3464,Silver,7462.98,4,1865.74,Keyboards,Corsair,Weekly
3465,Silver,175731.61,5,35146.32,Monitors,LG,Bi-weekly
3466,Bronze,410279.22,3,136759.74,Laptops,Dell,Quarterly
3467,Silver,256957.01,5,51391.4,Smartphones,iPhone,Weekly
3468,Silver,226372.12,4,56593.03,Laptops,HP,Quarterly
3469,Silver,1961.99,4,490.5,Tablets,iPad,Quarterly
3470,Silver,84416.17,4,21104.04,Printers,HP,Quarterly
3471,Silver,45633.39,5,9126.68,Monitors,Dell,Weekly
3472,Bronze,9027.97,2,4513.98,Smartphones,OnePlus,Quarterly
3473,Silver,458287.57,5,91657.51,Laptops,Dell,Weekly
3474,Silver,179530.43,5,35906.09,Mice,Corsair,Weekly
3475,Silver,464021.31,6,77336.89,Keyboards,Logitech,Bi-weekly
3476,Silver,351647.61,6,58607.93,Keyboards,Razer,Bi-weekly
3477,Silver,94308.52,5,18861.7,Laptops,Lenovo,Bi-weekly
3478,Silver,445927.42,5,89185.48,Laptops,HP,Monthly
3479,Silver,280723.33,4,70180.83,Printers,HP,Bi-weekly
3480,Bronze,157563.17,1,157563.17,Mice,Corsair,Bi-weekly
3481,Bronze,85517.38,3,28505.79,Monitors,ASUS,Monthly
3482,Silver,164602.73,5,32920.55,Monitors,MSI,Monthly
3483,Bronze,7665.51,2,3832.76,Mice,Dell,Monthly
3484,Silver,267798.64,4,66949.66,Printers,Canon,Quarterly
3485,Bronze,169570.67,3,56523.56,Keyboards,Corsair,Monthly
3486,Bronze,35158.16,3,11719.39,Smartphones,Samsung,Quarterly
3487,Silver,318470.56,5,63694.11,Monitors,MSI,Weekly
3488,Gold,303577.25,7,43368.18,Smartphones,Poco,Monthly
3489,Silver,154502.26,4,38625.56,Tablets,Samsung,Weekly
3490,Silver,66627.33,5,13325.47,Laptops,HP,Bi-weekly
3491,Bronze,407311.89,3,135770.63,Mice,Corsair,Weekly
3492,Silver,488422.26,4,122105.57,Tablets,iPad,Quarterly
3493,Silver,35634.92,4,8908.73,Mice,Corsair,Bi-weekly
3494,Bronze,379432.77,3,126477.59,Tablets,iPad,Bi-weekly
3495,Silver,253309.35,4,63327.34,Smartphones,Xiaomi,Weekly
3496,Silver,620980.01,6,103496.67,Smartphones,Realme,Monthly
3497,Silver,43059.9,4,10764.98,Laptops,HP,Monthly
3498,Bronze,14312.3,2,7156.15,Mice,Logitech,Monthly
3499,Bronze,37605.58,2,18802.79,Printers,HP,Bi-weekly
3500,Bronze,86866.83,3,28955.61,Keyboards,Dell,Monthly
3501,Silver,140566.79,6,23427.8,Keyboards,Razer,Monthly
3502,Gold,921880.89,7,131697.27,Mice,Logitech,Monthly
3503,Silver,17364.84,5,3472.97,Mice,Corsair,Monthly
3504,Silver,385505.69,5,77101.14,Mice,Logitech,Monthly
3505,Silver,440731.56,5,88146.31,Mice,Dell,Monthly
3506,Silver,142851.1,6,23808.52,Mice,Logitech,Bi-weekly
3507,Bronze,46258.97,1,46258.97,Mice,Dell,Quarterly
3508,Silver,704114.32,5,140822.86,Keyboards,Dell,Monthly
3509,Bronze,84646.65,3,28215.55,Printers,Canon,Weekly
3510,Silver,467814.52,5,93562.9,Tablets,iPad,Monthly
3511,Silver,316194.4,4,79048.6,Laptops,MacBook,Bi-weekly
3512,Silver,55842.59,4,13960.65,Smartphones,Xiaomi,Quarterly
3513,Silver,45722.25,6,7620.38,Mice,Corsair,Weekly
3514,Bronze,50985.95,2,25492.97,Mice,Corsair,Bi-weekly
3515,Silver,18506.02,5,3701.2,Mice,Logitech,Bi-weekly
3516,Silver,35293.62,6,5882.27,Tablets,iPad,Monthly
3517,Silver,178819.76,5,35763.95,Printers,HP,Bi-weekly
3518,Silver,432041.73,4,108010.43,Tablets,Samsung,Quarterly
3519,Gold,199526.48,9,22169.61,Keyboards,Dell,Monthly
3520,Silver,275291.24,5,55058.25,Monitors,ASUS,Monthly
3521,Silver,53778.1,4,13444.52,Keyboards,Corsair,Quarterly
3522,Bronze,4607.27,1,4607.27,Printers,Canon,Bi-weekly
3523,Bronze,129814.18,2,64907.09,Mice,Logitech,Bi-weekly
3524,Gold,115870.37,7,16552.91,Printers,Canon,Monthly
3525,Silver,4396.12,5,879.22,Tablets,Samsung,Bi-weekly
3526,Bronze,35446.8,1,35446.8,Printers,Canon,Bi-weekly
3527,Bronze,24493.18,3,8164.39,Tablets,Samsung,Quarterly
3528,Silver,202982.3,6,33830.38,Keyboards,Razer,Bi-weekly
3529,Bronze,26829.97,2,13414.98,Keyboards,Dell,Bi-weekly
3530,Silver,6320.55,5,1264.11,Laptops,Lenovo,Quarterly
3531,Bronze,100331.68,3,33443.89,Laptops,Lenovo,Quarterly
3532,Silver,450191.91,5,90038.38,Smartphones,Realme,Quarterly
3533,Silver,2549.54,6,424.92,Keyboards,Corsair,Quarterly
3534,Silver,379582.55,5,75916.51,Tablets,iPad,Bi-weekly
3535,Silver,9185.42,5,1837.08,Monitors,MSI,Weekly
3536,Silver,30951.16,5,6190.23,Tablets,iPad,Weekly
3537,Bronze,43542.18,3,14514.06,Printers,HP,Bi-weekly
3538,Silver,375719.94,4,93929.98,Monitors,BenQ,Bi-weekly
3539,Silver,220373.51,5,44074.7,Printers,Canon,Weekly
3540,Silver,15025.47,4,3756.37,Tablets,iPad,Quarterly
3541,Gold,95856.08,7,13693.73,Smartphones,Poco,Quarterly
3542,Silver,52618.27,5,10523.65,Printers,HP,Bi-weekly
3543,Bronze,17824.3,3,5941.43,Monitors,ASUS,Monthly
3544,Bronze,4750.23,3,1583.41,Smartphones,iPhone,Quarterly
3545,Silver,69685.51,4,17421.38,Tablets,Samsung,Bi-weekly
3546,Silver,204146.76,4,51036.69,Smartphones,iPhone,Weekly
3547,Bronze,13739.34,1,13739.34,Printers,Canon,Quarterly
3548,Silver,37222.63,5,7444.53,Monitors,Dell,Weekly
3549,Bronze,97674.45,2,48837.23,Mice,Dell,Quarterly
3550,Bronze,39045.19,2,19522.59,Keyboards,Logitech,Bi-weekly
3551,Gold,89278.42,8,11159.8,Printers,Canon,Weekly
3552,Silver,425293.18,6,70882.2,Tablets,iPad,Bi-weekly
3553,Silver,217792.8,6,36298.8,Tablets,Samsung,Quarterly
3554,Silver,72560.06,5,14512.01,Keyboards,Corsair,Weekly
3555,Bronze,6373.96,1,6373.96,Tablets,iPad,Monthly
3556,Silver,250943.02,5,50188.6,Printers,HP,Monthly
3557,Bronze,12888.49,3,4296.16,Smartphones,Samsung,Weekly
3558,Silver,241253.51,6,40208.92,Smartphones,iPhone,Monthly
3559,Silver,157914.02,4,39478.5,Tablets,Samsung,Bi-weekly
3560,Silver,238144.2,4,59536.05,Tablets,iPad,Monthly
3561,Bronze,10892.95,1,10892.95,Laptops,MacBook,Bi-weekly
3562,Bronze,78355.12,3,26118.37,Smartphones,iPhone,Monthly
3563,Bronze,49521.72,2,24760.86,Tablets,iPad,Monthly
3564,Bronze,26273.09,3,8757.7,Laptops,Dell,Bi-weekly
3565,Silver,52717.68,6,8786.28,Monitors,BenQ,Monthly
3566,Bronze,19308.19,3,6436.06,Keyboards,Corsair,Weekly
3567,Silver,152303.74,5,30460.75,Printers,HP,Bi-weekly
3568,Silver,28444.57,4,7111.14,Monitors,MSI,Weekly
3569,Gold,33079.16,8,4134.89,Laptops,MacBook,Weekly
3570,Gold,239101.19,10,23910.12,Printers,HP,Weekly
3571,Bronze,18639.37,3,6213.12,Mice,Dell,Monthly
3572,Silver,401.81,5,80.36,Monitors,Dell,Monthly
3573,Bronze,32752.54,3,10917.51,Mice,Logitech,Bi-weekly
3574,Bronze,108873.72,3,36291.24,Printers,Canon,Bi-weekly
3575,Silver,16094.61,5,3218.92,Printers,Canon,Bi-weekly
3576,Silver,209854.97,6,34975.83,Printers,Canon,Quarterly
3577,Silver,242770.48,5,48554.1,Laptops,Lenovo,Bi-weekly
3578,Gold,245399.26,8,30674.91,Keyboards,Corsair,Weekly
3579,Bronze,61354.49,3,20451.5,Printers,HP,Monthly
3580,Silver,411394.52,6,68565.75,Mice,Dell,Bi-weekly
3581,Silver,95903.33,4,23975.83,Smartphones,Realme,Bi-weekly
3582,Bronze,26489.14,3,8829.71,Smartphones,Realme,Weekly
3583,Bronze,166910.38,3,55636.79,Smartphones,Realme,Quarterly
3584,Gold,299423.37,7,42774.77,Mice,Dell,Weekly
3585,Bronze,13832.08,1,13832.08,Tablets,iPad,Quarterly
3586,Silver,177754.06,6,29625.68,Smartphones,iPhone,Bi-weekly
3587,Silver,107734.06,6,17955.68,Laptops,MacBook,Bi-weekly
3588,Silver,74453.49,6,12408.91,Keyboards,Dell,Quarterly
3589,Bronze,55756.06,2,27878.03,Keyboards,Dell,Quarterly
3590,Silver,142080.39,6,23680.07,Smartphones,Xiaomi,Bi-weekly
3591,Silver,125699.08,5,25139.82,Monitors,Dell,Weekly
3592,Bronze,73616.28,2,36808.14,Laptops,Lenovo,Weekly
3593,Gold,207524.31,8,25940.54,Smartphones,Samsung,Quarterly
3594,Silver,9844.19,4,2461.05,Keyboards,Dell,Monthly
3595,Silver,69548.54,4,17387.14,Mice,Logitech,Weekly
3596,Silver,360304.66,6,60050.78,Smartphones,OnePlus,Monthly
3597,Gold,301658.43,9,33517.6,Tablets,iPad,Monthly
3598,Gold,143709.13,7,20529.88,Printers,Canon,Bi-weekly
3599,Silver,196048.61,5,39209.72,Mice,Logitech,Bi-weekly
3600,Silver,174730.35,4,43682.59,Tablets,iPad,Weekly
3601,Bronze,81019.21,3,27006.4,Monitors,BenQ,Weekly
3602,Bronze,24465.88,2,12232.94,Laptops,Dell,Bi-weekly
3603,Gold,407407.99,8,50926.0,Laptops,Lenovo,Monthly
3604,Silver,141021.6,6,23503.6,Laptops,MacBook,Bi-weekly
3605,Silver,92150.97,4,23037.74,Keyboards,Logitech,Bi-weekly
3606,Gold,510153.67,10,51015.37,Monitors,ASUS,Weekly
3607,Bronze,12478.8,1,12478.8,Tablets,Samsung,Quarterly
3608,Bronze,5249.48,3,1749.83,Printers,Canon,Bi-weekly
3609,Silver,600472.84,6,100078.81,Printers,HP,Quarterly
3610,Bronze,21179.28,3,7059.76,Smartphones,Samsung,Quarterly
3611,Bronze,29425.28,3,9808.43,Monitors,Dell,Bi-weekly
3612,Bronze,135071.23,2,67535.62,Keyboards,Dell,Weekly
3613,Bronze,11514.28,3,3838.09,Keyboards,Dell,Monthly
3614,Silver,39958.7,4,9989.67,Smartphones,Samsung,Bi-weekly
3615,Silver,236479.76,4,59119.94,Laptops,Dell,Quarterly
3616,Gold,145827.79,9,16203.09,Keyboards,Corsair,Monthly
3617,Silver,337414.77,4,84353.69,Laptops,Lenovo,Bi-weekly
3618,Gold,160897.51,7,22985.36,Monitors,MSI,Quarterly
3619,Silver,292163.58,6,48693.93,Laptops,HP,Monthly
3620,Silver,37399.77,6,6233.3,Monitors,MSI,Weekly
3621,Bronze,76545.27,3,25515.09,Tablets,Samsung,Bi-weekly
3622,Bronze,64858.12,2,32429.06,Keyboards,Logitech,Quarterly
3623,Silver,181415.22,6,30235.87,Monitors,MSI,Bi-weekly
3624,Bronze,5912.89,1,5912.89,Smartphones,OnePlus,Quarterly
3625,Silver,595353.94,4,148838.48,Smartphones,Poco,Bi-weekly
3626,Silver,196500.78,4,49125.2,Smartphones,Realme,Weekly
3627,Bronze,102840.94,1,102840.94,Keyboards,Logitech,Monthly
3628,Silver,435082.5,4,108770.62,Laptops,MacBook,Quarterly
3629,Bronze,69462.99,1,69462.99,Smartphones,OnePlus,Quarterly
3630,Bronze,23996.47,1,23996.47,Laptops,MacBook,Monthly
3631,Silver,808994.71,5,161798.94,Smartphones,Xiaomi,Quarterly
3632,Bronze,220797.23,2,110398.62,Printers,Canon,Weekly
3633,Silver,70741.35,5,14148.27,Laptops,MacBook,Weekly
3634,Gold,52140.26,9,5793.36,Mice,Dell,Monthly
3635,Silver,520298.13,4,130074.53,Keyboards,Dell,Quarterly
3636,Silver,78684.94,4,19671.23,Tablets,iPad,Weekly
3637,Silver,54305.34,6,9050.89,Printers,HP,Weekly
3638,Bronze,35776.77,1,35776.77,Mice,Logitech,Weekly
3639,Silver,25755.58,4,6438.89,Keyboards,Razer,Quarterly
3640,Silver,456120.74,6,76020.12,Keyboards,Dell,Quarterly
3641,Silver,17921.51,5,3584.3,Tablets,Samsung,Monthly
3642,Gold,762666.5,7,108952.36,Laptops,Lenovo,Quarterly
3643,Silver,303262.88,4,75815.72,Keyboards,Corsair,Monthly
3644,Silver,140858.5,5,28171.7,Monitors,LG,Quarterly
3645,Silver,21553.4,5,4310.68,Printers,HP,Weekly
3646,Silver,265894.23,6,44315.71,Smartphones,Samsung,Bi-weekly
3647,Gold,186299.48,8,23287.44,Keyboards,Dell,Bi-weekly
3648,Bronze,218777.16,3,72925.72,Monitors,Dell,Monthly
3649,Silver,42198.71,5,8439.74,Tablets,iPad,Weekly
3650,Silver,126289.2,5,25257.84,Keyboards,Dell,Weekly
3651,Gold,167123.08,8,20890.39,Laptops,Dell,Monthly
3652,Silver,71718.67,4,17929.67,Monitors,BenQ,Quarterly
3653,Bronze,16821.72,3,5607.24,Smartphones,OnePlus,Bi-weekly
3654,Silver,314612.65,5,62922.53,Laptops,HP,Weekly
3655,Gold,114388.74,7,16341.25,Keyboards,Corsair,Monthly
3656,Bronze,105921.61,2,52960.8,Printers,HP,Bi-weekly
3657,Gold,471027.97,8,58878.5,Laptops,Lenovo,Quarterly
3658,Gold,322517.33,10,32251.73,Tablets,iPad,Quarterly
3659,Silver,39190.47,6,6531.74,Tablets,iPad,Quarterly
3660,Gold,1287632.19,7,183947.46,Laptops,MacBook,Weekly
3661,Silver,21304.96,4,5326.24,Smartphones,Xiaomi,Bi-weekly
3662,Bronze,8342.3,3,2780.77,Mice,Logitech,Bi-weekly
3663,Silver,92057.54,5,18411.51,Printers,Canon,Bi-weekly
3664,Bronze,242805.87,3,80935.29,Mice,Dell,Monthly
3665,Silver,470608.6,4,117652.15,Printers,HP,Quarterly
3666,Silver,41512.96,6,6918.83,Laptops,MacBook,Monthly
3667,Gold,8408.19,7,1201.17,Keyboards,Corsair,Quarterly
3668,Silver,63422.79,4,15855.7,Laptops,HP,Weekly
3669,Silver,113174.84,4,28293.71,Laptops,Dell,Weekly
3670,Silver,686031.39,4,171507.85,Printers,Canon,Monthly
3671,Gold,12989.46,7,1855.64,Smartphones,Poco,Weekly
3672,Bronze,112557.39,3,37519.13,Keyboards,Corsair,Weekly
3673,Silver,165973.12,5,33194.62,Printers,Canon,Bi-weekly
3674,Silver,35810.34,4,8952.58,Laptops,MacBook,Monthly
3675,Silver,484961.51,4,121240.38,Mice,Corsair,Quarterly
3676,Gold,219814.84,8,27476.86,Laptops,HP,Quarterly
3677,Silver,114220.19,4,28555.05,Smartphones,Xiaomi,Bi-weekly
3678,Bronze,53634.75,2,26817.37,Tablets,iPad,Bi-weekly
3679,Silver,136965.07,4,34241.27,Smartphones,Xiaomi,Weekly
3680,Bronze,231452.99,3,77151.0,Monitors,MSI,Monthly
3681,Silver,2856.82,6,476.14,Smartphones,Poco,Bi-weekly
3682,Bronze,25660.27,3,8553.42,Laptops,Lenovo,Bi-weekly
3683,Bronze,9153.76,3,3051.25,Tablets,Samsung,Bi-weekly
3684,Silver,95099.57,4,23774.89,Laptops,HP,Monthly
3685,Silver,39155.11,5,7831.02,Laptops,Dell,Weekly
3686,Gold,202290.38,7,28898.63,Laptops,Lenovo,Quarterly
3687,Bronze,149053.84,3,49684.61,Monitors,BenQ,Quarterly
3688,Silver,229424.26,5,45884.85,Smartphones,iPhone,Monthly
3689,Silver,106404.63,4,26601.16,Printers,HP,Weekly
3690,Silver,30381.02,6,5063.5,Mice,Dell,Bi-weekly
3691,Silver,114006.04,4,28501.51,Laptops,Lenovo,Quarterly
3692,Silver,378346.8,4,94586.7,Keyboards,Dell,Monthly
3693,Silver,134226.61,4,33556.65,Monitors,Dell,Quarterly
3694,Gold,42808.15,9,4756.46,Keyboards,Logitech,Bi-weekly
3695,Bronze,343025.93,3,114341.98,Keyboards,Razer,Monthly
3696,Silver,339223.09,4,84805.77,Smartphones,Poco,Bi-weekly
3697,Bronze,72853.8,1,72853.8,Tablets,Samsung,Quarterly
3698,Bronze,31642.54,2,15821.27,Smartphones,Xiaomi,Monthly
3699,Bronze,276797.58,3,92265.86,Printers,Canon,Monthly
3700,Bronze,49914.27,3,16638.09,Monitors,LG,Weekly
3701,Silver,124742.56,4,31185.64,Laptops,Dell,Monthly
3702,Gold,507188.07,9,56354.23,Keyboards,Razer,Weekly
3703,Bronze,68025.41,3,22675.14,Monitors,MSI,Quarterly
3704,Gold,169332.1,8,21166.51,Smartphones,iPhone,Quarterly
3705,Bronze,25750.06,3,8583.35,Monitors,MSI,Quarterly
3706,Silver,83525.26,6,13920.88,Keyboards,Corsair,Weekly
3707,Bronze,14326.81,1,14326.81,Keyboards,Razer,Monthly
3708,Silver,20413.05,4,5103.26,Monitors,Dell,Quarterly
3709,Silver,269455.5,5,53891.1,Monitors,ASUS,Quarterly
3710,Silver,135610.39,5,27122.08,Keyboards,Logitech,Quarterly
3711,Silver,123002.42,6,20500.4,Printers,Canon,Weekly
3712,Silver,229031.28,6,38171.88,Printers,Canon,Quarterly
3713,Gold,353770.85,7,50538.69,Tablets,Samsung,Quarterly
3714,Bronze,51771.99,3,17257.33,Smartphones,Realme,Monthly
3715,Bronze,32298.66,3,10766.22,Tablets,iPad,Monthly
3716,Silver,40278.51,4,10069.63,Keyboards,Corsair,Quarterly
3717,Gold,201428.74,8,25178.59,Tablets,Samsung,Bi-weekly
3718,Bronze,21960.28,3,7320.09,Printers,Canon,Weekly
3719,Bronze,30684.13,2,15342.06,Printers,Canon,Bi-weekly
3720,Silver,178061.87,4,44515.47,Monitors,LG,Bi-weekly
3721,Silver,15974.33,6,2662.39,Printers,Canon,Quarterly
3722,Bronze,47811.81,2,23905.91,Monitors,LG,Bi-weekly
3723,Bronze,31343.45,3,10447.82,Monitors,Dell,Quarterly
3724,Silver,76856.11,6,12809.35,Laptops,Dell,Weekly
3725,Silver,39295.52,4,9823.88,Mice,Dell,Weekly
3726,Bronze,48746.93,2,24373.47,Smartphones,iPhone,Weekly
3727,Gold,156728.75,7,22389.82,Monitors,Dell,Weekly
3728,Silver,79361.03,4,19840.26,Smartphones,iPhone,Bi-weekly
3729,Bronze,16706.3,1,16706.3,Laptops,MacBook,Quarterly
3730,Silver,158673.17,4,39668.29,Monitors,Dell,Monthly
3731,Bronze,114079.37,3,38026.46,Keyboards,Corsair,Quarterly
3732,Silver,192890.5,4,48222.63,Keyboards,Dell,Bi-weekly
3733,Silver,682232.35,6,113705.39,Printers,HP,Monthly
3734,Silver,314251.15,5,62850.23,Smartphones,Samsung,Quarterly
3735,Bronze,14181.04,1,14181.04,Mice,Corsair,Weekly
3736,Silver,129489.36,5,25897.87,Keyboards,Dell,Bi-weekly
3737,Bronze,105199.98,2,52599.99,Monitors,BenQ,Weekly
3738,Silver,33905.54,5,6781.11,Keyboards,Dell,Quarterly
3739,Silver,249498.28,4,62374.57,Monitors,ASUS,Quarterly
3740,Bronze,182146.63,3,60715.54,Laptops,MacBook,Bi-weekly
3741,Silver,191620.57,5,38324.11,Laptops,Dell,Bi-weekly
3742,Bronze,45540.97,1,45540.97,Printers,HP,Bi-weekly
3743,Silver,200670.24,5,40134.05,Monitors,BenQ,Quarterly
3744,Silver,560442.52,6,93407.09,Keyboards,Corsair,Monthly
3745,Silver,98584.37,6,16430.73,Printers,Canon,Bi-weekly
3746,Silver,99462.48,4,24865.62,Keyboards,Logitech,Weekly
3747,Silver,84156.71,6,14026.12,Monitors,ASUS,Bi-weekly
3748,Bronze,25095.84,2,12547.92,Mice,Corsair,Monthly
3749,Bronze,229209.02,3,76403.01,Mice,Corsair,Weekly
3750,Silver,43728.26,6,7288.04,Mice,Dell,Monthly
3751,Silver,134434.38,5,26886.88,Smartphones,Xiaomi,Weekly
3752,Silver,22262.22,4,5565.56,Tablets,Samsung,Quarterly
3753,Silver,269783.72,6,44963.95,Printers,Canon,Bi-weekly
3754,Silver,248168.29,6,41361.38,Smartphones,Samsung,Weekly
3755,Silver,20631.57,5,4126.31,Laptops,Dell,Bi-weekly
3756,Silver,170621.6,5,34124.32,Laptops,Lenovo,Monthly
3757,Gold,939897.11,7,134271.02,Monitors,LG,Quarterly
3758,Silver,243221.89,5,48644.38,Mice,Corsair,Weekly
3759,Silver,12751.35,4,3187.84,Monitors,MSI,Weekly
3760,Silver,254948.96,4,63737.24,Laptops,Lenovo,Weekly
3761,Silver,490317.72,4,122579.43,Tablets,Samsung,Monthly
3762,Bronze,7992.9,3,2664.3,Tablets,Samsung,Monthly
3763,Silver,120323.95,5,24064.79,Laptops,MacBook,Monthly
3764,Bronze,192869.03,3,64289.68,Smartphones,Realme,Quarterly
3765,Silver,308816.13,6,51469.36,Laptops,Dell,Bi-weekly
3766,Bronze,524.4,3,174.8,Monitors,LG,Weekly
3767,Silver,8031.49,6,1338.58,Tablets,iPad,Monthly
3768,Silver,216427.68,4,54106.92,Mice,Dell,Weekly
3769,Silver,343040.72,6,57173.45,Monitors,BenQ,Bi-weekly
3770,Gold,1221.55,7,174.51,Laptops,MacBook,Monthly
3771,Bronze,250793.37,3,83597.79,Laptops,Lenovo,Bi-weekly
3772,Bronze,40653.45,2,20326.73,Keyboards,Logitech,Quarterly
3773,Silver,1124267.21,6,187377.87,Keyboards,Razer,Quarterly
3774,Silver,89297.72,6,14882.95,Laptops,MacBook,Monthly
3775,Silver,64035.3,4,16008.83,Tablets,Samsung,Bi-weekly
3776,Bronze,38231.13,3,12743.71,Tablets,Samsung,Weekly
3777,Gold,697530.54,8,87191.32,Tablets,Samsung,Bi-weekly
3778,Silver,156863.23,4,39215.81,Monitors,LG,Quarterly
3779,Silver,83913.61,4,20978.4,Keyboards,Logitech,Quarterly
3780,Silver,241507.28,5,48301.46,Keyboards,Corsair,Weekly
3781,Bronze,27063.34,3,9021.11,Printers,HP,Monthly
3782,Gold,693544.58,7,99077.8,Keyboards,Dell,Monthly
3783,Silver,29827.06,5,5965.41,Mice,Dell,Quarterly
3784,Silver,218727.52,4,54681.88,Keyboards,Logitech,Weekly
3785,Bronze,44344.82,2,22172.41,Monitors,LG,Monthly
3786,Bronze,8582.73,1,8582.73,Keyboards,Dell,Bi-weekly
3787,Silver,301955.02,6,50325.84,Tablets,iPad,Monthly
3788,Silver,555539.06,6,92589.84,Keyboards,Logitech,Weekly
3789,Silver,129394.73,6,21565.79,Smartphones,OnePlus,Quarterly
3790,Silver,187032.74,5,37406.55,Smartphones,Realme,Weekly
3791,Bronze,52953.45,2,26476.73,Mice,Corsair,Monthly
3792,Bronze,291343.17,3,97114.39,Mice,Dell,Quarterly
3793,Gold,679272.21,7,97038.89,Printers,HP,Weekly
3794,Bronze,475612.8,3,158537.6,Monitors,BenQ,Quarterly
3795,Silver,713312.26,4,178328.07,Printers,HP,Weekly
3796,Silver,64420.39,5,12884.08,Printers,Canon,Weekly
3797,Silver,44758.4,5,8951.68,Monitors,Dell,Weekly
3798,Gold,311960.59,8,38995.07,Monitors,LG,Bi-weekly
3799,Silver,108174.74,5,21634.95,Smartphones,Realme,Monthly
3800,Bronze,176155.08,2,88077.54,Smartphones,Xiaomi,Bi-weekly
3801,Silver,24056.03,6,4009.34,Mice,Corsair,Bi-weekly
3802,Silver,13083.59,4,3270.9,Keyboards,Razer,Quarterly
3803,Bronze,57629.44,1,57629.44,Monitors,LG,Quarterly
3804,Gold,60667.5,7,8666.79,Monitors,BenQ,Weekly
3805,Bronze,51447.74,1,51447.74,Keyboards,Razer,Monthly
3806,Silver,91579.08,4,22894.77,Mice,Corsair,Quarterly
3807,Silver,331781.54,4,82945.39,Tablets,iPad,Bi-weekly
3808,Silver,81651.83,5,16330.37,Monitors,BenQ,Bi-weekly
3809,Silver,58145.06,4,14536.26,Monitors,Dell,Quarterly
3810,Bronze,17749.49,3,5916.5,Printers,Canon,Bi-weekly
3811,Bronze,67995.38,3,22665.13,Laptops,MacBook,Quarterly
3812,Bronze,6382.91,3,2127.64,Smartphones,Samsung,Monthly
3813,Gold,423755.49,7,60536.5,Mice,Corsair,Bi-weekly
3814,Silver,270665.72,6,45110.95,Laptops,Dell,Quarterly
3815,Bronze,328829.76,2,164414.88,Monitors,LG,Quarterly
3816,Silver,517360.14,5,103472.03,Keyboards,Dell,Quarterly
3817,Gold,234857.53,7,33551.08,Mice,Logitech,Weekly
3818,Silver,12825.76,4,3206.44,Smartphones,OnePlus,Weekly
3819,Bronze,13658.03,3,4552.68,Printers,Canon,Weekly
3820,Silver,133364.44,4,33341.11,Mice,Corsair,Quarterly
3821,Bronze,36709.23,2,18354.61,Mice,Dell,Quarterly
3822,Silver,197386.28,6,32897.71,Mice,Corsair,Weekly
3823,Silver,23844.27,4,5961.07,Printers,Canon,Bi-weekly
3824,Bronze,5438.58,3,1812.86,Printers,Canon,Monthly
3825,Bronze,54137.74,3,18045.91,Laptops,Dell,Quarterly
3826,Bronze,16258.65,2,8129.33,Smartphones,iPhone,Bi-weekly
3827,Bronze,30984.43,3,10328.14,Monitors,LG,Monthly
3828,Silver,15721.34,4,3930.34,Tablets,Samsung,Weekly
3829,Bronze,136798.64,3,45599.55,Printers,Canon,Quarterly
3830,Silver,34216.85,4,8554.21,Monitors,MSI,Bi-weekly
3831,Silver,76879.57,5,15375.91,Monitors,LG,Quarterly
3832,Bronze,255445.57,3,85148.52,Monitors,ASUS,Bi-weekly
3833,Silver,143704.23,4,35926.06,Smartphones,Poco,Bi-weekly
3834,Silver,270521.92,4,67630.48,Tablets,iPad,Bi-weekly
3835,Silver,131595.92,4,32898.98,Monitors,MSI,Weekly
3836,Silver,205313.84,4,51328.46,Tablets,iPad,Monthly
3837,Gold,497888.39,7,71126.91,Smartphones,Samsung,Weekly
3838,Bronze,43076.21,3,14358.74,Mice,Corsair,Weekly
3839,Silver,127707.2,5,25541.44,Monitors,Dell,Quarterly
3840,Bronze,3758.29,1,3758.29,Smartphones,Samsung,Quarterly
3841,Gold,60549.37,8,7568.67,Tablets,Samsung,Monthly
3842,Silver,222664.1,5,44532.82,Tablets,Samsung,Weekly
3843,Silver,56039.49,5,11207.9,Tablets,iPad,Bi-weekly
3844,Bronze,155424.2,2,77712.1,Monitors,BenQ,Monthly
3845,Bronze,137554.42,2,68777.21,Laptops,HP,Bi-weekly
3846,Silver,119817.84,5,23963.57,Mice,Corsair,Quarterly
3847,Silver,468124.97,5,93624.99,Tablets,iPad,Monthly
3848,Bronze,164246.58,3,54748.86,Smartphones,iPhone,Quarterly
3849,Bronze,60685.28,2,30342.64,Laptops,Lenovo,Monthly
3850,Bronze,84158.7,3,28052.9,Printers,HP,Bi-weekly
3851,Silver,214980.65,4,53745.16,Printers,HP,Monthly
3852,Bronze,9603.93,1,9603.93,Monitors,LG,Quarterly
3853,Silver,9164.08,4,2291.02,Keyboards,Dell,Weekly
3854,Bronze,30192.29,3,10064.1,Laptops,MacBook,Weekly
3855,Bronze,29351.96,2,14675.98,Monitors,LG,Quarterly
3856,Silver,214499.59,5,42899.92,Monitors,ASUS,Quarterly
3857,Bronze,18091.75,1,18091.75,Tablets,iPad,Monthly
3858,Bronze,306245.26,2,153122.63,Tablets,iPad,Bi-weekly
3859,Bronze,94234.73,3,31411.58,Laptops,Dell,Monthly
3860,Gold,961511.41,9,106834.6,Laptops,HP,Quarterly
3861,Bronze,166879.44,3,55626.48,Tablets,Samsung,Bi-weekly
3862,Bronze,49409.18,3,16469.73,Keyboards,Logitech,Bi-weekly
3863,Silver,197641.72,5,39528.34,Laptops,HP,Bi-weekly
3864,Bronze,52557.27,2,26278.63,Printers,Canon,Quarterly
3865,Silver,71161.78,4,17790.44,Printers,HP,Weekly
3866,Bronze,168045.03,3,56015.01,Smartphones,iPhone,Monthly
3867,Gold,512874.43,7,73267.78,Mice,Corsair,Bi-weekly
3868,Silver,87609.74,6,14601.62,Smartphones,Xiaomi,Quarterly
3869,Silver,211437.38,4,52859.34,Laptops,Lenovo,Quarterly
3870,Silver,651268.22,5,130253.64,Smartphones,Samsung,Bi-weekly
3871,Silver,2515.67,6,419.28,Printers,Canon,Monthly
3872,Bronze,158109.65,3,52703.22,Laptops,HP,Bi-weekly
3873,Bronze,92293.81,3,30764.6,Tablets,iPad,Bi-weekly
3874,Silver,94145.14,5,18829.03,Monitors,Dell,Quarterly
3875,Gold,235746.01,7,33678.0,Laptops,MacBook,Monthly
3876,Bronze,154209.14,2,77104.57,Monitors,ASUS,Quarterly
3877,Bronze,44048.99,3,14683.0,Monitors,Dell,Monthly
3878,Silver,546597.04,4,136649.26,Laptops,MacBook,Quarterly
3879,Silver,140926.68,6,23487.78,Keyboards,Razer,Bi-weekly
3880,Bronze,109177.08,3,36392.36,Monitors,ASUS,Quarterly
3881,Bronze,73004.5,2,36502.25,Printers,HP,Weekly
3882,Bronze,126752.12,2,63376.06,Mice,Corsair,Monthly
3883,Silver,113508.23,4,28377.06,Printers,Canon,Weekly
3884,Bronze,72342.09,3,24114.03,Keyboards,Dell,Monthly
3885,Bronze,20048.87,3,6682.96,Mice,Corsair,Monthly
3886,Silver,76195.03,5,15239.01,Printers,HP,Quarterly
3887,Gold,54714.08,8,6839.26,Keyboards,Razer,Bi-weekly
3888,Silver,49137.61,6,8189.6,Tablets,Samsung,Monthly
3889,Bronze,50601.96,2,25300.98,Monitors,MSI,Quarterly
3890,Silver,535746.06,4,133936.52,Printers,HP,Monthly
3891,Bronze,199546.93,3,66515.64,Smartphones,Poco,Weekly
3892,Silver,284637.66,5,56927.53,Tablets,Samsung,Quarterly
3893,Silver,137561.95,6,22926.99,Laptops,Lenovo,Monthly
3894,Silver,72491.96,4,18122.99,Keyboards,Dell,Monthly
3895,Silver,171562.14,5,34312.43,Keyboards,Corsair,Monthly
3896,Silver,399115.93,6,66519.32,Printers,Canon,Weekly
3897,Gold,416373.12,7,59481.87,Smartphones,Samsung,Quarterly
3898,Silver,48685.33,4,12171.33,Keyboards,Corsair,Bi-weekly
3899,Bronze,176021.7,2,88010.85,Printers,Canon,Quarterly
3900,Gold,549920.0,7,78560.0,Laptops,HP,Monthly
3901,Bronze,95346.11,3,31782.04,Monitors,BenQ,Weekly
3902,Silver,138693.05,5,27738.61,Keyboards,Corsair,Monthly
3903,Silver,379219.44,4,94804.86,Printers,HP,Bi-weekly
3904,Gold,45300.97,7,6471.57,Laptops,Lenovo,Weekly
3905,Silver,11777.36,4,2944.34,Laptops,HP,Quarterly
3906,Bronze,67182.87,1,67182.87,Mice,Corsair,Monthly
3907,Gold,76290.45,9,8476.72,Smartphones,iPhone,Weekly
3908,Silver,31328.9,5,6265.78,Tablets,Samsung,Monthly
3909,Bronze,99756.29,2,49878.15,Tablets,iPad,Quarterly
3910,Silver,66168.54,5,13233.71,Mice,Logitech,Bi-weekly
3911,Gold,85336.42,8,10667.05,Laptops,HP,Quarterly
3912,Silver,124494.31,5,24898.86,Keyboards,Dell,Bi-weekly
3913,Bronze,17505.45,3,5835.15,Tablets,iPad,Bi-weekly
3914,Bronze,80849.09,3,26949.7,Laptops,HP,Monthly
3915,Silver,162687.13,5,32537.43,Tablets,Samsung,Quarterly
3916,Silver,231665.85,4,57916.46,Laptops,MacBook,Quarterly
3917,Silver,511301.05,6,85216.84,Smartphones,Realme,Quarterly
3918,Silver,38996.37,6,6499.4,Keyboards,Dell,Weekly
3919,Gold,360135.22,10,36013.52,Mice,Corsair,Weekly
3920,Silver,75609.14,5,15121.83,Tablets,iPad,Weekly
3921,Silver,56035.98,4,14008.99,Smartphones,OnePlus,Monthly
3922,Silver,95893.54,5,19178.71,Monitors,ASUS,Quarterly
3923,Silver,33503.86,4,8375.97,Printers,Canon,Quarterly
3924,Bronze,95232.59,3,31744.2,Monitors,LG,Monthly
3925,Bronze,29179.8,3,9726.6,Printers,HP,Monthly
3926,Silver,189942.29,6,31657.05,Keyboards,Dell,Bi-weekly
3927,Bronze,19599.43,1,19599.43,Mice,Dell,Monthly
3928,Silver,427489.8,4,106872.45,Tablets,Samsung,Quarterly
3929,Bronze,110829.2,2,55414.6,Keyboards,Razer,Weekly
3930,Silver,316894.33,6,52815.72,Tablets,Samsung,Quarterly
3931,Silver,113615.2,6,18935.87,Keyboards,Logitech,Weekly
3932,Bronze,53337.57,2,26668.78,Monitors,ASUS,Weekly
3933,Silver,290621.94,4,72655.49,Mice,Logitech,Bi-weekly
3934,Silver,493127.01,5,98625.4,Keyboards,Logitech,Weekly
3935,Bronze,46287.87,2,23143.93,Tablets,iPad,Bi-weekly
3936,Bronze,52488.43,2,26244.22,Mice,Logitech,Bi-weekly
3937,Gold,200689.98,7,28670.0,Monitors,Dell,Quarterly
3938,Bronze,33942.67,3,11314.22,Smartphones,Poco,Monthly
3939,Silver,448943.0,6,74823.83,Printers,Canon,Monthly
3940,Bronze,185614.74,3,61871.58,Tablets,iPad,Bi-weekly
3941,Bronze,2112.99,2,1056.49,Tablets,iPad,Monthly
3942,Silver,119027.61,4,29756.9,Smartphones,Poco,Bi-weekly
3943,Gold,47142.39,9,5238.04,Keyboards,Logitech,Weekly
3944,Silver,359991.95,6,59998.66,Printers,Canon,Bi-weekly
3945,Gold,1327364.9,7,189623.56,Tablets,iPad,Weekly
3946,Silver,20548.82,4,5137.21,Keyboards,Logitech,Monthly
3947,Bronze,138140.93,3,46046.98,Tablets,Samsung,Bi-weekly
3948,Silver,66629.95,5,13325.99,Printers,Canon,Bi-weekly
3949,Bronze,13774.39,3,4591.46,Mice,Dell,Weekly
3950,Silver,510850.58,5,102170.12,Mice,Dell,Monthly
3951,Bronze,46172.09,1,46172.09,Mice,Corsair,Weekly
3952,Gold,563.72,7,80.53,Tablets,iPad,Monthly
3953,Gold,438042.41,8,54755.3,Printers,Canon,Quarterly
3954,Bronze,5538.97,3,1846.32,Tablets,Samsung,Monthly
3955,Silver,49302.33,4,12325.58,Laptops,Dell,Weekly
3956,Bronze,27088.2,3,9029.4,Printers,HP,Monthly
3957,Silver,46309.47,4,11577.37,Laptops,Dell,Bi-weekly
3958,Silver,388794.55,4,97198.64,Smartphones,Xiaomi,Monthly
3959,Gold,737390.01,7,105341.43,Keyboards,Dell,Monthly
3960,Silver,204857.72,5,40971.54,Laptops,Lenovo,Weekly
3961,Gold,195994.03,7,27999.15,Monitors,BenQ,Quarterly
3962,Bronze,66014.85,2,33007.43,Tablets,iPad,Monthly
3963,Silver,108699.62,6,18116.6,Monitors,LG,Quarterly
3964,Bronze,365073.37,3,121691.12,Monitors,MSI,Bi-weekly
3965,Bronze,177313.52,3,59104.51,Printers,Canon,Monthly
3966,Bronze,284903.18,3,94967.73,Printers,HP,Quarterly
3967,Bronze,2550.61,2,1275.3,Printers,Canon,Bi-weekly
3968,Bronze,117984.72,3,39328.24,Laptops,Dell,Weekly
3969,Gold,61670.8,7,8810.11,Printers,HP,Quarterly
3970,Bronze,101762.22,3,33920.74,Printers,Canon,Bi-weekly
3971,Gold,495930.13,7,70847.16,Mice,Logitech,Quarterly
3972,Silver,102463.25,4,25615.81,Laptops,HP,Monthly
3973,Silver,4683.63,4,1170.91,Laptops,MacBook,Monthly
3974,Bronze,361534.19,2,180767.09,Monitors,Dell,Quarterly
3975,Silver,429575.51,5,85915.1,Smartphones,OnePlus,Bi-weekly
3976,Bronze,104307.35,3,34769.12,Smartphones,Xiaomi,Weekly
3977,Bronze,25412.42,3,8470.81,Smartphones,Realme,Monthly
3978,Bronze,66883.36,3,22294.45,Keyboards,Dell,Monthly
3979,Gold,575741.0,7,82248.71,Keyboards,Logitech,Bi-weekly
3980,Silver,405680.61,6,67613.43,Monitors,BenQ,Bi-weekly
3981,Bronze,34159.03,1,34159.03,Keyboards,Razer,Bi-weekly
3982,Bronze,10150.92,1,10150.92,Monitors,LG,Bi-weekly
3983,Silver,78362.36,6,13060.39,Mice,Corsair,Bi-weekly
3984,Silver,98544.02,4,24636.0,Smartphones,Poco,Weekly
3985,Silver,504246.48,6,84041.08,Keyboards,Logitech,Weekly
3986,Silver,257125.06,5,51425.01,Monitors,LG,Weekly
3987,Silver,47890.64,4,11972.66,Keyboards,Razer,Monthly
3988,Bronze,24999.04,3,8333.01,Laptops,HP,Monthly
3989,Silver,488946.96,6,81491.16,Monitors,MSI,Weekly
3990,Gold,88652.93,7,12664.7,Tablets,Samsung,Quarterly
3991,Bronze,5984.59,1,5984.59,Keyboards,Razer,Monthly
3992,Bronze,151743.76,3,50581.25,Smartphones,OnePlus,Quarterly
3993,Silver,123626.75,4,30906.69,Keyboards,Razer,Bi-weekly
3994,Silver,219139.98,4,54785.0,Smartphones,OnePlus,Quarterly
3995,Silver,251992.11,4,62998.03,Mice,Logitech,Bi-weekly
3996,Bronze,25292.13,3,8430.71,Monitors,ASUS,Bi-weekly
3997,Gold,701519.56,8,87689.94,Mice,Logitech,Bi-weekly
3998,Bronze,118325.25,2,59162.63,Smartphones,Samsung,Bi-weekly
3999,Silver,212067.81,4,53016.95,Smartphones,Poco,Weekly
4000,Bronze,14302.84,1,14302.84,Mice,Logitech,Quarterly
4001,Silver,137972.33,4,34493.08,Tablets,Samsung,Quarterly
4002,Bronze,121959.72,2,60979.86,Printers,Canon,Weekly
4003,Gold,3942.24,7,563.18,Mice,Logitech,Quarterly
4004,Silver,45327.82,4,11331.96,Smartphones,iPhone,Monthly
4005,Silver,132708.85,4,33177.21,Smartphones,Samsung,Monthly
4006,Gold,183235.48,8,22904.43,Tablets,Samsung,Bi-weekly
4007,Silver,122173.61,5,24434.72,Keyboards,Logitech,Bi-weekly
4008,Silver,34554.45,4,8638.61,Smartphones,Poco,Monthly
4009,Silver,136337.0,5,27267.4,Mice,Corsair,Weekly
4010,Silver,110763.55,4,27690.89,Smartphones,Realme,Quarterly
4011,Silver,295031.43,5,59006.29,Monitors,ASUS,Monthly
4012,Silver,118660.62,5,23732.12,Keyboards,Razer,Bi-weekly
4013,Silver,121902.98,5,24380.6,Tablets,Samsung,Quarterly
4014,Silver,9362.94,4,2340.73,Tablets,iPad,Quarterly
4015,Silver,27963.98,4,6991.0,Printers,Canon,Monthly
4016,Bronze,47007.69,1,47007.69,Smartphones,OnePlus,Bi-weekly
4017,Bronze,17329.25,3,5776.42,Mice,Corsair,Bi-weekly
4018,Silver,202466.25,5,40493.25,Mice,Corsair,Monthly
4019,Bronze,16990.61,2,8495.3,Keyboards,Logitech,Weekly
4020,Silver,401647.09,4,100411.77,Monitors,LG,Quarterly
4021,Silver,167075.01,6,27845.83,Tablets,Samsung,Monthly
4022,Bronze,22347.34,2,11173.67,Tablets,iPad,Bi-weekly
4023,Silver,51970.61,4,12992.65,Printers,HP,Monthly
4024,Silver,105190.19,5,21038.04,Printers,Canon,Weekly
4025,Bronze,18136.17,3,6045.39,Smartphones,Samsung,Weekly
4026,Silver,119800.47,4,29950.12,Printers,Canon,Weekly
4027,Silver,480934.78,6,80155.8,Tablets,iPad,Quarterly
4028,Gold,136827.42,7,19546.77,Smartphones,Realme,Bi-weekly
4029,Silver,14177.68,4,3544.42,Monitors,BenQ,Quarterly
4030,Silver,79137.47,5,15827.49,Tablets,Samsung,Monthly
4031,Gold,53698.01,7,7671.14,Printers,HP,Bi-weekly
4032,Gold,95171.39,7,13595.91,Tablets,iPad,Bi-weekly
4033,Bronze,78365.97,3,26121.99,Printers,HP,Quarterly
4034,Silver,140897.6,4,35224.4,Smartphones,OnePlus,Quarterly
4035,Gold,6660.13,11,605.47,Monitors,Dell,Weekly
4036,Gold,927791.44,8,115973.93,Tablets,iPad,Quarterly
4037,Bronze,48745.52,3,16248.51,Printers,HP,Quarterly
4038,Bronze,18055.22,1,18055.22,Printers,HP,Weekly
4039,Bronze,98533.82,2,49266.91,Monitors,BenQ,Quarterly
4040,Bronze,478822.08,3,159607.36,Printers,Canon,Quarterly
4041,Bronze,63074.43,3,21024.81,Printers,Canon,Monthly
4042,Silver,195339.48,4,48834.87,Smartphones,Samsung,Bi-weekly
4043,Bronze,637046.64,3,212348.88,Mice,Dell,Bi-weekly
4044,Silver,12448.61,5,2489.72,Mice,Dell,Bi-weekly
4045,Bronze,274251.55,3,91417.18,Keyboards,Logitech,Quarterly
4046,Silver,115931.68,4,28982.92,Keyboards,Dell,Quarterly
4047,Silver,20125.82,4,5031.46,Mice,Dell,Monthly
4048,Bronze,191981.18,2,95990.59,Smartphones,Xiaomi,Monthly
4049,Gold,36523.86,8,4565.48,Keyboards,Corsair,Bi-weekly
4050,Silver,100433.5,5,20086.7,Printers,HP,Weekly
4051,Silver,22382.84,5,4476.57,Laptops,HP,Monthly
4052,Silver,14193.28,5,2838.66,Smartphones,Poco,Weekly
4053,Bronze,10061.01,1,10061.01,Monitors,ASUS,Quarterly
4054,Silver,27469.65,6,4578.27,Monitors,MSI,Quarterly
4055,Silver,353922.08,6,58987.01,Tablets,iPad,Quarterly
4056,Silver,54123.86,4,13530.96,Printers,HP,Bi-weekly
4057,Bronze,31547.01,3,10515.67,Tablets,Samsung,Monthly
4058,Gold,124920.11,7,17845.73,Smartphones,Samsung,Bi-weekly
4059,Bronze,164400.8,3,54800.27,Tablets,iPad,Quarterly
4060,Silver,6656.42,5,1331.28,Printers,Canon,Bi-weekly
4061,Silver,438426.47,6,73071.08,Smartphones,Realme,Quarterly
4062,Silver,124765.57,5,24953.11,Tablets,iPad,Monthly
4063,Silver,584500.19,6,97416.7,Tablets,iPad,Weekly
4064,Silver,51618.16,4,12904.54,Smartphones,Poco,Quarterly
4065,Silver,116032.98,6,19338.83,Laptops,Dell,Monthly
4066,Silver,163743.47,5,32748.69,Mice,Corsair,Bi-weekly
4067,Silver,135842.76,5,27168.55,Mice,Corsair,Quarterly
4068,Silver,177549.53,6,29591.59,Smartphones,Poco,Bi-weekly
4069,Silver,178592.96,4,44648.24,Mice,Corsair,Monthly
4070,Silver,27639.58,5,5527.92,Mice,Corsair,Bi-weekly
4071,Bronze,48611.56,2,24305.78,Tablets,Samsung,Monthly
4072,Silver,4365.28,5,873.06,Laptops,HP,Monthly
4073,Silver,314145.18,5,62829.04,Mice,Logitech,Bi-weekly
4074,Silver,40787.8,5,8157.56,Printers,Canon,Quarterly
4075,Bronze,46672.17,1,46672.17,Tablets,Samsung,Monthly
4076,Bronze,38058.33,3,12686.11,Keyboards,Corsair,Bi-weekly
4077,Silver,225005.43,6,37500.9,Mice,Corsair,Weekly
4078,Silver,50618.64,6,8436.44,Tablets,Samsung,Quarterly
4079,Silver,197944.33,6,32990.72,Keyboards,Razer,Monthly
4080,Silver,931509.86,6,155251.64,Tablets,Samsung,Monthly
4081,Gold,1146216.76,9,127357.42,Mice,Corsair,Quarterly
4082,Bronze,160418.48,2,80209.24,Keyboards,Logitech,Monthly
4083,Silver,297823.69,5,59564.74,Mice,Dell,Monthly
4084,Silver,202790.29,4,50697.57,Printers,Canon,Bi-weekly
4085,Bronze,22963.58,2,11481.79,Keyboards,Dell,Weekly
4086,Silver,120614.35,5,24122.87,Tablets,Samsung,Weekly
4087,Bronze,578744.99,3,192915.0,Laptops,MacBook,Monthly
4088,Bronze,370060.61,3,123353.54,Mice,Logitech,Quarterly
4089,Silver,200175.14,4,50043.79,Keyboards,Dell,Weekly
4090,Silver,633887.61,6,105647.94,Laptops,Lenovo,Monthly
4091,Silver,209145.36,5,41829.07,Monitors,BenQ,Monthly
4092,Silver,612701.14,5,122540.23,Printers,Canon,Monthly
4093,Bronze,152316.52,3,50772.17,Laptops,HP,Monthly
4094,Gold,12380.6,8,1547.57,Tablets,iPad,Weekly
4095,Gold,368886.53,8,46110.82,Mice,Corsair,Quarterly
4096,Silver,512999.73,6,85499.95,Monitors,Dell,Bi-weekly
4097,Bronze,12553.45,3,4184.48,Monitors,ASUS,Weekly
4098,Bronze,32047.0,3,10682.33,Keyboards,Razer,Bi-weekly
4099,Bronze,23450.03,1,23450.03,Tablets,iPad,Quarterly
4100,Bronze,403984.0,3,134661.33,Laptops,MacBook,Monthly
4101,Bronze,101757.12,3,33919.04,Mice,Dell,Quarterly
4102,Bronze,82873.51,1,82873.51,Mice,Corsair,Bi-weekly
4103,Bronze,312847.08,2,156423.54,Mice,Dell,Monthly
4104,Silver,26216.63,4,6554.16,Laptops,Dell,Monthly
4105,Silver,468594.51,6,78099.09,Laptops,Dell,Bi-weekly
4106,Bronze,26370.82,2,13185.41,Laptops,Lenovo,Monthly
4107,Bronze,96196.04,3,32065.35,Laptops,Lenovo,Monthly
4108,Silver,2286.71,4,571.68,Printers,Canon,Bi-weekly
4109,Bronze,19874.56,2,9937.28,Printers,HP,Quarterly
4110,Bronze,69842.55,1,69842.55,Tablets,iPad,Bi-weekly
4111,Silver,1334373.0,6,222395.5,Tablets,Samsung,Quarterly
4112,Silver,14307.74,4,3576.94,Laptops,HP,Monthly
4113,Bronze,1663.24,3,554.41,Laptops,MacBook,Weekly
4114,Silver,64480.27,5,12896.05,Monitors,LG,Quarterly
4115,Gold,1274927.21,9,141658.58,Laptops,Lenovo,Weekly
4116,Silver,374107.77,5,74821.55,Keyboards,Logitech,Weekly
4117,Bronze,16960.97,2,8480.49,Tablets,iPad,Quarterly
4118,Silver,58029.74,6,9671.62,Tablets,Samsung,Weekly
4119,Silver,15308.3,4,3827.08,Smartphones,OnePlus,Weekly
4120,Bronze,41217.42,3,13739.14,Monitors,BenQ,Weekly
4121,Silver,77975.43,5,15595.09,Monitors,Dell,Bi-weekly
4122,Silver,128657.4,6,21442.9,Laptops,MacBook,Monthly
4123,Bronze,7911.75,3,2637.25,Tablets,iPad,Quarterly
4124,Gold,43719.29,7,6245.61,Tablets,Samsung,Weekly
4125,Bronze,57289.63,2,28644.81,Laptops,HP,Weekly
4126,Bronze,158963.1,3,52987.7,Keyboards,Corsair,Quarterly
4127,Bronze,142720.99,2,71360.5,Tablets,iPad,Weekly
4128,Gold,631455.28,7,90207.9,Laptops,Dell,Weekly
4129,Silver,226175.53,6,37695.92,Monitors,ASUS,Bi-weekly
4130,Silver,201055.89,6,33509.32,Smartphones,Xiaomi,Weekly
4131,Silver,202871.56,6,33811.93,Mice,Corsair,Bi-weekly
4132,Silver,501396.08,6,83566.01,Smartphones,Xiaomi,Monthly
4133,Bronze,50251.82,3,16750.61,Keyboards,Razer,Monthly
4134,Silver,31909.52,5,6381.9,Smartphones,Xiaomi,Quarterly
4135,Silver,80253.74,6,13375.62,Tablets,Samsung,Bi-weekly
4136,Silver,29480.18,5,5896.04,Keyboards,Dell,Quarterly
4137,Silver,97710.8,4,24427.7,Monitors,Dell,Bi-weekly
4138,Silver,98352.74,4,24588.18,Printers,Canon,Weekly
4139,Bronze,15868.72,1,15868.72,Laptops,Dell,Bi-weekly
4140,Bronze,82609.45,1,82609.45,Smartphones,Samsung,Weekly
4141,Gold,864537.33,10,86453.73,Smartphones,OnePlus,Bi-weekly
4142,Silver,53620.4,5,10724.08,Mice,Dell,Quarterly
4143,Silver,259661.44,4,64915.36,Laptops,Lenovo,Bi-weekly
4144,Silver,234287.34,6,39047.89,Tablets,iPad,Weekly
4145,Silver,103661.62,6,17276.94,Printers,Canon,Weekly
4146,Gold,92595.96,8,11574.49,Smartphones,Xiaomi,Monthly
4147,Silver,229192.8,5,45838.56,Laptops,HP,Bi-weekly
4148,Gold,778784.64,9,86531.63,Tablets,iPad,Weekly
4149,Silver,85581.27,5,17116.25,Tablets,iPad,Monthly
4150,Silver,83371.67,5,16674.33,Printers,Canon,Weekly
4151,Bronze,193726.46,3,64575.49,Tablets,Samsung,Weekly
4152,Silver,249022.55,6,41503.76,Monitors,ASUS,Quarterly
4153,Silver,42471.76,5,8494.35,Monitors,ASUS,Quarterly
4154,Bronze,130279.08,2,65139.54,Laptops,Lenovo,Bi-weekly
4155,Bronze,202292.1,3,67430.7,Printers,HP,Quarterly
4156,Bronze,30187.78,1,30187.78,Printers,HP,Bi-weekly
4157,Silver,170986.31,4,42746.58,Monitors,Dell,Bi-weekly
4158,Bronze,164155.01,2,82077.5,Keyboards,Razer,Bi-weekly
4159,Bronze,88050.85,1,88050.85,Keyboards,Logitech,Quarterly
4160,Silver,48876.94,5,9775.39,Keyboards,Dell,Weekly
4161,Silver,152493.06,4,38123.27,Monitors,ASUS,Monthly
4162,Silver,71795.28,4,17948.82,Monitors,MSI,Weekly
4163,Silver,186818.65,5,37363.73,Tablets,Samsung,Quarterly
4164,Silver,9393.22,4,2348.3,Keyboards,Corsair,Quarterly
4165,Silver,415216.66,5,83043.33,Laptops,Lenovo,Monthly
4166,Bronze,20958.64,3,6986.21,Tablets,iPad,Weekly
4167,Bronze,312658.43,3,104219.48,Tablets,iPad,Monthly
4168,Silver,94063.2,5,18812.64,Mice,Dell,Bi-weekly
4169,Silver,108989.61,5,21797.92,Tablets,iPad,Bi-weekly
4170,Silver,267850.53,5,53570.11,Printers,HP,Quarterly
4171,Gold,858257.86,8,107282.23,Tablets,Samsung,Bi-weekly
4172,Silver,485211.25,4,121302.81,Mice,Corsair,Bi-weekly
4173,Silver,20209.13,4,5052.28,Tablets,iPad,Weekly
4174,Silver,23593.03,4,5898.26,Tablets,Samsung,Bi-weekly
4175,Bronze,10364.7,3,3454.9,Monitors,LG,Weekly
4176,Gold,136490.11,10,13649.01,Monitors,MSI,Bi-weekly
4177,Bronze,25737.55,3,8579.18,Laptops,MacBook,Quarterly
4178,Silver,391021.95,5,78204.39,Printers,Canon,Quarterly
4179,Bronze,166870.26,3,55623.42,Mice,Logitech,Monthly
4180,Silver,169722.65,5,33944.53,Printers,HP,Bi-weekly
4181,Silver,57977.65,5,11595.53,Mice,Corsair,Monthly
4182,Silver,153964.86,6,25660.81,Laptops,Lenovo,Monthly
4183,Silver,27044.82,4,6761.21,Mice,Corsair,Monthly
4184,Bronze,87132.24,2,43566.12,Printers,Canon,Quarterly
4185,Silver,178782.62,4,44695.66,Tablets,Samsung,Monthly
4186,Silver,10886.76,5,2177.35,Printers,HP,Weekly
4187,Bronze,234703.72,2,117351.86,Smartphones,Xiaomi,Weekly
4188,Bronze,27267.25,2,13633.63,Monitors,LG,Bi-weekly
4189,Gold,49864.54,7,7123.51,Tablets,Samsung,Bi-weekly
4190,Silver,32946.95,4,8236.74,Tablets,iPad,Monthly
4191,Silver,42561.99,5,8512.4,Mice,Logitech,Quarterly
4192,Silver,25332.13,6,4222.02,Tablets,Samsung,Monthly
4193,Bronze,44266.98,2,22133.49,Keyboards,Corsair,Bi-weekly
4194,Bronze,41606.16,2,20803.08,Smartphones,iPhone,Quarterly
4195,Bronze,89214.85,1,89214.85,Keyboards,Razer,Monthly
4196,Gold,922547.81,10,92254.78,Smartphones,OnePlus,Quarterly
4197,Silver,140338.58,4,35084.65,Mice,Dell,Monthly
4198,Bronze,561448.18,3,187149.39,Monitors,ASUS,Weekly
4199,Silver,318074.22,4,79518.55,Printers,HP,Quarterly
4200,Gold,130853.49,7,18693.36,Printers,HP,Bi-weekly
4201,Silver,147045.94,4,36761.49,Keyboards,Corsair,Quarterly
4202,Gold,1443.49,9,160.39,Tablets,iPad,Bi-weekly
4203,Gold,313753.08,7,44821.87,Laptops,HP,Bi-weekly
4204,Gold,380921.95,8,47615.24,Smartphones,OnePlus,Bi-weekly
4205,Silver,491124.06,4,122781.01,Laptops,MacBook,Monthly
4206,Silver,24225.14,6,4037.52,Keyboards,Corsair,Bi-weekly
4207,Silver,84604.14,5,16920.83,Printers,Canon,Quarterly
4208,Gold,19069.44,7,2724.21,Printers,Canon,Bi-weekly
4209,Silver,582038.61,5,116407.72,Printers,HP,Monthly
4210,Silver,47142.78,4,11785.7,Smartphones,iPhone,Bi-weekly
4211,Gold,241261.58,7,34465.94,Printers,HP,Bi-weekly
4212,Bronze,44527.43,2,22263.71,Mice,Dell,Bi-weekly
4213,Bronze,3171.18,1,3171.18,Monitors,Dell,Monthly
4214,Silver,146757.56,6,24459.59,Monitors,MSI,Weekly
4215,Bronze,4470.14,1,4470.14,Tablets,iPad,Bi-weekly
4216,Silver,62682.33,5,12536.47,Smartphones,Poco,Quarterly
4217,Silver,30296.34,4,7574.09,Tablets,Samsung,Monthly
4218,Bronze,25228.67,1,25228.67,Laptops,Lenovo,Quarterly
4219,Bronze,102754.21,3,34251.4,Monitors,LG,Weekly
4220,Bronze,49681.83,1,49681.83,Laptops,HP,Monthly
4221,Silver,101686.83,5,20337.37,Monitors,Dell,Monthly
4222,Bronze,274708.61,3,91569.54,Laptops,Dell,Weekly
4223,Silver,201975.71,5,40395.14,Laptops,Lenovo,Quarterly
4224,Bronze,81700.19,3,27233.4,Monitors,ASUS,Quarterly
4225,Bronze,15456.12,1,15456.12,Printers,Canon,Weekly
4226,Bronze,41367.09,3,13789.03,Mice,Dell,Bi-weekly
4227,Silver,100357.58,5,20071.52,Mice,Dell,Monthly
4228,Silver,418637.25,4,104659.31,Keyboards,Razer,Monthly
4229,Silver,29194.93,4,7298.73,Mice,Dell,Bi-weekly
4230,Silver,94196.83,6,15699.47,Tablets,Samsung,Bi-weekly
4231,Bronze,48298.43,2,24149.21,Laptops,Lenovo,Monthly
4232,Silver,172762.31,5,34552.46,Monitors,ASUS,Weekly
4233,Silver,189056.8,5,37811.36,Keyboards,Dell,Weekly
4234,Bronze,72574.74,2,36287.37,Tablets,Samsung,Monthly
4235,Silver,276466.89,5,55293.38,Printers,HP,Bi-weekly
4236,Silver,11148.99,4,2787.25,Keyboards,Razer,Weekly
4237,Silver,218190.57,6,36365.1,Laptops,Lenovo,Quarterly
4238,Bronze,90130.76,3,30043.59,Monitors,BenQ,Weekly
4239,Bronze,9264.42,3,3088.14,Smartphones,Realme,Weekly
4240,Gold,43058.39,8,5382.3,Keyboards,Corsair,Monthly
4241,Silver,71113.36,4,17778.34,Monitors,LG,Monthly
4242,Gold,199969.31,7,28567.04,Keyboards,Dell,Quarterly
4243,Bronze,43202.35,1,43202.35,Laptops,Lenovo,Monthly
4244,Silver,156960.49,5,31392.1,Tablets,Samsung,Quarterly
4245,Silver,42298.83,4,10574.71,Mice,Dell,Monthly
4246,Silver,351070.66,4,87767.67,Tablets,iPad,Monthly
4247,Bronze,76979.79,3,25659.93,Printers,Canon,Monthly
4248,Silver,41169.83,6,6861.64,Keyboards,Logitech,Bi-weekly
4249,Silver,88331.61,5,17666.32,Mice,Dell,Weekly
4250,Gold,211324.77,7,30189.25,Keyboards,Razer,Monthly
4251,Gold,127852.78,8,15981.6,Smartphones,Xiaomi,Quarterly
4252,Gold,370418.09,7,52916.87,Monitors,BenQ,Bi-weekly
4253,Silver,583257.33,6,97209.56,Printers,Canon,Weekly
4254,Gold,297102.1,7,42443.16,Smartphones,Samsung,Quarterly
4255,Bronze,17580.43,1,17580.43,Smartphones,OnePlus,Quarterly
4256,Silver,73009.8,4,18252.45,Printers,Canon,Bi-weekly
4257,Silver,300433.97,6,50072.33,Mice,Logitech,Monthly
4258,Silver,808755.15,5,161751.03,Smartphones,Realme,Monthly
4259,Silver,463322.1,5,92664.42,Monitors,Dell,Monthly
4260,Silver,16557.78,4,4139.44,Monitors,LG,Weekly
4261,Silver,41181.11,5,8236.22,Monitors,ASUS,Weekly
4262,Bronze,19584.54,2,9792.27,Tablets,iPad,Monthly
4263,Bronze,53770.87,1,53770.87,Tablets,iPad,Quarterly
4264,Bronze,122885.04,2,61442.52,Tablets,Samsung,Monthly
4265,Bronze,148448.67,3,49482.89,Printers,HP,Weekly
4266,Silver,113584.73,4,28396.18,Tablets,iPad,Quarterly
4267,Bronze,185932.38,2,92966.19,Tablets,Samsung,Bi-weekly
4268,Bronze,202251.12,2,101125.56,Mice,Corsair,Weekly
4269,Silver,82308.87,4,20577.22,Tablets,iPad,Bi-weekly
4270,Bronze,150998.62,3,50332.87,Keyboards,Corsair,Weekly
4271,Bronze,29608.9,1,29608.9,Tablets,Samsung,Bi-weekly
4272,Silver,415517.98,6,69253.0,Monitors,LG,Monthly
4273,Silver,52455.77,4,13113.94,Smartphones,Realme,Quarterly
4274,Bronze,96953.34,2,48476.67,Printers,HP,Weekly
4275,Silver,21919.08,4,5479.77,Mice,Corsair,Weekly
4276,Silver,282128.51,6,47021.42,Mice,Logitech,Monthly
4277,Bronze,279936.52,3,93312.17,Monitors,MSI,Weekly
4278,Silver,107998.02,6,17999.67,Smartphones,Realme,Quarterly
4279,Silver,159696.64,5,31939.33,Monitors,Dell,Monthly
4280,Silver,66974.65,6,11162.44,Monitors,MSI,Quarterly
4281,Gold,53719.59,8,6714.95,Monitors,Dell,Monthly
4282,Silver,82972.85,5,16594.57,Keyboards,Dell,Weekly
4283,Bronze,118448.37,1,118448.37,Laptops,HP,Quarterly
4284,Bronze,170916.22,3,56972.07,Tablets,Samsung,Monthly
4285,Silver,11918.69,5,2383.74,Keyboards,Dell,Monthly
4286,Silver,261865.41,5,52373.08,Printers,Canon,Quarterly
4287,Silver,47890.29,5,9578.06,Laptops,Lenovo,Monthly
4288,Bronze,14870.02,3,4956.67,Printers,Canon,Quarterly
4289,Bronze,42819.95,2,21409.97,Mice,Dell,Weekly
4290,Bronze,286568.54,2,143284.27,Laptops,Dell,Bi-weekly
4291,Silver,590141.8,5,118028.36,Smartphones,Realme,Weekly
4292,Silver,23910.61,5,4782.12,Monitors,LG,Bi-weekly
4293,Silver,3582.07,4,895.52,Keyboards,Dell,Monthly
4294,Silver,57621.99,4,14405.5,Laptops,HP,Weekly
4295,Silver,15242.0,5,3048.4,Keyboards,Corsair,Monthly
4296,Gold,12968.05,7,1852.58,Laptops,HP,Quarterly
4297,Silver,1513379.07,5,302675.81,Smartphones,Poco,Monthly
4298,Bronze,45172.44,3,15057.48,Laptops,HP,Monthly
4299,Gold,101807.66,7,14543.95,Smartphones,Realme,Quarterly
4300,Silver,132999.99,6,22166.66,Mice,Corsair,Quarterly
4301,Bronze,270986.34,3,90328.78,Tablets,iPad,Quarterly
4302,Silver,328536.51,6,54756.08,Monitors,Dell,Quarterly
4303,Gold,838483.82,7,119783.4,Laptops,MacBook,Weekly
4304,Bronze,108345.27,3,36115.09,Tablets,iPad,Bi-weekly
4305,Silver,341278.07,4,85319.52,Monitors,Dell,Monthly
4306,Silver,28897.36,4,7224.34,Monitors,BenQ,Quarterly
4307,Silver,265589.65,6,44264.94,Printers,Canon,Weekly
4308,Bronze,63614.93,1,63614.93,Mice,Logitech,Monthly
4309,Silver,46863.91,5,9372.78,Mice,Logitech,Monthly
4310,Bronze,354440.5,3,118146.83,Monitors,MSI,Quarterly
4311,Bronze,39953.19,1,39953.19,Tablets,Samsung,Weekly
4312,Gold,639230.02,8,79903.75,Smartphones,iPhone,Quarterly
4313,Bronze,4394.98,2,2197.49,Monitors,Dell,Bi-weekly
4314,Bronze,172649.33,2,86324.67,Mice,Corsair,Weekly
4315,Silver,348155.1,5,69631.02,Keyboards,Dell,Bi-weekly
4316,Bronze,106391.01,3,35463.67,Tablets,Samsung,Monthly
4317,Gold,22775.69,7,3253.67,Smartphones,OnePlus,Monthly
4318,Bronze,11453.15,2,5726.57,Mice,Corsair,Weekly
4319,Gold,295067.66,9,32785.3,Monitors,LG,Quarterly
4320,Silver,89163.18,6,14860.53,Laptops,Lenovo,Monthly
4321,Silver,97377.51,6,16229.59,Monitors,BenQ,Bi-weekly
4322,Silver,660046.2,4,165011.55,Mice,Corsair,Monthly
4323,Silver,261311.5,4,65327.87,Tablets,iPad,Quarterly
4324,Bronze,6901.74,2,3450.87,Smartphones,Xiaomi,Bi-weekly
4325,Bronze,54453.11,2,27226.55,Monitors,ASUS,Monthly
4326,Silver,110328.96,6,18388.16,Smartphones,iPhone,Monthly
4327,Silver,85839.08,6,14306.51,Printers,Canon,Monthly
4328,Silver,100077.86,5,20015.57,Monitors,ASUS,Weekly
4329,Silver,96900.29,4,24225.07,Smartphones,iPhone,Monthly
4330,Gold,20930.64,7,2990.09,Mice,Logitech,Weekly
4331,Gold,18857.32,8,2357.16,Keyboards,Dell,Bi-weekly
4332,Gold,121438.2,8,15179.77,Smartphones,iPhone,Monthly
4333,Bronze,44283.65,1,44283.65,Smartphones,Samsung,Weekly
4334,Silver,197285.67,4,49321.42,Printers,Canon,Weekly
4335,Silver,120835.3,4,30208.82,Mice,Dell,Weekly
4336,Silver,310545.3,4,77636.32,Smartphones,Xiaomi,Quarterly
4337,Silver,255206.18,4,63801.54,Mice,Dell,Monthly
4338,Bronze,55315.77,1,55315.77,Tablets,iPad,Monthly
4339,Bronze,109370.06,3,36456.69,Smartphones,Realme,Quarterly
4340,Bronze,50855.7,3,16951.9,Mice,Dell,Quarterly
4341,Gold,393387.26,7,56198.18,Printers,HP,Monthly
4342,Silver,395.45,4,98.86,Smartphones,iPhone,Monthly
4343,Bronze,203985.41,3,67995.14,Laptops,Lenovo,Quarterly
4344,Gold,555775.99,8,69472.0,Monitors,MSI,Weekly
4345,Silver,321496.88,6,53582.81,Keyboards,Logitech,Monthly
4346,Bronze,44072.59,3,14690.86,Tablets,iPad,Quarterly
4347,Bronze,251767.61,3,83922.54,Smartphones,Xiaomi,Weekly
4348,Silver,666334.91,6,111055.82,Smartphones,Samsung,Quarterly
4349,Bronze,11118.32,1,11118.32,Printers,HP,Bi-weekly
4350,Silver,498502.41,5,99700.48,Monitors,MSI,Quarterly
4351,Gold,145959.06,9,16217.67,Keyboards,Logitech,Weekly
4352,Bronze,57137.77,2,28568.88,Mice,Logitech,Weekly
4353,Silver,365760.19,5,73152.04,Mice,Logitech,Monthly
4354,Gold,590381.55,7,84340.22,Printers,HP,Monthly
4355,Bronze,17482.31,1,17482.31,Mice,Dell,Quarterly
4356,Silver,29143.04,4,7285.76,Smartphones,OnePlus,Bi-weekly
4357,Bronze,38369.48,3,12789.83,Tablets,Samsung,Quarterly
4358,Bronze,51210.48,2,25605.24,Printers,HP,Weekly
4359,Bronze,122563.63,3,40854.54,Monitors,ASUS,Quarterly
4360,Bronze,18642.26,3,6214.09,Keyboards,Dell,Weekly
4361,Silver,431847.06,6,71974.51,Smartphones,OnePlus,Quarterly
4362,Silver,60890.21,6,10148.37,Printers,HP,Weekly
4363,Gold,345383.53,7,49340.5,Tablets,iPad,Monthly
4364,Silver,146925.85,5,29385.17,Laptops,MacBook,Bi-weekly
4365,Gold,13105.97,8,1638.25,Mice,Logitech,Quarterly
4366,Silver,142245.71,6,23707.62,Monitors,MSI,Weekly
4367,Bronze,46907.14,3,15635.71,Tablets,Samsung,Quarterly
4368,Bronze,52949.71,3,17649.9,Keyboards,Razer,Bi-weekly
4369,Silver,240311.67,5,48062.33,Smartphones,iPhone,Bi-weekly
4370,Gold,226693.66,9,25188.18,Printers,Canon,Weekly
4371,Silver,31338.4,6,5223.07,Mice,Dell,Weekly
4372,Gold,609545.94,7,87077.99,Mice,Logitech,Monthly
4373,Bronze,53159.2,3,17719.73,Tablets,Samsung,Weekly
4374,Gold,137564.64,7,19652.09,Laptops,Lenovo,Weekly
4375,Silver,636203.78,4,159050.94,Mice,Dell,Monthly
4376,Bronze,33626.2,1,33626.2,Mice,Corsair,Weekly
4377,Bronze,12598.32,2,6299.16,Smartphones,Poco,Bi-weekly
4378,Silver,148054.01,6,24675.67,Monitors,BenQ,Monthly
4379,Silver,50810.38,6,8468.4,Tablets,iPad,Weekly
4380,Silver,23005.86,4,5751.47,Smartphones,iPhone,Monthly
4381,Bronze,38915.6,3,12971.87,Keyboards,Logitech,Monthly
4382,Silver,86108.11,4,21527.03,Smartphones,Samsung,Quarterly
4383,Gold,148792.61,9,16532.51,Monitors,LG,Quarterly
4384,Bronze,25376.41,1,25376.41,Smartphones,OnePlus,Bi-weekly
4385,Bronze,42891.81,3,14297.27,Mice,Logitech,Weekly
4386,Bronze,15766.76,2,7883.38,Monitors,ASUS,Monthly
4387,Silver,404148.14,4,101037.04,Monitors,MSI,Bi-weekly
4388,Silver,41649.08,4,10412.27,Mice,Dell,Quarterly
4389,Bronze,117083.82,3,39027.94,Mice,Logitech,Weekly
4390,Gold,155662.07,7,22237.44,Keyboards,Dell,Weekly
4391,Bronze,35882.52,2,17941.26,Monitors,BenQ,Weekly
4392,Gold,357639.78,7,51091.4,Tablets,Samsung,Bi-weekly
4393,Bronze,17637.76,3,5879.25,Printers,HP,Monthly
4394,Bronze,20835.43,1,20835.43,Smartphones,Samsung,Monthly
4395,Silver,42925.26,5,8585.05,Tablets,Samsung,Quarterly
4396,Gold,13736.61,8,1717.08,Smartphones,OnePlus,Quarterly
4397,Silver,400202.05,5,80040.41,Keyboards,Logitech,Quarterly
4398,Bronze,112761.34,3,37587.11,Monitors,Dell,Bi-weekly
4399,Silver,115418.4,6,19236.4,Printers,Canon,Monthly
4400,Bronze,12464.63,1,12464.63,Smartphones,Realme,Quarterly
4401,Bronze,192961.63,3,64320.54,Keyboards,Dell,Bi-weekly
4402,Bronze,85313.71,3,28437.9,Laptops,MacBook,Quarterly
4403,Silver,286042.11,4,71510.53,Keyboards,Corsair,Weekly
4404,Gold,163620.67,7,23374.38,Smartphones,Xiaomi,Weekly
4405,Silver,71277.92,4,17819.48,Smartphones,iPhone,Quarterly
4406,Bronze,140152.62,3,46717.54,Laptops,Lenovo,Quarterly
4407,Gold,34481.69,7,4925.96,Tablets,Samsung,Quarterly
4408,Silver,53812.32,4,13453.08,Smartphones,Samsung,Monthly
4409,Bronze,123888.7,2,61944.35,Monitors,MSI,Quarterly
4410,Silver,16952.21,4,4238.05,Monitors,MSI,Quarterly
4411,Silver,511675.36,6,85279.23,Printers,HP,Monthly
4412,Silver,6148.02,6,1024.67,Keyboards,Dell,Weekly
4413,Silver,190205.33,4,47551.33,Smartphones,Samsung,Monthly
4414,Bronze,27701.62,3,9233.87,Keyboards,Razer,Weekly
4415,Bronze,29466.14,1,29466.14,Keyboards,Dell,Bi-weekly
4416,Silver,312439.71,4,78109.93,Monitors,LG,Monthly
4417,Bronze,295436.57,2,147718.29,Mice,Corsair,Bi-weekly
4418,Silver,290135.21,5,58027.04,Keyboards,Logitech,Monthly
4419,Silver,219380.48,5,43876.1,Smartphones,iPhone,Quarterly
4420,Silver,67790.7,6,11298.45,Smartphones,OnePlus,Weekly
4421,Gold,73794.29,8,9224.29,Mice,Logitech,Weekly
4422,Bronze,147527.72,3,49175.91,Tablets,iPad,Weekly
4423,Gold,18122.2,7,2588.89,Tablets,Samsung,Monthly
4424,Silver,699.57,5,139.91,Keyboards,Corsair,Monthly
4425,Silver,104125.4,5,20825.08,Printers,Canon,Bi-weekly
4426,Silver,296390.56,5,59278.11,Monitors,MSI,Monthly
4427,Bronze,34856.12,2,17428.06,Smartphones,Realme,Quarterly
4428,Silver,150826.15,4,37706.54,Printers,Canon,Monthly
4429,Bronze,27698.37,2,13849.19,Laptops,MacBook,Quarterly
4430,Silver,35261.62,5,7052.32,Tablets,iPad,Bi-weekly
4431,Silver,117690.6,4,29422.65,Keyboards,Corsair,Bi-weekly
4432,Silver,137606.72,5,27521.34,Printers,HP,Quarterly
4433,Bronze,20363.68,2,10181.84,Tablets,iPad,Quarterly
4434,Bronze,20548.05,3,6849.35,Laptops,HP,Weekly
4435,Gold,787495.76,10,78749.58,Tablets,iPad,Bi-weekly
4436,Gold,51099.04,7,7299.86,Printers,HP,Weekly
4437,Silver,31485.39,4,7871.35,Monitors,LG,Bi-weekly
4438,Bronze,15168.44,1,15168.44,Smartphones,Poco,Quarterly
4439,Silver,179532.09,4,44883.02,Tablets,iPad,Weekly
4440,Silver,283217.57,4,70804.39,Printers,Canon,Bi-weekly
4441,Silver,70666.48,4,17666.62,Printers,HP,Weekly
4442,Silver,919751.71,6,153291.95,Mice,Dell,Bi-weekly
4443,Silver,272595.71,4,68148.93,Monitors,Dell,Quarterly
4444,Silver,78933.66,4,19733.42,Laptops,MacBook,Weekly
4445,Silver,76282.87,4,19070.72,Printers,Canon,Monthly
4446,Silver,276936.26,6,46156.04,Laptops,Dell,Monthly
4447,Bronze,113394.43,2,56697.22,Smartphones,OnePlus,Weekly
4448,Bronze,242838.06,3,80946.02,Printers,Canon,Quarterly
4449,Gold,16713.85,7,2387.69,Printers,Canon,Monthly
4450,Silver,56771.33,4,14192.83,Tablets,iPad,Bi-weekly
4451,Bronze,77470.56,2,38735.28,Smartphones,Poco,Quarterly
4452,Gold,172390.51,7,24627.22,Keyboards,Razer,Weekly
4453,Bronze,80057.64,3,26685.88,Laptops,MacBook,Weekly
4454,Bronze,15739.78,3,5246.59,Laptops,Dell,Bi-weekly
4455,Silver,150353.81,5,30070.76,Printers,HP,Bi-weekly
4456,Silver,15361.18,5,3072.24,Tablets,iPad,Quarterly
4457,Silver,216325.13,6,36054.19,Laptops,Lenovo,Quarterly
4458,Silver,49682.73,4,12420.68,Smartphones,Samsung,Monthly
4459,Bronze,4856.31,3,1618.77,Monitors,Dell,Quarterly
4460,Bronze,125314.43,1,125314.43,Monitors,ASUS,Weekly
4461,Silver,170716.94,6,28452.82,Monitors,LG,Quarterly
4462,Bronze,353264.5,3,117754.83,Monitors,MSI,Bi-weekly
4463,Silver,236666.28,6,39444.38,Tablets,Samsung,Weekly
4464,Silver,426762.55,5,85352.51,Tablets,iPad,Weekly
4465,Bronze,7080.34,2,3540.17,Mice,Dell,Weekly
4466,Silver,43418.45,5,8683.69,Laptops,Dell,Bi-weekly
4467,Silver,128347.81,4,32086.95,Smartphones,Samsung,Weekly
4468,Bronze,14945.33,1,14945.33,Mice,Dell,Bi-weekly
4469,Silver,83048.89,4,20762.22,Printers,HP,Bi-weekly
4470,Gold,96690.32,7,13812.9,Mice,Corsair,Bi-weekly
4471,Silver,7803.09,5,1560.62,Printers,Canon,Bi-weekly
4472,Silver,46738.06,6,7789.68,Printers,Canon,Monthly
4473,Bronze,28130.23,1,28130.23,Monitors,LG,Quarterly
4474,Bronze,59142.8,2,29571.4,Mice,Logitech,Monthly
4475,Silver,47936.62,5,9587.32,Mice,Dell,Quarterly
4476,Gold,289221.76,7,41317.39,Laptops,Dell,Monthly
4477,Silver,277109.39,6,46184.9,Smartphones,OnePlus,Weekly
4478,Silver,80410.29,5,16082.06,Laptops,Dell,Monthly
4479,Bronze,73964.35,1,73964.35,Smartphones,OnePlus,Quarterly
4480,Gold,165981.0,7,23711.57,Tablets,iPad,Monthly
4481,Bronze,32215.64,3,10738.55,Printers,HP,Monthly
4482,Silver,10318.22,5,2063.64,Monitors,Dell,Quarterly
4483,Gold,591724.08,8,73965.51,Monitors,Dell,Weekly
4484,Silver,9490.69,4,2372.67,Smartphones,iPhone,Bi-weekly
4485,Gold,252402.98,8,31550.37,Keyboards,Logitech,Monthly
4486,Silver,10885.28,5,2177.06,Printers,Canon,Quarterly
4487,Silver,213548.47,6,35591.41,Smartphones,Realme,Bi-weekly
4488,Bronze,55021.13,3,18340.38,Mice,Dell,Quarterly
4489,Bronze,94757.13,3,31585.71,Smartphones,iPhone,Monthly
4490,Silver,123646.5,4,30911.63,Laptops,MacBook,Weekly
4491,Gold,185721.13,7,26531.59,Keyboards,Razer,Monthly
4492,Bronze,98150.87,3,32716.96,Keyboards,Dell,Bi-weekly
4493,Silver,68830.22,5,13766.04,Monitors,BenQ,Quarterly
4494,Silver,270038.95,6,45006.49,Smartphones,OnePlus,Quarterly
4495,Silver,11096.76,5,2219.35,Smartphones,OnePlus,Monthly
4496,Gold,701643.93,7,100234.85,Printers,Canon,Quarterly
4497,Silver,177773.05,5,35554.61,Smartphones,Poco,Weekly
4498,Silver,104039.28,5,20807.86,Keyboards,Razer,Monthly
4499,Gold,141502.7,9,15722.52,Mice,Corsair,Quarterly
4500,Silver,70421.69,5,14084.34,Smartphones,iPhone,Bi-weekly
4501,Silver,469089.41,5,93817.88,Mice,Corsair,Quarterly
4502,Bronze,63584.09,3,21194.7,Printers,HP,Monthly
4503,Silver,501855.87,5,100371.17,Laptops,MacBook,Weekly
4504,Bronze,46667.32,1,46667.32,Monitors,MSI,Bi-weekly
4505,Gold,201710.33,9,22412.26,Smartphones,OnePlus,Quarterly
4506,Silver,181186.36,5,36237.27,Tablets,Samsung,Bi-weekly
4507,Bronze,107568.48,2,53784.24,Monitors,LG,Weekly
4508,Bronze,31260.42,3,10420.14,Keyboards,Logitech,Bi-weekly
4509,Silver,111348.25,4,27837.06,Keyboards,Corsair,Quarterly
4510,Silver,46443.34,6,7740.56,Mice,Corsair,Quarterly
4511,Silver,81849.41,5,16369.88,Tablets,Samsung,Bi-weekly
4512,Silver,112084.72,4,28021.18,Mice,Corsair,Bi-weekly
4513,Silver,190401.45,6,31733.57,Keyboards,Razer,Bi-weekly
4514,Silver,192537.34,5,38507.47,Mice,Dell,Quarterly
4515,Silver,47891.6,6,7981.93,Monitors,Dell,Weekly
4516,Bronze,27427.8,1,27427.8,Laptops,HP,Quarterly
4517,Silver,91981.09,4,22995.27,Keyboards,Dell,Quarterly
4518,Silver,208852.31,5,41770.46,Tablets,iPad,Monthly
4519,Silver,349547.26,4,87386.82,Keyboards,Dell,Quarterly
4520,Silver,463223.87,4,115805.97,Printers,HP,Weekly
4521,Silver,160744.24,4,40186.06,Tablets,Samsung,Weekly
4522,Bronze,490318.1,3,163439.37,Tablets,Samsung,Quarterly
4523,Silver,335245.58,6,55874.26,Keyboards,Dell,Monthly
4524,Gold,251609.7,7,35944.24,Keyboards,Dell,Bi-weekly
4525,Silver,48285.4,5,9657.08,Smartphones,Poco,Quarterly
4526,Gold,56237.89,9,6248.65,Laptops,Lenovo,Weekly
4527,Silver,64980.4,4,16245.1,Mice,Dell,Bi-weekly
4528,Silver,462908.8,5,92581.76,Smartphones,iPhone,Bi-weekly
4529,Gold,453109.09,9,50345.45,Mice,Dell,Quarterly
4530,Silver,188479.64,4,47119.91,Printers,HP,Quarterly
4531,Bronze,89211.99,2,44606.0,Tablets,Samsung,Quarterly
4532,Silver,53924.68,4,13481.17,Printers,Canon,Weekly
4533,Bronze,5484.59,2,2742.29,Printers,HP,Weekly
4534,Bronze,6541.17,2,3270.59,Monitors,Dell,Bi-weekly
4535,Gold,87406.44,8,10925.8,Smartphones,OnePlus,Bi-weekly
4536,Gold,9495.44,7,1356.49,Printers,Canon,Quarterly
4537,Gold,136337.6,7,19476.8,Monitors,Dell,Monthly
4538,Bronze,26245.18,1,26245.18,Monitors,Dell,Quarterly
4539,Silver,371075.93,4,92768.98,Printers,HP,Weekly
4540,Bronze,122983.14,3,40994.38,Laptops,Lenovo,Quarterly
4541,Silver,198300.52,4,49575.13,Laptops,HP,Monthly
4542,Bronze,92458.48,2,46229.24,Laptops,HP,Quarterly
4543,Silver,83419.74,5,16683.95,Mice,Corsair,Monthly
4544,Gold,545618.33,8,68202.29,Keyboards,Razer,Monthly
4545,Silver,288672.65,4,72168.16,Smartphones,OnePlus,Weekly
4546,Bronze,29413.74,3,9804.58,Monitors,LG,Monthly
4547,Bronze,50346.95,3,16782.32,Keyboards,Razer,Monthly
4548,Silver,55248.39,5,11049.68,Laptops,Lenovo,Quarterly
4549,Silver,154.47,4,38.62,Smartphones,Samsung,Bi-weekly
4550,Silver,390645.55,5,78129.11,Mice,Corsair,Monthly
4551,Bronze,1892.41,2,946.21,Mice,Dell,Quarterly
4552,Silver,193332.92,5,38666.58,Monitors,MSI,Weekly
4553,Silver,91069.02,4,22767.25,Printers,HP,Weekly
4554,Silver,76431.61,4,19107.9,Laptops,HP,Quarterly
4555,Silver,124258.32,6,20709.72,Printers,HP,Bi-weekly
4556,Gold,305037.88,7,43576.84,Smartphones,Samsung,Bi-weekly
4557,Bronze,33789.78,3,11263.26,Keyboards,Logitech,Weekly
4558,Silver,319085.36,5,63817.07,Tablets,iPad,Monthly
4559,Bronze,310521.23,3,103507.08,Laptops,Dell,Quarterly
4560,Silver,382013.77,4,95503.44,Printers,Canon,Monthly
4561,Bronze,133486.92,3,44495.64,Tablets,Samsung,Quarterly
4562,Bronze,179055.89,3,59685.3,Tablets,iPad,Monthly
4563,Gold,21329.2,9,2369.91,Printers,Canon,Quarterly
4564,Silver,364682.57,4,91170.64,Smartphones,Realme,Bi-weekly
4565,Silver,13665.52,5,2733.1,Laptops,MacBook,Quarterly
4566,Bronze,33044.83,3,11014.94,Mice,Logitech,Weekly
4567,Bronze,1885.24,3,628.41,Monitors,BenQ,Weekly
4568,Silver,39942.06,5,7988.41,Tablets,Samsung,Quarterly
4569,Bronze,26478.96,2,13239.48,Laptops,Dell,Monthly
4570,Gold,118555.69,8,14819.46,Tablets,iPad,Bi-weekly
4571,Gold,524770.95,7,74967.28,Monitors,ASUS,Quarterly
4572,Bronze,355671.82,3,118557.27,Tablets,Samsung,Bi-weekly
4573,Silver,65507.66,4,16376.92,Tablets,iPad,Monthly
4574,Bronze,38208.06,1,38208.06,Tablets,iPad,Quarterly
4575,Silver,360465.85,4,90116.46,Tablets,Samsung,Bi-weekly
4576,Silver,80011.78,4,20002.95,Mice,Dell,Quarterly
4577,Gold,192799.65,7,27542.81,Mice,Corsair,Quarterly
4578,Bronze,44584.7,2,22292.35,Monitors,ASUS,Monthly
4579,Silver,165346.16,5,33069.23,Laptops,Dell,Monthly
4580,Silver,77374.72,4,19343.68,Keyboards,Dell,Bi-weekly
4581,Silver,48583.34,5,9716.67,Smartphones,Xiaomi,Weekly
4582,Gold,37039.58,7,5291.37,Printers,HP,Quarterly
4583,Silver,645243.49,6,107540.58,Printers,HP,Quarterly
4584,Silver,58724.16,4,14681.04,Monitors,Dell,Weekly
4585,Bronze,5277.63,2,2638.81,Tablets,iPad,Quarterly
4586,Bronze,46201.25,2,23100.62,Smartphones,Samsung,Weekly
4587,Bronze,217000.14,2,108500.07,Tablets,iPad,Weekly
4588,Bronze,74353.58,2,37176.79,Mice,Logitech,Monthly
4589,Silver,492898.93,6,82149.82,Tablets,iPad,Monthly
4590,Silver,66099.0,6,11016.5,Keyboards,Razer,Weekly
4591,Silver,140501.09,4,35125.27,Laptops,Dell,Monthly
4592,Silver,228023.15,4,57005.79,Mice,Logitech,Monthly
4593,Silver,209758.73,6,34959.79,Keyboards,Corsair,Bi-weekly
4594,Silver,109122.05,6,18187.01,Tablets,iPad,Monthly
4595,Silver,377608.15,4,94402.04,Monitors,Dell,Quarterly
4596,Silver,399097.25,6,66516.21,Laptops,MacBook,Weekly
4597,Bronze,246040.89,2,123020.44,Laptops,HP,Weekly
4598,Silver,59866.91,4,14966.73,Tablets,iPad,Quarterly
4599,Silver,323634.44,6,53939.07,Smartphones,Samsung,Bi-weekly
4600,Silver,2587.37,6,431.23,Monitors,Dell,Bi-weekly
4601,Silver,288529.21,4,72132.3,Printers,Canon,Monthly
4602,Bronze,10179.92,1,10179.92,Monitors,Dell,Weekly
4603,Silver,517005.59,6,86167.6,Laptops,MacBook,Weekly
4604,Bronze,6809.03,1,6809.03,Tablets,Samsung,Weekly
4605,Silver,64098.25,5,12819.65,Monitors,BenQ,Bi-weekly
4606,Silver,133791.92,5,26758.38,Smartphones,Realme,Weekly
4607,Bronze,60158.72,3,20052.91,Tablets,Samsung,Monthly
4608,Silver,25267.04,5,5053.41,Tablets,iPad,Quarterly
4609,Gold,58076.52,7,8296.65,Monitors,LG,Weekly
4610,Gold,207780.51,8,25972.56,Smartphones,Xiaomi,Bi-weekly
4611,Bronze,27912.1,3,9304.03,Smartphones,Samsung,Quarterly
4612,Bronze,113245.16,3,37748.39,Printers,Canon,Monthly
4613,Bronze,291743.06,3,97247.69,Mice,Corsair,Monthly
4614,Gold,104787.43,7,14969.63,Laptops,HP,Monthly
4615,Silver,96079.14,6,16013.19,Keyboards,Logitech,Bi-weekly
4616,Bronze,64203.56,3,21401.19,Tablets,Samsung,Quarterly
4617,Bronze,46850.57,3,15616.86,Monitors,ASUS,Weekly
4618,Silver,26112.34,4,6528.08,Printers,HP,Quarterly
4619,Gold,37300.41,7,5328.63,Tablets,iPad,Bi-weekly
4620,Silver,326481.75,5,65296.35,Smartphones,iPhone,Weekly
4621,Bronze,21944.59,3,7314.86,Tablets,iPad,Quarterly
4622,Gold,986419.7,7,140917.1,Printers,HP,Quarterly
4623,Silver,239438.97,5,47887.79,Laptops,Dell,Monthly
4624,Silver,472211.63,5,94442.33,Monitors,MSI,Monthly
4625,Silver,52969.8,5,10593.96,Mice,Logitech,Weekly
4626,Gold,62200.94,9,6911.22,Keyboards,Logitech,Bi-weekly
4627,Silver,152147.23,5,30429.45,Monitors,MSI,Monthly
4628,Bronze,28815.1,2,14407.55,Keyboards,Dell,Quarterly
4629,Silver,12747.71,5,2549.54,Smartphones,OnePlus,Bi-weekly
4630,Bronze,137275.55,3,45758.52,Printers,Canon,Weekly
4631,Bronze,73722.63,2,36861.31,Printers,HP,Weekly
4632,Silver,12949.44,5,2589.89,Smartphones,Realme,Monthly
4633,Silver,3757.28,5,751.46,Smartphones,OnePlus,Bi-weekly
4634,Gold,147975.54,9,16441.73,Monitors,Dell,Bi-weekly
4635,Silver,224454.78,5,44890.96,Monitors,ASUS,Monthly
4636,Bronze,79395.31,1,79395.31,Smartphones,Realme,Monthly
4637,Silver,244607.11,6,40767.85,Keyboards,Dell,Bi-weekly
4638,Bronze,244326.26,3,81442.09,Mice,Logitech,Bi-weekly
4639,Gold,27951.79,8,3493.97,Keyboards,Logitech,Weekly
4640,Gold,307555.27,9,34172.81,Printers,Canon,Monthly
4641,Silver,48963.74,5,9792.75,Printers,HP,Weekly
4642,Silver,4524.03,5,904.81,Printers,Canon,Bi-weekly
4643,Silver,376725.74,5,75345.15,Smartphones,Poco,Quarterly
4644,Gold,947646.19,8,118455.77,Printers,Canon,Weekly
4645,Silver,719584.57,5,143916.91,Printers,HP,Quarterly
4646,Silver,89330.2,6,14888.37,Laptops,HP,Monthly
4647,Silver,389648.15,6,64941.36,Laptops,Dell,Weekly
4648,Silver,1401670.99,6,233611.83,Printers,HP,Weekly
4649,Silver,25539.58,4,6384.89,Tablets,iPad,Weekly
4650,Bronze,13967.77,2,6983.89,Monitors,BenQ,Bi-weekly
4651,Bronze,9480.73,1,9480.73,Monitors,BenQ,Monthly
4652,Gold,530645.19,7,75806.46,Keyboards,Dell,Bi-weekly
4653,Silver,78762.05,5,15752.41,Monitors,MSI,Quarterly
4654,Bronze,69527.81,1,69527.81,Laptops,Lenovo,Monthly
4655,Bronze,144989.43,3,48329.81,Tablets,iPad,Bi-weekly
4656,Gold,219845.39,12,18320.45,Mice,Logitech,Bi-weekly
4657,Silver,94547.14,5,18909.43,Keyboards,Razer,Monthly
4658,Silver,32004.34,6,5334.06,Printers,HP,Quarterly
4659,Gold,40187.59,7,5741.08,Laptops,Dell,Bi-weekly
4660,Gold,97664.69,7,13952.1,Smartphones,iPhone,Weekly
4661,Silver,171173.56,5,34234.71,Printers,Canon,Quarterly
4662,Silver,38308.85,4,9577.21,Smartphones,OnePlus,Quarterly
4663,Silver,5029.6,5,1005.92,Printers,HP,Quarterly
4664,Bronze,54973.91,3,18324.64,Tablets,iPad,Weekly
4665,Bronze,23731.44,2,11865.72,Keyboards,Logitech,Weekly
4666,Silver,175074.73,4,43768.68,Printers,HP,Bi-weekly
4667,Silver,192466.27,5,38493.25,Tablets,Samsung,Bi-weekly
4668,Bronze,46722.58,3,15574.19,Printers,Canon,Bi-weekly
4669,Silver,236318.22,5,47263.64,Printers,Canon,Weekly
4670,Silver,49658.63,4,12414.66,Printers,Canon,Quarterly
4671,Silver,190779.03,4,47694.76,Mice,Corsair,Weekly
4672,Bronze,128660.17,2,64330.08,Keyboards,Razer,Monthly
4673,Silver,9798.48,4,2449.62,Laptops,HP,Quarterly
4674,Silver,429430.17,5,85886.03,Laptops,MacBook,Monthly
4675,Silver,24246.37,4,6061.59,Keyboards,Dell,Monthly
4676,Silver,126593.55,4,31648.39,Mice,Logitech,Bi-weekly
4677,Silver,7853.3,4,1963.33,Monitors,Dell,Quarterly
4678,Gold,188698.59,7,26956.94,Monitors,BenQ,Quarterly
4679,Bronze,241892.92,3,80630.97,Mice,Corsair,Quarterly
4680,Silver,177206.72,5,35441.34,Tablets,iPad,Bi-weekly
4681,Silver,393293.84,5,78658.77,Smartphones,Poco,Bi-weekly
4682,Silver,73712.81,6,12285.47,Monitors,BenQ,Weekly
4683,Silver,294009.69,5,58801.94,Tablets,iPad,Weekly
4684,Silver,76764.88,4,19191.22,Smartphones,OnePlus,Quarterly
4685,Silver,701936.81,6,116989.47,Tablets,Samsung,Bi-weekly
4686,Bronze,74813.79,2,37406.9,Laptops,Dell,Monthly
4687,Gold,79784.88,7,11397.84,Keyboards,Corsair,Bi-weekly
4688,Bronze,4398.59,2,2199.3,Mice,Dell,Monthly
4689,Silver,136683.94,6,22780.66,Laptops,HP,Quarterly
4690,Silver,235810.3,6,39301.72,Smartphones,Xiaomi,Weekly
4691,Gold,535214.95,7,76459.28,Printers,Canon,Bi-weekly
4692,Silver,140214.55,4,35053.64,Tablets,iPad,Quarterly
4693,Gold,305052.69,8,38131.59,Keyboards,Dell,Monthly
4694,Silver,189095.79,6,31515.97,Monitors,ASUS,Bi-weekly
4695,Silver,626629.66,5,125325.93,Printers,HP,Weekly
4696,Silver,198259.28,6,33043.21,Monitors,Dell,Bi-weekly
4697,Bronze,202233.08,3,67411.03,Printers,Canon,Weekly
4698,Bronze,348.69,1,348.69,Laptops,HP,Weekly
4699,Bronze,126007.84,2,63003.92,Smartphones,OnePlus,Monthly
4700,Bronze,5070.76,2,2535.38,Tablets,Samsung,Monthly
4701,Bronze,113733.02,2,56866.51,Keyboards,Razer,Weekly
4702,Gold,493952.46,7,70564.64,Printers,Canon,Monthly
4703,Silver,197703.36,5,39540.67,Keyboards,Razer,Weekly
4704,Gold,31183.96,7,4454.85,Laptops,MacBook,Bi-weekly
4705,Silver,682522.78,5,136504.56,Keyboards,Dell,Bi-weekly
4706,Bronze,72763.28,2,36381.64,Laptops,Dell,Monthly
4707,Bronze,393899.48,3,131299.83,Tablets,iPad,Weekly
4708,Bronze,118088.55,1,118088.55,Tablets,iPad,Monthly
4709,Gold,181002.65,7,25857.52,Keyboards,Logitech,Quarterly
4710,Gold,29148.89,8,3643.61,Smartphones,Realme,Quarterly
4711,Bronze,415840.28,3,138613.43,Printers,Canon,Bi-weekly
4712,Silver,291015.28,5,58203.06,Smartphones,Poco,Bi-weekly
4713,Silver,472552.58,5,94510.52,Smartphones,OnePlus,Quarterly
4714,Gold,121185.79,7,17312.26,Laptops,MacBook,Monthly
4715,Silver,22055.53,5,4411.11,Keyboards,Corsair,Weekly
4716,Bronze,43250.31,1,43250.31,Laptops,HP,Weekly
4717,Silver,142816.6,5,28563.32,Mice,Corsair,Weekly
4718,Bronze,28188.57,2,14094.28,Laptops,Lenovo,Weekly
4719,Bronze,208249.53,3,69416.51,Smartphones,Samsung,Monthly
4720,Bronze,29134.11,1,29134.11,Smartphones,Poco,Monthly
4721,Silver,2971.68,4,742.92,Tablets,iPad,Quarterly
4722,Bronze,54156.51,3,18052.17,Monitors,MSI,Weekly
4723,Silver,229213.0,4,57303.25,Printers,Canon,Quarterly
4724,Bronze,60307.66,1,60307.66,Laptops,Lenovo,Monthly
4725,Silver,63968.3,5,12793.66,Mice,Dell,Quarterly
4726,Silver,108746.9,4,27186.72,Printers,Canon,Monthly
4727,Silver,1413.04,4,353.26,Printers,Canon,Quarterly
4728,Gold,163451.48,8,20431.43,Laptops,HP,Weekly
4729,Silver,246791.62,4,61697.91,Keyboards,Logitech,Bi-weekly
4730,Bronze,181706.66,1,181706.66,Laptops,Lenovo,Quarterly
4731,Silver,12232.61,6,2038.77,Monitors,MSI,Monthly
4732,Bronze,13302.97,3,4434.32,Keyboards,Logitech,Quarterly
4733,Silver,93064.55,4,23266.14,Keyboards,Corsair,Bi-weekly
4734,Silver,17441.17,4,4360.29,Laptops,MacBook,Quarterly
4735,Bronze,192422.86,1,192422.86,Smartphones,Poco,Bi-weekly
4736,Silver,53330.27,6,8888.38,Mice,Corsair,Bi-weekly
4737,Silver,13068.63,5,2613.73,Laptops,HP,Bi-weekly
4738,Silver,7163.42,4,1790.85,Mice,Logitech,Quarterly
4739,Silver,958794.63,4,239698.66,Monitors,LG,Bi-weekly
4740,Gold,1186854.71,7,169550.67,Printers,HP,Monthly
4741,Silver,160750.4,4,40187.6,Smartphones,OnePlus,Weekly
4742,Silver,32226.35,4,8056.59,Laptops,Dell,Bi-weekly
4743,Bronze,60145.69,2,30072.84,Tablets,iPad,Weekly
4744,Silver,130682.94,4,32670.73,Keyboards,Dell,Weekly
4745,Silver,490537.71,6,81756.29,Tablets,iPad,Weekly
4746,Bronze,37059.75,3,12353.25,Tablets,Samsung,Weekly
4747,Bronze,92925.01,3,30975.0,Printers,Canon,Monthly
4748,Gold,567584.44,8,70948.05,Smartphones,Poco,Quarterly
4749,Bronze,21077.4,3,7025.8,Smartphones,OnePlus,Monthly
4750,Silver,202750.49,4,50687.62,Tablets,iPad,Monthly
4751,Gold,8981.42,7,1283.06,Smartphones,OnePlus,Bi-weekly
4752,Gold,4505.32,8,563.17,Laptops,Lenovo,Bi-weekly
4753,Bronze,190391.09,3,63463.7,Mice,Dell,Monthly
4754,Silver,118520.15,4,29630.04,Monitors,LG,Weekly
4755,Silver,129192.56,6,21532.09,Smartphones,Xiaomi,Bi-weekly
4756,Silver,1595153.49,5,319030.7,Mice,Dell,Monthly
4757,Silver,14520.04,5,2904.01,Laptops,MacBook,Monthly
4758,Gold,194164.11,9,21573.79,Monitors,MSI,Weekly
4759,Silver,292068.91,6,48678.15,Printers,HP,Monthly
4760,Silver,264490.53,6,44081.76,Printers,HP,Bi-weekly
4761,Silver,106942.3,4,26735.57,Laptops,MacBook,Quarterly
4762,Bronze,271699.03,3,90566.34,Tablets,iPad,Monthly
4763,Silver,78233.05,6,13038.84,Printers,Canon,Weekly
4764,Bronze,58897.69,2,29448.84,Smartphones,iPhone,Bi-weekly
4765,Bronze,44525.61,2,22262.81,Smartphones,Samsung,Monthly
4766,Bronze,56782.98,1,56782.98,Printers,Canon,Quarterly
4767,Silver,126463.63,5,25292.73,Keyboards,Logitech,Weekly
4768,Bronze,584135.89,3,194711.96,Keyboards,Logitech,Weekly
4769,Silver,167651.87,5,33530.37,Laptops,MacBook,Monthly
4770,Silver,89797.73,6,14966.29,Tablets,Samsung,Weekly
4771,Silver,397662.93,5,79532.59,Printers,HP,Weekly
4772,Silver,505257.29,6,84209.55,Mice,Dell,Quarterly
4773,Bronze,7313.09,2,3656.54,Mice,Dell,Bi-weekly
4774,Silver,118597.05,5,23719.41,Smartphones,OnePlus,Monthly
4775,Gold,78011.76,7,11144.54,Mice,Corsair,Weekly
4776,Bronze,33483.55,3,11161.18,Tablets,Samsung,Monthly
4777,Gold,384401.41,8,48050.18,Laptops,MacBook,Weekly
4778,Silver,127392.91,4,31848.23,Mice,Corsair,Bi-weekly
4779,Silver,688323.08,6,114720.51,Keyboards,Logitech,Bi-weekly
4780,Silver,158377.91,6,26396.32,Monitors,ASUS,Weekly
4781,Silver,44445.52,6,7407.59,Mice,Logitech,Monthly
4782,Silver,37700.88,4,9425.22,Printers,Canon,Weekly
4783,Bronze,54687.91,2,27343.96,Printers,HP,Bi-weekly
4784,Gold,472488.39,8,59061.05,Keyboards,Razer,Monthly
4785,Silver,110840.34,6,18473.39,Laptops,HP,Quarterly
4786,Silver,86603.99,4,21651.0,Keyboards,Corsair,Weekly
4787,Gold,91516.01,7,13073.72,Printers,Canon,Bi-weekly
4788,Gold,221834.87,7,31690.7,Monitors,MSI,Bi-weekly
4789,Gold,76509.24,7,10929.89,Keyboards,Dell,Monthly
4790,Silver,200537.3,5,40107.46,Laptops,Lenovo,Weekly
4791,Silver,275971.35,6,45995.23,Tablets,iPad,Bi-weekly
4792,Bronze,16611.16,2,8305.58,Keyboards,Corsair,Bi-weekly
4793,Silver,35772.86,4,8943.21,Mice,Logitech,Monthly
4794,Silver,148140.74,4,37035.18,Printers,HP,Monthly
4795,Bronze,55152.04,1,55152.04,Laptops,Dell,Monthly
4796,Silver,174025.63,4,43506.41,Tablets,Samsung,Quarterly
4797,Silver,77580.83,6,12930.14,Smartphones,iPhone,Quarterly
4798,Silver,216746.66,4,54186.67,Mice,Logitech,Quarterly
4799,Silver,145471.69,6,24245.28,Tablets,iPad,Weekly
4800,Silver,206925.91,5,41385.18,Monitors,MSI,Quarterly
4801,Bronze,24532.87,1,24532.87,Printers,HP,Monthly
4802,Silver,7641.32,5,1528.26,Printers,HP,Weekly
4803,Silver,1044.79,4,261.2,Laptops,MacBook,Monthly
4804,Gold,382142.85,7,54591.84,Laptops,Lenovo,Monthly
4805,Bronze,102616.77,3,34205.59,Laptops,Dell,Bi-weekly
4806,Gold,240787.59,8,30098.45,Laptops,HP,Weekly
4807,Gold,511789.25,7,73112.75,Printers,Canon,Monthly
4808,Silver,457206.48,4,114301.62,Smartphones,Samsung,Bi-weekly
4809,Gold,49327.38,7,7046.77,Printers,HP,Bi-weekly
4810,Bronze,150980.73,1,150980.73,Smartphones,Samsung,Quarterly
4811,Silver,208093.42,4,52023.36,Tablets,iPad,Quarterly
4812,Silver,107158.75,4,26789.69,Monitors,MSI,Bi-weekly
4813,Silver,63843.14,6,10640.52,Keyboards,Corsair,Quarterly
4814,Silver,98212.17,4,24553.04,Monitors,LG,Bi-weekly
4815,Silver,27376.14,4,6844.04,Mice,Corsair,Monthly
4816,Silver,304009.64,6,50668.27,Printers,Canon,Monthly
4817,Silver,256159.19,5,51231.84,Laptops,MacBook,Monthly
4818,Bronze,236236.79,3,78745.6,Smartphones,Poco,Monthly
4819,Silver,203287.86,4,50821.97,Keyboards,Logitech,Weekly
4820,Bronze,226281.96,3,75427.32,Smartphones,OnePlus,Weekly
4821,Bronze,2394.49,3,798.16,Laptops,HP,Quarterly
4822,Silver,156531.45,4,39132.86,Printers,Canon,Monthly
4823,Silver,42044.7,6,7007.45,Smartphones,Poco,Monthly
4824,Silver,438743.6,4,109685.9,Mice,Dell,Bi-weekly
4825,Silver,420621.66,5,84124.33,Monitors,MSI,Bi-weekly
4826,Silver,6886.07,5,1377.21,Tablets,Samsung,Weekly
4827,Silver,204717.75,4,51179.44,Tablets,iPad,Monthly
4828,Bronze,113040.14,3,37680.05,Printers,HP,Weekly
4829,Silver,74339.57,4,18584.89,Smartphones,Realme,Quarterly
4830,Silver,879131.75,6,146521.96,Smartphones,Xiaomi,Weekly
4831,Silver,28961.0,5,5792.2,Keyboards,Corsair,Quarterly
4832,Gold,863609.63,7,123372.8,Mice,Corsair,Weekly
4833,Silver,131043.84,4,32760.96,Monitors,ASUS,Monthly
4834,Silver,81161.92,4,20290.48,Smartphones,iPhone,Monthly
4835,Silver,463930.14,4,115982.54,Tablets,iPad,Bi-weekly
4836,Bronze,63328.63,3,21109.54,Mice,Logitech,Monthly
4837,Bronze,100727.71,1,100727.71,Tablets,Samsung,Bi-weekly
4838,Silver,92926.44,5,18585.29,Mice,Dell,Weekly
4839,Gold,96272.35,7,13753.19,Monitors,BenQ,Quarterly
4840,Silver,302571.9,6,50428.65,Laptops,HP,Weekly
4841,Bronze,92556.57,3,30852.19,Tablets,Samsung,Weekly
4842,Bronze,80020.04,3,26673.35,Mice,Logitech,Monthly
4843,Bronze,78309.32,2,39154.66,Printers,HP,Monthly
4844,Bronze,63158.93,3,21052.98,Mice,Corsair,Quarterly
4845,Silver,117846.1,4,29461.52,Monitors,Dell,Bi-weekly
4846,Bronze,33330.9,2,16665.45,Mice,Corsair,Weekly
4847,Silver,79697.44,5,15939.49,Laptops,HP,Bi-weekly
4848,Silver,270772.77,5,54154.55,Laptops,MacBook,Weekly
4849,Silver,46308.99,4,11577.25,Printers,Canon,Weekly
4850,Gold,85661.18,7,12237.31,Laptops,HP,Bi-weekly
4851,Bronze,9709.13,1,9709.13,Keyboards,Logitech,Weekly
4852,Bronze,2700.09,1,2700.09,Monitors,BenQ,Weekly
4853,Bronze,58567.55,2,29283.77,Keyboards,Dell,Weekly
4854,Bronze,29593.28,1,29593.28,Monitors,BenQ,Weekly
4855,Silver,35584.26,6,5930.71,Laptops,HP,Weekly
4856,Silver,10987.05,5,2197.41,Smartphones,Realme,Monthly
4857,Silver,705488.09,6,117581.35,Monitors,BenQ,Quarterly
4858,Bronze,71816.16,3,23938.72,Tablets,Samsung,Bi-weekly
4859,Silver,397999.58,5,79599.92,Mice,Dell,Quarterly
4860,Bronze,43113.59,1,43113.59,Keyboards,Logitech,Monthly
4861,Silver,449768.35,5,89953.67,Laptops,HP,Quarterly
4862,Bronze,191126.64,3,63708.88,Printers,HP,Weekly
4863,Silver,155533.65,5,31106.73,Keyboards,Razer,Weekly
4864,Gold,28437.34,8,3554.67,Monitors,ASUS,Quarterly
4865,Bronze,76536.39,2,38268.2,Printers,HP,Weekly
4866,Bronze,47286.83,1,47286.83,Printers,Canon,Quarterly
4867,Silver,117137.74,4,29284.43,Keyboards,Razer,Weekly
4868,Silver,302648.95,4,75662.24,Monitors,BenQ,Monthly
4869,Silver,3067.9,5,613.58,Laptops,MacBook,Weekly
4870,Gold,347568.78,8,43446.1,Printers,Canon,Bi-weekly
4871,Silver,189128.19,6,31521.37,Printers,Canon,Bi-weekly
4872,Silver,75991.34,5,15198.27,Laptops,MacBook,Weekly
4873,Gold,319757.47,7,45679.64,Keyboards,Logitech,Monthly
4874,Bronze,14955.75,1,14955.75,Printers,Canon,Bi-weekly
4875,Gold,536963.51,8,67120.44,Printers,HP,Bi-weekly
4876,Silver,19485.94,4,4871.49,Tablets,iPad,Quarterly
4877,Gold,689949.4,7,98564.2,Monitors,ASUS,Monthly
4878,Silver,297799.87,6,49633.31,Laptops,HP,Bi-weekly
4879,Bronze,277107.41,2,138553.7,Keyboards,Dell,Monthly
4880,Bronze,38422.12,2,19211.06,Mice,Dell,Monthly
4881,Bronze,195136.85,3,65045.62,Printers,Canon,Monthly
4882,Bronze,39560.32,1,39560.32,Printers,Canon,Quarterly
4883,Gold,272639.39,7,38948.48,Tablets,iPad,Monthly
4884,Silver,101720.96,4,25430.24,Laptops,MacBook,Monthly
4885,Bronze,151460.77,3,50486.92,Printers,Canon,Weekly
4886,Silver,139526.63,5,27905.33,Tablets,Samsung,Weekly
4887,Bronze,1767.84,3,589.28,Laptops,HP,Bi-weekly
4888,Bronze,156605.75,1,156605.75,Monitors,MSI,Bi-weekly
4889,Bronze,13793.55,2,6896.78,Smartphones,Realme,Bi-weekly
4890,Bronze,17681.78,1,17681.78,Keyboards,Dell,Monthly
4891,Bronze,6090.14,1,6090.14,Printers,HP,Quarterly
4892,Silver,325555.2,4,81388.8,Mice,Corsair,Bi-weekly
4893,Silver,383076.32,4,95769.08,Keyboards,Corsair,Bi-weekly
4894,Silver,119831.07,5,23966.21,Keyboards,Corsair,Bi-weekly
4895,Silver,211265.66,6,35210.94,Mice,Dell,Quarterly
4896,Gold,27691.1,7,3955.87,Printers,HP,Monthly
4897,Bronze,319874.33,3,106624.78,Mice,Logitech,Bi-weekly
4898,Bronze,155530.19,2,77765.1,Printers,HP,Quarterly
4899,Bronze,162651.26,3,54217.09,Mice,Dell,Monthly
4900,Silver,46210.17,6,7701.69,Mice,Dell,Bi-weekly
4901,Bronze,194501.47,2,97250.74,Tablets,iPad,Weekly
4902,Silver,1754.71,4,438.68,Laptops,Dell,Monthly
4903,Gold,65504.13,7,9357.73,Tablets,Samsung,Monthly
4904,Silver,353644.02,4,88411.0,Smartphones,Realme,Bi-weekly
4905,Bronze,19012.8,3,6337.6,Tablets,Samsung,Weekly
4906,Bronze,62561.82,3,20853.94,Keyboards,Razer,Monthly
4907,Bronze,126037.75,3,42012.58,Mice,Dell,Weekly
4908,Silver,277866.8,5,55573.36,Smartphones,iPhone,Bi-weekly
4909,Silver,207234.45,6,34539.08,Tablets,iPad,Monthly
4910,Gold,224525.71,10,22452.57,Printers,HP,Quarterly
4911,Silver,4234.96,5,846.99,Mice,Logitech,Bi-weekly
4912,Bronze,129040.74,3,43013.58,Keyboards,Corsair,Bi-weekly
4913,Silver,174310.6,6,29051.77,Laptops,MacBook,Bi-weekly
4914,Silver,152173.19,4,38043.3,Laptops,HP,Weekly
4915,Bronze,281384.92,3,93794.97,Printers,HP,Weekly
4916,Bronze,29507.06,3,9835.69,Monitors,Dell,Monthly
4917,Gold,152502.09,7,21786.01,Mice,Logitech,Bi-weekly
4918,Silver,51444.36,4,12861.09,Mice,Dell,Quarterly
4919,Bronze,11724.62,2,5862.31,Mice,Dell,Monthly
4920,Silver,82295.26,5,16459.05,Printers,HP,Bi-weekly
4921,Bronze,212661.6,2,106330.8,Mice,Dell,Bi-weekly
4922,Gold,231292.94,7,33041.85,Tablets,Samsung,Quarterly
4923,Gold,418113.85,9,46457.09,Tablets,Samsung,Monthly
4924,Silver,33172.47,4,8293.12,Keyboards,Logitech,Weekly
4925,Silver,33581.11,6,5596.85,Laptops,Lenovo,Monthly
4926,Gold,792154.95,7,113164.99,Keyboards,Corsair,Quarterly
4927,Silver,83110.4,5,16622.08,Keyboards,Dell,Weekly
4928,Silver,275330.69,5,55066.14,Mice,Dell,Monthly
4929,Bronze,31488.15,3,10496.05,Smartphones,OnePlus,Bi-weekly
4930,Gold,175248.53,8,21906.07,Laptops,Dell,Monthly
4931,Bronze,183310.9,3,61103.63,Laptops,Dell,Weekly
4932,Silver,365394.57,6,60899.1,Smartphones,Realme,Quarterly
4933,Silver,79746.52,4,19936.63,Tablets,iPad,Weekly
4934,Bronze,78398.91,3,26132.97,Keyboards,Corsair,Quarterly
4935,Silver,369834.57,6,61639.09,Tablets,Samsung,Bi-weekly
4936,Bronze,117738.39,3,39246.13,Mice,Corsair,Quarterly
4937,Silver,276694.0,5,55338.8,Laptops,HP,Quarterly
4938,Bronze,99086.81,3,33028.94,Keyboards,Logitech,Quarterly
4939,Silver,176911.59,5,35382.32,Mice,Dell,Weekly
4940,Silver,97265.15,6,16210.86,Tablets,Samsung,Weekly
4941,Silver,88272.08,4,22068.02,Mice,Logitech,Monthly
4942,Gold,688642.48,9,76515.83,Printers,Canon,Weekly
4943,Silver,255305.54,6,42550.92,Printers,Canon,Quarterly
4944,Bronze,602780.05,3,200926.68,Laptops,Lenovo,Bi-weekly
4945,Gold,660024.24,10,66002.42,Keyboards,Dell,Quarterly
4946,Gold,477624.12,7,68232.02,Monitors,BenQ,Bi-weekly
4947,Gold,399230.69,8,49903.84,Keyboards,Dell,Quarterly
4948,Silver,191932.72,5,38386.54,Tablets,Samsung,Quarterly
4949,Silver,53693.61,5,10738.72,Printers,Canon,Monthly
4950,Silver,46558.51,5,9311.7,Smartphones,Samsung,Monthly
4951,Gold,383925.55,8,47990.69,Printers,HP,Monthly
4952,Bronze,3788.68,1,3788.68,Printers,Canon,Weekly
4953,Gold,102620.06,8,12827.51,Keyboards,Dell,Monthly
4954,Bronze,465314.57,3,155104.86,Monitors,Dell,Bi-weekly
4955,Gold,64145.34,8,8018.17,Smartphones,Realme,Weekly
4956,Silver,556564.34,4,139141.09,Printers,HP,Bi-weekly
4957,Silver,173421.19,5,34684.24,Printers,Canon,Quarterly
4958,Gold,190442.0,7,27206.0,Smartphones,OnePlus,Bi-weekly
4959,Gold,95407.85,8,11925.98,Printers,Canon,Bi-weekly
4960,Silver,140650.45,5,28130.09,Laptops,Lenovo,Monthly
4961,Silver,147783.6,6,24630.6,Tablets,iPad,Quarterly
4962,Bronze,225822.04,2,112911.02,Keyboards,Dell,Quarterly
4963,Silver,373640.29,5,74728.06,Printers,HP,Weekly
4964,Bronze,140642.55,3,46880.85,Tablets,iPad,Monthly
4965,Bronze,135672.56,2,67836.28,Tablets,iPad,Bi-weekly
4966,Bronze,634.61,1,634.61,Printers,HP,Bi-weekly
4967,Bronze,48540.89,2,24270.45,Mice,Dell,Weekly
4968,Silver,89603.18,5,17920.64,Keyboards,Logitech,Weekly
4969,Bronze,85180.77,3,28393.59,Tablets,iPad,Monthly
4970,Bronze,13252.44,2,6626.22,Printers,HP,Quarterly
4971,Silver,122092.02,5,24418.4,Tablets,iPad,Quarterly
4972,Silver,169974.17,5,33994.83,Keyboards,Corsair,Quarterly
4973,Silver,32779.67,5,6555.93,Smartphones,Realme,Monthly
4974,Silver,267441.17,5,53488.23,Keyboards,Razer,Monthly
4975,Bronze,20722.48,1,20722.48,Keyboards,Logitech,Weekly
4976,Silver,69894.65,4,17473.66,Monitors,LG,Quarterly
4977,Bronze,20257.11,3,6752.37,Mice,Dell,Weekly
4978,Silver,136866.67,6,22811.11,Tablets,Samsung,Quarterly
4979,Gold,55743.05,8,6967.88,Tablets,Samsung,Weekly
4980,Silver,19653.86,4,4913.47,Printers,HP,Monthly
4981,Silver,253509.02,4,63377.26,Laptops,Lenovo,Monthly
4982,Bronze,9450.49,3,3150.16,Laptops,Dell,Quarterly
4983,Gold,143651.92,8,17956.49,Keyboards,Corsair,Quarterly
4984,Gold,146104.22,8,18263.03,Monitors,LG,Quarterly
4985,Gold,515127.47,8,64390.93,Keyboards,Logitech,Monthly
4986,Silver,318136.74,5,63627.35,Mice,Logitech,Weekly
4987,Silver,47112.14,4,11778.03,Printers,HP,Monthly
4988,Bronze,469084.82,3,156361.61,Printers,Canon,Quarterly
4989,Silver,196116.27,4,49029.07,Laptops,HP,Bi-weekly
4990,Gold,11202.31,7,1600.33,Tablets,Samsung,Bi-weekly
4991,Bronze,6781.04,1,6781.04,Printers,HP,Weekly
4992,Silver,167945.96,4,41986.49,Mice,Corsair,Quarterly
4993,Silver,254026.1,4,63506.53,Mice,Logitech,Bi-weekly
4994,Gold,152165.68,7,21737.95,Laptops,HP,Weekly
4995,Gold,105652.24,9,11739.14,Printers,Canon,Weekly
4996,Silver,1403.07,5,280.61,Mice,Dell,Quarterly
4997,Silver,12551.69,4,3137.92,Smartphones,Samsung,Weekly
4998,Gold,215837.31,7,30833.9,Keyboards,Dell,Monthly
4999,Silver,65012.77,5,13002.55,Keyboards,Razer,Quarterly
5000,Silver,4692.09,5,938.42,Keyboards,Corsair,Quarterly
5001,Bronze,93266.06,1,93266.06,Tablets,Samsung,Quarterly
5002,Silver,44788.02,4,11197.0,Smartphones,OnePlus,Bi-weekly
5003,Silver,49229.44,4,12307.36,Monitors,LG,Quarterly
5004,Bronze,163339.62,3,54446.54,Tablets,iPad,Bi-weekly
5005,Bronze,52060.14,1,52060.14,Mice,Dell,Monthly
5006,Bronze,72151.87,3,24050.62,Monitors,ASUS,Quarterly
5007,Gold,107382.09,8,13422.76,Mice,Corsair,Monthly
5008,Silver,544210.19,5,108842.04,Printers,Canon,Quarterly
5009,Silver,58259.58,4,14564.89,Tablets,Samsung,Monthly
5010,Gold,764460.15,7,109208.59,Printers,Canon,Weekly
5011,Bronze,84780.16,2,42390.08,Tablets,Samsung,Weekly
5012,Silver,132838.88,4,33209.72,Printers,Canon,Bi-weekly
5013,Bronze,108126.66,3,36042.22,Laptops,HP,Weekly
5014,Silver,20890.88,5,4178.18,Keyboards,Razer,Monthly
5015,Silver,215170.89,4,53792.72,Printers,HP,Quarterly
5016,Gold,27457.48,7,3922.5,Mice,Dell,Weekly
5017,Silver,100655.62,4,25163.91,Tablets,iPad,Weekly
5018,Silver,324473.51,4,81118.38,Smartphones,Samsung,Bi-weekly
5019,Bronze,129317.35,2,64658.68,Smartphones,Poco,Bi-weekly
5020,Silver,173704.92,5,34740.98,Printers,HP,Bi-weekly
5021,Silver,7345.18,6,1224.2,Laptops,Dell,Weekly
5022,Bronze,4646.26,1,4646.26,Printers,Canon,Weekly
5023,Bronze,18928.91,3,6309.64,Printers,Canon,Bi-weekly
5024,Gold,136536.64,9,15170.74,Smartphones,Realme,Quarterly
5025,Silver,158332.47,5,31666.49,Tablets,Samsung,Bi-weekly
5026,Gold,237300.48,7,33900.07,Printers,HP,Bi-weekly
5027,Gold,315564.64,7,45080.66,Smartphones,Poco,Weekly
5028,Silver,285227.09,6,47537.85,Mice,Logitech,Quarterly
5029,Silver,146545.98,4,36636.5,Tablets,Samsung,Quarterly
5030,Silver,311358.81,6,51893.14,Printers,HP,Monthly
5031,Silver,246303.13,5,49260.63,Smartphones,iPhone,Weekly
5032,Silver,43988.64,4,10997.16,Tablets,iPad,Quarterly
5033,Silver,30738.44,6,5123.07,Mice,Logitech,Weekly
5034,Silver,519685.27,5,103937.05,Mice,Corsair,Quarterly
5035,Silver,397634.05,6,66272.34,Monitors,BenQ,Weekly
5036,Silver,83646.71,4,20911.68,Monitors,MSI,Bi-weekly
5037,Silver,177482.61,4,44370.65,Monitors,BenQ,Weekly
5038,Silver,666518.03,6,111086.34,Monitors,Dell,Bi-weekly
5039,Bronze,141502.88,2,70751.44,Mice,Corsair,Quarterly
5040,Bronze,54847.01,2,27423.5,Printers,HP,Bi-weekly
5041,Gold,125249.78,7,17892.83,Tablets,Samsung,Weekly
5042,Silver,192418.47,5,38483.69,Tablets,Samsung,Quarterly
5043,Silver,296406.61,6,49401.1,Monitors,LG,Bi-weekly
5044,Bronze,54947.63,3,18315.88,Tablets,iPad,Weekly
5045,Silver,58188.39,6,9698.07,Printers,Canon,Weekly
5046,Silver,44911.75,4,11227.94,Laptops,Dell,Weekly
5047,Bronze,27848.78,2,13924.39,Keyboards,Logitech,Weekly
5048,Silver,57978.07,4,14494.52,Tablets,iPad,Weekly
5049,Silver,83780.5,6,13963.42,Smartphones,Samsung,Quarterly
5050,Bronze,92837.65,3,30945.88,Laptops,Lenovo,Quarterly
5051,Silver,50176.26,4,12544.06,Printers,Canon,Quarterly
5052,Silver,64655.58,5,12931.12,Mice,Logitech,Monthly
5053,Silver,343119.83,5,68623.97,Tablets,Samsung,Bi-weekly
5054,Silver,167072.95,4,41768.24,Printers,Canon,Weekly
5055,Silver,21651.45,4,5412.86,Printers,HP,Weekly
5056,Bronze,295559.89,3,98519.96,Laptops,Lenovo,Bi-weekly
5057,Bronze,22216.39,2,11108.19,Monitors,ASUS,Quarterly
5058,Silver,265615.51,5,53123.1,Monitors,BenQ,Quarterly
5059,Silver,216200.48,5,43240.1,Printers,Canon,Monthly
5060,Bronze,89752.92,3,29917.64,Monitors,LG,Weekly
5061,Silver,41647.96,6,6941.33,Laptops,MacBook,Monthly
5062,Bronze,999.17,3,333.06,Keyboards,Logitech,Bi-weekly
5063,Bronze,16033.54,3,5344.51,Smartphones,OnePlus,Bi-weekly
5064,Bronze,49393.07,3,16464.36,Mice,Corsair,Weekly
5065,Gold,370392.86,8,46299.11,Tablets,Samsung,Weekly
5066,Silver,126760.25,6,21126.71,Monitors,BenQ,Weekly
5067,Bronze,33658.25,2,16829.12,Mice,Dell,Weekly
5068,Bronze,368.87,2,184.44,Tablets,Samsung,Weekly
5069,Bronze,73790.88,1,73790.88,Printers,Canon,Weekly
5070,Silver,387154.66,5,77430.93,Laptops,Lenovo,Bi-weekly
5071,Silver,272424.27,5,54484.85,Smartphones,Realme,Quarterly
5072,Bronze,35506.43,2,17753.21,Tablets,Samsung,Quarterly
5073,Gold,793227.92,9,88136.44,Tablets,Samsung,Monthly
5074,Bronze,48850.57,3,16283.52,Printers,HP,Weekly
5075,Silver,121745.71,4,30436.43,Printers,HP,Bi-weekly
5076,Silver,347447.95,6,57907.99,Keyboards,Corsair,Monthly
5077,Silver,163938.84,4,40984.71,Monitors,ASUS,Quarterly
5078,Bronze,34426.4,1,34426.4,Keyboards,Corsair,Weekly
5079,Silver,250274.08,6,41712.35,Keyboards,Razer,Quarterly
5080,Gold,648437.81,7,92633.97,Monitors,MSI,Quarterly
5081,Silver,15709.05,4,3927.26,Smartphones,Realme,Bi-weekly
5082,Gold,800743.81,11,72794.89,Mice,Dell,Weekly
5083,Gold,89603.84,8,11200.48,Printers,HP,Weekly
5084,Silver,320200.04,4,80050.01,Mice,Corsair,Monthly
5085,Silver,274614.28,6,45769.05,Printers,HP,Quarterly
5086,Bronze,123892.85,3,41297.62,Monitors,Dell,Quarterly
5087,Gold,92115.49,8,11514.44,Monitors,MSI,Quarterly
5088,Silver,158308.21,4,39577.05,Mice,Dell,Quarterly
5089,Silver,46600.65,4,11650.16,Smartphones,OnePlus,Monthly
5090,Silver,32241.14,4,8060.28,Printers,HP,Weekly
5091,Silver,663982.0,6,110663.67,Monitors,MSI,Monthly
5092,Bronze,15256.96,3,5085.65,Printers,Canon,Bi-weekly
5093,Silver,50148.05,5,10029.61,Smartphones,OnePlus,Weekly
5094,Silver,95614.56,4,23903.64,Printers,HP,Bi-weekly
5095,Silver,89291.51,5,17858.3,Monitors,BenQ,Monthly
5096,Silver,66551.93,4,16637.98,Smartphones,iPhone,Weekly
5097,Silver,80000.37,4,20000.09,Printers,HP,Bi-weekly
5098,Silver,552189.38,5,110437.88,Printers,HP,Monthly
5099,Silver,465698.72,4,116424.68,Smartphones,Realme,Monthly
5100,Silver,48866.04,5,9773.21,Printers,Canon,Monthly
5101,Bronze,30020.05,2,15010.02,Smartphones,OnePlus,Quarterly
5102,Gold,254847.72,7,36406.82,Printers,Canon,Quarterly
5103,Silver,89186.01,4,22296.5,Laptops,HP,Monthly
5104,Silver,4211.4,5,842.28,Tablets,iPad,Weekly
5105,Silver,83676.67,5,16735.33,Printers,Canon,Bi-weekly
5106,Silver,81479.29,4,20369.82,Smartphones,Xiaomi,Quarterly
5107,Bronze,156474.01,3,52158.0,Laptops,Dell,Bi-weekly
5108,Silver,9700.25,5,1940.05,Smartphones,iPhone,Monthly
5109,Bronze,155428.17,3,51809.39,Printers,HP,Bi-weekly
5110,Silver,272628.21,6,45438.04,Tablets,Samsung,Bi-weekly
5111,Bronze,983.55,3,327.85,Keyboards,Logitech,Quarterly
5112,Silver,204638.15,5,40927.63,Keyboards,Dell,Weekly
5113,Silver,28438.12,5,5687.62,Mice,Dell,Weekly
5114,Bronze,46330.53,2,23165.27,Monitors,LG,Weekly
5115,Silver,142215.09,4,35553.77,Smartphones,OnePlus,Weekly
5116,Bronze,30910.62,2,15455.31,Monitors,ASUS,Bi-weekly
5117,Bronze,101845.32,3,33948.44,Laptops,HP,Bi-weekly
5118,Silver,112182.87,4,28045.72,Monitors,MSI,Quarterly
5119,Silver,424113.33,5,84822.67,Printers,HP,Monthly
5120,Bronze,169302.78,2,84651.39,Printers,HP,Monthly
5121,Silver,55178.4,4,13794.6,Smartphones,Xiaomi,Weekly
5122,Silver,99168.03,4,24792.01,Tablets,Samsung,Bi-weekly
5123,Silver,517227.76,6,86204.63,Printers,Canon,Quarterly
5124,Bronze,82600.75,1,82600.75,Printers,HP,Quarterly
5125,Silver,464276.49,5,92855.3,Monitors,LG,Weekly
5126,Bronze,6079.15,1,6079.15,Mice,Corsair,Bi-weekly
5127,Silver,57397.77,5,11479.55,Keyboards,Logitech,Monthly
5128,Silver,29985.62,4,7496.4,Smartphones,iPhone,Monthly
5129,Silver,100771.22,4,25192.8,Monitors,MSI,Monthly
5130,Silver,203068.06,6,33844.68,Tablets,iPad,Quarterly
5131,Gold,469821.11,8,58727.64,Smartphones,iPhone,Bi-weekly
5132,Silver,187367.7,5,37473.54,Monitors,ASUS,Bi-weekly
5133,Bronze,415949.92,3,138649.97,Monitors,LG,Monthly
5134,Gold,673347.0,8,84168.37,Laptops,Dell,Monthly
5135,Bronze,6862.2,3,2287.4,Printers,HP,Weekly
5136,Silver,20189.04,5,4037.81,Keyboards,Corsair,Weekly
5137,Silver,2305.7,4,576.42,Printers,HP,Bi-weekly
5138,Silver,280772.34,6,46795.39,Monitors,LG,Weekly
5139,Gold,476587.39,7,68083.91,Laptops,HP,Quarterly
5140,Gold,463170.09,7,66167.16,Laptops,HP,Bi-weekly
5141,Gold,199859.83,7,28551.4,Smartphones,Samsung,Bi-weekly
5142,Silver,116951.61,4,29237.9,Tablets,iPad,Weekly
5143,Silver,554011.48,6,92335.25,Laptops,MacBook,Monthly
5144,Silver,121450.11,6,20241.69,Printers,HP,Weekly
5145,Silver,207937.05,6,34656.17,Printers,Canon,Bi-weekly
5146,Bronze,2670.11,1,2670.11,Keyboards,Dell,Quarterly
5147,Bronze,457.54,1,457.54,Tablets,Samsung,Monthly
5148,Silver,123284.35,5,24656.87,Keyboards,Logitech,Bi-weekly
5149,Silver,1213482.74,6,202247.12,Smartphones,Poco,Weekly
5150,Bronze,262157.6,3,87385.87,Tablets,iPad,Bi-weekly
5151,Silver,211028.79,6,35171.47,Monitors,ASUS,Bi-weekly
5152,Silver,16195.42,5,3239.08,Keyboards,Corsair,Weekly
5153,Silver,299174.81,6,49862.47,Mice,Logitech,Quarterly
5154,Silver,290521.58,4,72630.39,Mice,Logitech,Bi-weekly
5155,Gold,63389.85,8,7923.73,Smartphones,Xiaomi,Bi-weekly
5156,Silver,33602.92,5,6720.58,Smartphones,Samsung,Weekly
5157,Bronze,68569.82,1,68569.82,Tablets,Samsung,Quarterly
5158,Silver,509113.51,5,101822.7,Tablets,iPad,Weekly
5159,Silver,38141.53,6,6356.92,Smartphones,Realme,Bi-weekly
5160,Silver,193894.7,4,48473.68,Mice,Corsair,Quarterly
5161,Silver,192541.67,4,48135.42,Laptops,MacBook,Monthly
5162,Silver,109914.49,5,21982.9,Smartphones,Realme,Weekly
5163,Bronze,219841.04,3,73280.35,Printers,HP,Weekly
5164,Bronze,184380.2,2,92190.1,Keyboards,Logitech,Bi-weekly
5165,Bronze,81205.71,1,81205.71,Printers,HP,Bi-weekly
5166,Bronze,47310.6,3,15770.2,Laptops,Dell,Bi-weekly
5167,Bronze,773.84,1,773.84,Smartphones,Samsung,Monthly
5168,Bronze,58426.78,2,29213.39,Smartphones,Samsung,Weekly
5169,Gold,16202.87,7,2314.7,Smartphones,Samsung,Quarterly
5170,Bronze,117886.23,2,58943.11,Mice,Dell,Bi-weekly
5171,Bronze,3400.01,3,1133.34,Laptops,HP,Monthly
5172,Silver,9522.5,4,2380.63,Keyboards,Logitech,Monthly
5173,Silver,146216.33,6,24369.39,Laptops,HP,Weekly
5174,Silver,322803.12,4,80700.78,Printers,HP,Quarterly
5175,Gold,202055.45,7,28865.06,Monitors,ASUS,Bi-weekly
5176,Silver,527728.42,5,105545.68,Mice,Dell,Weekly
5177,Gold,162591.11,7,23227.3,Mice,Logitech,Quarterly
5178,Bronze,69402.84,3,23134.28,Laptops,Dell,Quarterly
5179,Bronze,4262.0,2,2131.0,Laptops,Dell,Quarterly
5180,Bronze,67909.04,1,67909.04,Laptops,Lenovo,Quarterly
5181,Gold,271628.93,9,30180.99,Monitors,LG,Bi-weekly
5182,Silver,55046.38,6,9174.4,Smartphones,Samsung,Quarterly
5183,Bronze,156001.44,3,52000.48,Laptops,HP,Bi-weekly
5184,Silver,110556.05,4,27639.01,Monitors,ASUS,Weekly
5185,Bronze,56809.89,2,28404.94,Tablets,Samsung,Bi-weekly
5186,Silver,95223.64,5,19044.73,Monitors,ASUS,Bi-weekly
5187,Gold,1048408.47,10,104840.85,Keyboards,Corsair,Quarterly
5188,Bronze,148250.2,3,49416.73,Printers,HP,Monthly
5189,Silver,688862.41,5,137772.48,Monitors,MSI,Weekly
5190,Silver,163439.73,4,40859.93,Mice,Dell,Quarterly
5191,Silver,1106.68,6,184.45,Keyboards,Razer,Quarterly
5192,Silver,598520.49,5,119704.1,Tablets,Samsung,Quarterly
5193,Silver,113816.31,5,22763.26,Tablets,Samsung,Quarterly
5194,Silver,14166.3,5,2833.26,Smartphones,OnePlus,Bi-weekly
5195,Silver,43226.46,6,7204.41,Laptops,HP,Monthly
5196,Bronze,18009.75,2,9004.87,Mice,Logitech,Bi-weekly
5197,Silver,699344.81,4,174836.2,Tablets,Samsung,Bi-weekly
5198,Gold,446092.5,7,63727.5,Smartphones,Samsung,Monthly
5199,Bronze,39580.29,2,19790.14,Tablets,Samsung,Weekly
5200,Gold,171937.4,7,24562.49,Laptops,Dell,Monthly
5201,Bronze,294917.27,3,98305.76,Laptops,HP,Quarterly
5202,Bronze,74400.27,2,37200.13,Smartphones,Samsung,Monthly
5203,Gold,502908.16,9,55878.68,Keyboards,Logitech,Weekly
5204,Bronze,80161.46,2,40080.73,Laptops,Dell,Monthly
5205,Gold,131697.56,8,16462.2,Tablets,iPad,Bi-weekly
5206,Silver,56734.0,5,11346.8,Keyboards,Dell,Quarterly
5207,Silver,937.4,4,234.35,Monitors,Dell,Weekly
5208,Silver,314512.06,4,78628.01,Keyboards,Corsair,Monthly
5209,Silver,325636.52,4,81409.13,Printers,Canon,Bi-weekly
5210,Bronze,24767.35,2,12383.68,Mice,Dell,Weekly
5211,Silver,32716.04,4,8179.01,Mice,Logitech,Bi-weekly
5212,Silver,63043.65,4,15760.91,Printers,Canon,Monthly
5213,Silver,123646.23,5,24729.25,Keyboards,Corsair,Weekly
5214,Silver,544837.23,5,108967.45,Tablets,Samsung,Quarterly
5215,Gold,409961.52,9,45551.28,Printers,Canon,Weekly
5216,Bronze,324421.54,3,108140.51,Tablets,Samsung,Monthly
5217,Silver,602167.58,5,120433.52,Printers,Canon,Bi-weekly
5218,Silver,467049.64,4,116762.41,Laptops,Dell,Quarterly
5219,Silver,96509.4,4,24127.35,Printers,HP,Quarterly
5220,Silver,163110.26,4,40777.57,Keyboards,Logitech,Weekly
5221,Silver,153779.07,6,25629.85,Tablets,iPad,Bi-weekly
5222,Silver,416967.65,4,104241.91,Tablets,Samsung,Monthly
5223,Bronze,212806.85,3,70935.62,Laptops,HP,Weekly
5224,Bronze,8880.47,2,4440.23,Tablets,Samsung,Monthly
5225,Silver,279985.72,5,55997.14,Tablets,Samsung,Weekly
5226,Silver,481443.5,5,96288.7,Tablets,iPad,Bi-weekly
5227,Gold,339065.25,8,42383.16,Mice,Logitech,Weekly
5228,Silver,42423.05,4,10605.76,Keyboards,Dell,Quarterly
5229,Gold,94614.47,7,13516.35,Keyboards,Dell,Monthly
5230,Silver,130575.1,4,32643.78,Printers,Canon,Weekly
5231,Bronze,48334.2,3,16111.4,Printers,HP,Monthly
5232,Bronze,60410.13,3,20136.71,Smartphones,Samsung,Bi-weekly
5233,Silver,93020.56,5,18604.11,Laptops,Lenovo,Weekly
5234,Bronze,5078.54,2,2539.27,Smartphones,iPhone,Monthly
5235,Bronze,57352.27,2,28676.14,Tablets,Samsung,Bi-weekly
5236,Silver,566039.93,5,113207.99,Smartphones,Samsung,Weekly
5237,Silver,663687.94,5,132737.59,Keyboards,Logitech,Bi-weekly
5238,Silver,432876.11,4,108219.03,Mice,Dell,Bi-weekly
5239,Bronze,183537.43,3,61179.14,Monitors,BenQ,Weekly
5240,Bronze,15948.33,2,7974.17,Printers,Canon,Monthly
5241,Bronze,491.28,3,163.76,Laptops,MacBook,Quarterly
5242,Silver,72123.5,4,18030.88,Tablets,Samsung,Monthly
5243,Bronze,160590.77,2,80295.38,Smartphones,Realme,Weekly
5244,Gold,49147.52,9,5460.84,Printers,Canon,Weekly
5245,Silver,104717.41,5,20943.48,Printers,Canon,Bi-weekly
5246,Gold,299578.95,7,42796.99,Tablets,Samsung,Bi-weekly
5247,Gold,18273.37,7,2610.48,Mice,Dell,Monthly
5248,Silver,49445.0,5,9889.0,Printers,Canon,Weekly
5249,Silver,59133.02,4,14783.26,Monitors,Dell,Bi-weekly
5250,Silver,4768.98,4,1192.24,Printers,HP,Bi-weekly
5251,Silver,218591.17,4,54647.79,Laptops,MacBook,Bi-weekly
5252,Silver,83146.13,5,16629.23,Smartphones,iPhone,Monthly
5253,Silver,12770.83,5,2554.17,Keyboards,Logitech,Bi-weekly
5254,Silver,137045.33,4,34261.33,Printers,Canon,Monthly
5255,Bronze,65269.52,2,32634.76,Smartphones,Realme,Bi-weekly
5256,Silver,64008.23,6,10668.04,Laptops,Dell,Weekly
5257,Silver,303246.36,6,50541.06,Tablets,iPad,Weekly
5258,Silver,134694.61,6,22449.1,Laptops,MacBook,Monthly
5259,Silver,107651.07,6,17941.85,Printers,Canon,Weekly
5260,Silver,236785.0,4,59196.25,Laptops,MacBook,Monthly
5261,Silver,117141.82,6,19523.64,Laptops,Lenovo,Bi-weekly
5262,Bronze,34679.76,1,34679.76,Smartphones,Realme,Weekly
5263,Gold,25704.6,9,2856.07,Smartphones,iPhone,Monthly
5264,Silver,337093.15,6,56182.19,Mice,Dell,Weekly
5265,Silver,229701.17,4,57425.29,Mice,Dell,Quarterly
5266,Silver,76091.83,4,19022.96,Mice,Dell,Weekly
5267,Silver,349409.89,6,58234.98,Tablets,Samsung,Quarterly
5268,Gold,131181.79,7,18740.26,Mice,Dell,Quarterly
5269,Silver,98853.69,4,24713.42,Mice,Dell,Weekly
5270,Silver,185030.11,4,46257.53,Laptops,Dell,Monthly
5271,Bronze,276475.87,3,92158.62,Tablets,Samsung,Monthly
5272,Silver,400342.46,6,66723.74,Keyboards,Logitech,Weekly
5273,Silver,55798.32,4,13949.58,Smartphones,Poco,Quarterly
5274,Bronze,20756.68,3,6918.89,Printers,Canon,Monthly
5275,Bronze,429989.57,3,143329.86,Tablets,Samsung,Monthly
5276,Bronze,197416.29,3,65805.43,Tablets,iPad,Weekly
5277,Bronze,187933.79,3,62644.6,Laptops,MacBook,Quarterly
5278,Silver,74525.4,4,18631.35,Printers,HP,Bi-weekly
5279,Silver,305540.11,4,76385.03,Monitors,ASUS,Monthly
5280,Gold,116701.7,7,16671.67,Mice,Logitech,Bi-weekly
5281,Bronze,110676.55,3,36892.18,Monitors,ASUS,Quarterly
5282,Silver,325301.9,4,81325.47,Printers,Canon,Quarterly
5283,Bronze,139842.11,3,46614.04,Tablets,iPad,Weekly
5284,Bronze,135208.35,2,67604.17,Smartphones,Realme,Weekly
5285,Silver,55629.89,6,9271.65,Printers,HP,Quarterly
5286,Silver,708400.43,4,177100.11,Mice,Dell,Monthly
5287,Bronze,277.63,2,138.82,Mice,Logitech,Quarterly
5288,Silver,119403.3,4,29850.83,Keyboards,Logitech,Bi-weekly
5289,Silver,37976.78,5,7595.36,Mice,Logitech,Monthly
5290,Silver,36444.03,4,9111.01,Laptops,Lenovo,Weekly
5291,Bronze,31474.14,1,31474.14,Keyboards,Razer,Monthly
5292,Silver,10942.62,5,2188.52,Laptops,MacBook,Weekly
5293,Bronze,88342.17,1,88342.17,Smartphones,Realme,Bi-weekly
5294,Silver,287065.5,5,57413.1,Tablets,Samsung,Weekly
5295,Silver,14503.08,4,3625.77,Keyboards,Logitech,Monthly
5296,Silver,137266.06,4,34316.51,Printers,HP,Bi-weekly
5297,Bronze,35352.79,3,11784.26,Laptops,Dell,Quarterly
5298,Silver,68443.79,4,17110.95,Printers,Canon,Quarterly
5299,Gold,398676.4,7,56953.77,Printers,HP,Weekly
5300,Silver,84311.58,5,16862.32,Smartphones,Realme,Monthly
5301,Bronze,67682.89,3,22560.96,Mice,Logitech,Weekly
5302,Bronze,8236.59,1,8236.59,Laptops,HP,Bi-weekly
5303,Silver,251686.47,6,41947.75,Mice,Logitech,Monthly
5304,Silver,333101.72,4,83275.43,Printers,Canon,Weekly
5305,Bronze,23231.39,1,23231.39,Smartphones,Xiaomi,Weekly
5306,Silver,152585.38,5,30517.08,Laptops,Lenovo,Monthly
5307,Bronze,101288.62,1,101288.62,Monitors,BenQ,Bi-weekly
5308,Bronze,9072.32,3,3024.11,Laptops,Lenovo,Monthly
5309,Bronze,127725.83,3,42575.28,Monitors,LG,Quarterly
5310,Bronze,75002.96,2,37501.48,Mice,Corsair,Quarterly
5311,Bronze,21039.41,1,21039.41,Printers,HP,Monthly
5312,Bronze,114308.34,2,57154.17,Smartphones,OnePlus,Quarterly
5313,Gold,18341.97,8,2292.75,Printers,Canon,Quarterly
5314,Bronze,45161.79,2,22580.89,Tablets,iPad,Quarterly
5315,Silver,341172.75,5,68234.55,Tablets,iPad,Weekly
5316,Silver,40622.25,4,10155.56,Monitors,LG,Bi-weekly
5317,Silver,41498.69,4,10374.67,Smartphones,Samsung,Quarterly
5318,Bronze,96149.97,2,48074.98,Monitors,LG,Monthly
5319,Bronze,27969.36,3,9323.12,Printers,Canon,Quarterly
5320,Gold,62400.03,8,7800.0,Printers,HP,Weekly
5321,Bronze,3100.23,3,1033.41,Tablets,iPad,Weekly
5322,Bronze,31868.63,3,10622.88,Smartphones,Xiaomi,Bi-weekly
5323,Silver,88160.79,5,17632.16,Keyboards,Razer,Monthly
5324,Silver,234845.19,5,46969.04,Smartphones,OnePlus,Monthly
5325,Bronze,69333.12,3,23111.04,Tablets,Samsung,Weekly
5326,Silver,115357.46,4,28839.36,Printers,HP,Quarterly
5327,Bronze,353993.06,3,117997.69,Mice,Dell,Quarterly
5328,Silver,327863.2,5,65572.64,Monitors,BenQ,Weekly
5329,Silver,263506.36,5,52701.27,Keyboards,Logitech,Bi-weekly
5330,Silver,116307.57,4,29076.89,Printers,HP,Monthly
5331,Gold,357761.97,7,51108.85,Tablets,Samsung,Weekly
5332,Silver,13116.35,4,3279.09,Smartphones,Poco,Monthly
5333,Bronze,20215.12,3,6738.37,Tablets,Samsung,Weekly
5334,Silver,7176.1,5,1435.22,Printers,Canon,Weekly
5335,Silver,359055.38,4,89763.85,Smartphones,iPhone,Quarterly
5336,Bronze,16.11,2,8.06,Monitors,BenQ,Bi-weekly
5337,Silver,33138.06,6,5523.01,Smartphones,OnePlus,Weekly
5338,Silver,48997.1,4,12249.27,Mice,Logitech,Quarterly
5339,Bronze,72829.31,2,36414.66,Tablets,Samsung,Monthly
5340,Bronze,110089.31,2,55044.66,Tablets,iPad,Bi-weekly
5341,Bronze,14533.76,2,7266.88,Laptops,Dell,Bi-weekly
5342,Silver,99972.33,4,24993.08,Tablets,iPad,Quarterly
5343,Silver,71623.68,6,11937.28,Tablets,iPad,Weekly
5344,Silver,150120.88,4,37530.22,Tablets,iPad,Weekly
5345,Silver,304356.78,5,60871.36,Tablets,Samsung,Quarterly
5346,Gold,247459.29,11,22496.3,Keyboards,Logitech,Weekly
5347,Silver,20457.34,4,5114.34,Mice,Dell,Bi-weekly
5348,Silver,263689.85,5,52737.97,Mice,Dell,Quarterly
5349,Silver,7866.03,4,1966.51,Keyboards,Corsair,Weekly
5350,Silver,120354.68,5,24070.94,Printers,Canon,Monthly
5351,Silver,56658.57,4,14164.64,Mice,Corsair,Quarterly
5352,Silver,223427.77,6,37237.96,Printers,HP,Weekly
5353,Silver,343821.43,6,57303.57,Smartphones,OnePlus,Bi-weekly
5354,Bronze,17477.85,1,17477.85,Laptops,Lenovo,Monthly
5355,Bronze,461255.08,3,153751.69,Laptops,HP,Monthly
5356,Silver,299909.1,5,59981.82,Laptops,MacBook,Monthly
5357,Bronze,29540.25,1,29540.25,Keyboards,Corsair,Bi-weekly
5358,Silver,57813.37,5,11562.67,Tablets,iPad,Quarterly
5359,Silver,126801.18,6,21133.53,Laptops,MacBook,Monthly
5360,Silver,94459.07,4,23614.77,Mice,Dell,Weekly
5361,Silver,1025618.34,5,205123.67,Printers,HP,Quarterly
5362,Silver,313680.75,4,78420.19,Laptops,Lenovo,Bi-weekly
5363,Gold,179509.28,8,22438.66,Smartphones,iPhone,Monthly
5364,Bronze,84046.69,3,28015.56,Tablets,Samsung,Quarterly
5365,Gold,58124.95,9,6458.33,Keyboards,Logitech,Quarterly
5366,Bronze,115903.28,3,38634.43,Tablets,iPad,Quarterly
5367,Bronze,248995.42,3,82998.47,Mice,Dell,Weekly
5368,Silver,17046.88,6,2841.15,Tablets,iPad,Bi-weekly
5369,Silver,312053.62,4,78013.4,Mice,Dell,Monthly
5370,Silver,407968.71,5,81593.74,Keyboards,Razer,Bi-weekly
5371,Silver,184383.0,4,46095.75,Monitors,MSI,Bi-weekly
5372,Bronze,135720.58,2,67860.29,Printers,Canon,Monthly
5373,Silver,288991.17,5,57798.23,Keyboards,Razer,Monthly
5374,Silver,118105.47,4,29526.37,Tablets,iPad,Bi-weekly
5375,Silver,63661.95,6,10610.32,Monitors,Dell,Quarterly
5376,Bronze,17152.77,1,17152.77,Laptops,Dell,Weekly
5377,Silver,138074.82,4,34518.7,Smartphones,OnePlus,Quarterly
5378,Silver,44256.3,5,8851.26,Printers,Canon,Bi-weekly
5379,Bronze,3537.95,1,3537.95,Mice,Corsair,Monthly
5380,Silver,114232.45,6,19038.74,Printers,HP,Weekly
5381,Bronze,352044.94,2,176022.47,Tablets,Samsung,Quarterly
5382,Silver,42766.51,5,8553.3,Mice,Corsair,Quarterly
5383,Gold,51336.31,8,6417.04,Tablets,Samsung,Monthly
5384,Silver,106640.97,4,26660.24,Printers,Canon,Monthly
5385,Bronze,363.84,2,181.92,Smartphones,Poco,Monthly
5386,Bronze,32634.27,1,32634.27,Tablets,Samsung,Quarterly
5387,Bronze,21080.11,1,21080.11,Mice,Logitech,Bi-weekly
5388,Gold,101905.02,7,14557.86,Printers,HP,Quarterly
5389,Bronze,45867.27,3,15289.09,Mice,Logitech,Weekly
5390,Gold,396999.22,10,39699.92,Printers,HP,Weekly
5391,Bronze,6789.8,1,6789.8,Monitors,MSI,Bi-weekly
5392,Silver,109704.83,6,18284.14,Mice,Logitech,Monthly
5393,Bronze,13714.07,1,13714.07,Mice,Logitech,Weekly
5394,Bronze,367053.17,2,183526.59,Printers,Canon,Bi-weekly
5395,Bronze,63225.19,2,31612.59,Laptops,Lenovo,Bi-weekly
5396,Silver,359.72,4,89.93,Smartphones,Xiaomi,Monthly
5397,Bronze,4942.56,2,2471.28,Monitors,BenQ,Quarterly
5398,Silver,711698.3,6,118616.38,Mice,Dell,Quarterly
5399,Bronze,75705.99,2,37853.0,Monitors,MSI,Bi-weekly
5400,Silver,336435.38,6,56072.56,Keyboards,Razer,Monthly
5401,Silver,54147.15,4,13536.79,Printers,Canon,Quarterly
5402,Gold,511727.2,8,63965.9,Printers,HP,Monthly
5403,Bronze,89915.66,2,44957.83,Tablets,Samsung,Quarterly
5404,Silver,52721.5,5,10544.3,Smartphones,OnePlus,Monthly
5405,Silver,155850.83,5,31170.17,Keyboards,Razer,Quarterly
5406,Silver,372187.53,5,74437.51,Mice,Logitech,Quarterly
5407,Bronze,63059.14,1,63059.14,Printers,Canon,Bi-weekly
5408,Gold,242743.54,7,34677.65,Keyboards,Razer,Quarterly
5409,Gold,99101.67,7,14157.38,Smartphones,OnePlus,Weekly
5410,Silver,257251.0,5,51450.2,Monitors,ASUS,Weekly
5411,Gold,31069.62,7,4438.52,Mice,Logitech,Bi-weekly
5412,Silver,224346.53,4,56086.63,Laptops,Dell,Weekly
5413,Silver,199936.3,4,49984.07,Mice,Corsair,Bi-weekly
5414,Bronze,146748.19,3,48916.06,Keyboards,Corsair,Monthly
5415,Silver,4194.03,4,1048.51,Keyboards,Logitech,Weekly
5416,Bronze,198027.61,2,99013.8,Monitors,Dell,Monthly
5417,Silver,17833.3,6,2972.22,Laptops,Lenovo,Monthly
5418,Bronze,178021.11,3,59340.37,Tablets,iPad,Monthly
5419,Bronze,113001.74,3,37667.25,Mice,Dell,Monthly
5420,Silver,256477.63,6,42746.27,Tablets,Samsung,Weekly
5421,Silver,573320.35,5,114664.07,Laptops,MacBook,Quarterly
5422,Silver,68489.03,4,17122.26,Mice,Logitech,Bi-weekly
5423,Silver,96965.78,4,24241.44,Laptops,Dell,Weekly
5424,Bronze,9424.8,3,3141.6,Mice,Dell,Weekly
5425,Bronze,218839.17,3,72946.39,Tablets,iPad,Bi-weekly
5426,Silver,32229.33,6,5371.56,Keyboards,Razer,Bi-weekly
5427,Gold,27054.62,7,3864.95,Keyboards,Dell,Bi-weekly
5428,Bronze,42448.45,3,14149.48,Smartphones,OnePlus,Bi-weekly
5429,Gold,428226.26,8,53528.28,Laptops,MacBook,Weekly
5430,Bronze,118547.88,3,39515.96,Monitors,Dell,Quarterly
5431,Silver,10231.05,5,2046.21,Keyboards,Corsair,Bi-weekly
5432,Silver,117515.43,6,19585.91,Smartphones,Poco,Bi-weekly
5433,Silver,47228.97,5,9445.79,Monitors,Dell,Weekly
5434,Bronze,74064.04,1,74064.04,Printers,Canon,Monthly
5435,Silver,139530.6,6,23255.1,Keyboards,Razer,Monthly
5436,Silver,187803.19,6,31300.53,Tablets,Samsung,Bi-weekly
5437,Silver,71284.55,6,11880.76,Mice,Corsair,Weekly
5438,Silver,182584.55,4,45646.14,Laptops,MacBook,Bi-weekly
5439,Silver,846759.49,6,141126.58,Laptops,Dell,Weekly
5440,Bronze,52310.57,3,17436.86,Monitors,BenQ,Bi-weekly
5441,Silver,49133.19,5,9826.64,Tablets,iPad,Bi-weekly
5442,Silver,328261.62,6,54710.27,Smartphones,Samsung,Quarterly
5443,Silver,325324.78,5,65064.96,Tablets,iPad,Quarterly
5444,Gold,1088225.44,7,155460.78,Monitors,BenQ,Bi-weekly
5445,Silver,58450.2,6,9741.7,Monitors,MSI,Monthly
5446,Silver,262655.09,4,65663.77,Keyboards,Razer,Monthly
5447,Silver,726822.4,6,121137.07,Laptops,Dell,Weekly
5448,Bronze,4864.79,3,1621.6,Laptops,Lenovo,Quarterly
5449,Silver,145461.79,4,36365.45,Keyboards,Corsair,Bi-weekly
5450,Gold,6842.34,7,977.48,Monitors,LG,Monthly
5451,Bronze,22579.68,3,7526.56,Laptops,MacBook,Weekly
5452,Gold,363573.29,7,51939.04,Keyboards,Logitech,Weekly
5453,Gold,507717.18,8,63464.65,Keyboards,Dell,Weekly
5454,Bronze,138690.33,3,46230.11,Monitors,Dell,Monthly
5455,Silver,166331.09,4,41582.77,Laptops,HP,Monthly
5456,Bronze,98684.41,1,98684.41,Mice,Logitech,Quarterly
5457,Gold,182920.26,7,26131.47,Tablets,iPad,Quarterly
5458,Silver,440476.31,5,88095.26,Mice,Dell,Quarterly
5459,Silver,125718.7,6,20953.12,Printers,Canon,Quarterly
5460,Silver,50555.84,4,12638.96,Tablets,iPad,Quarterly
5461,Gold,440004.95,7,62857.85,Smartphones,Samsung,Quarterly
5462,Silver,23553.84,6,3925.64,Printers,HP,Weekly
5463,Silver,54387.69,4,13596.92,Tablets,iPad,Weekly
5464,Bronze,146891.17,3,48963.72,Smartphones,Samsung,Bi-weekly
5465,Bronze,56461.85,1,56461.85,Keyboards,Logitech,Quarterly
5466,Bronze,92155.47,3,30718.49,Printers,Canon,Weekly
5467,Gold,371254.18,11,33750.38,Printers,HP,Weekly
5468,Bronze,33137.42,2,16568.71,Printers,Canon,Bi-weekly
5469,Silver,173758.07,6,28959.68,Monitors,ASUS,Bi-weekly
5470,Silver,127568.03,5,25513.61,Laptops,Dell,Quarterly
5471,Bronze,81681.39,2,40840.69,Keyboards,Logitech,Monthly
5472,Silver,479960.73,5,95992.15,Mice,Logitech,Weekly
5473,Silver,404933.5,6,67488.92,Tablets,Samsung,Quarterly
5474,Silver,105342.47,4,26335.62,Smartphones,Samsung,Monthly
5475,Bronze,693410.95,3,231136.98,Smartphones,Realme,Weekly
5476,Gold,27365.33,7,3909.33,Tablets,Samsung,Bi-weekly
5477,Bronze,34780.38,1,34780.38,Printers,Canon,Weekly
5478,Gold,90155.49,7,12879.36,Keyboards,Corsair,Bi-weekly
5479,Bronze,222979.39,3,74326.46,Laptops,MacBook,Monthly
5480,Silver,331501.67,5,66300.33,Laptops,HP,Monthly
5481,Gold,53207.14,7,7601.02,Laptops,HP,Bi-weekly
5482,Gold,113615.58,9,12623.95,Mice,Logitech,Monthly
5483,Silver,25696.04,5,5139.21,Keyboards,Razer,Monthly
5484,Silver,293284.24,5,58656.85,Printers,Canon,Weekly
5485,Bronze,83179.43,3,27726.48,Keyboards,Dell,Bi-weekly
5486,Gold,33406.5,7,4772.36,Tablets,Samsung,Weekly
5487,Bronze,38767.59,3,12922.53,Laptops,Dell,Bi-weekly
5488,Bronze,162637.86,1,162637.86,Smartphones,Realme,Monthly
5489,Silver,787333.25,5,157466.65,Mice,Logitech,Weekly
5490,Silver,304394.15,4,76098.54,Printers,HP,Bi-weekly
5491,Silver,263019.4,6,43836.57,Smartphones,Poco,Weekly
5492,Silver,220342.07,5,44068.41,Printers,Canon,Weekly
5493,Silver,63153.9,4,15788.48,Keyboards,Corsair,Bi-weekly
5494,Silver,350294.85,6,58382.48,Mice,Corsair,Quarterly
5495,Gold,582508.97,8,72813.62,Mice,Corsair,Weekly
5496,Silver,25851.58,5,5170.32,Laptops,HP,Monthly
5497,Silver,44910.74,4,11227.69,Keyboards,Razer,Monthly
5498,Silver,103876.36,4,25969.09,Keyboards,Razer,Monthly
5499,Gold,159333.59,8,19916.7,Monitors,LG,Monthly
5500,Silver,100635.15,5,20127.03,Smartphones,iPhone,Quarterly
5501,Gold,53622.02,10,5362.2,Monitors,LG,Weekly
5502,Gold,57176.07,8,7147.01,Printers,Canon,Quarterly
5503,Silver,339047.71,6,56507.95,Printers,Canon,Weekly
5504,Gold,114253.84,8,14281.73,Monitors,MSI,Bi-weekly
5505,Bronze,106175.67,3,35391.89,Mice,Corsair,Bi-weekly
5506,Bronze,49201.95,1,49201.95,Tablets,Samsung,Weekly
5507,Bronze,244626.51,3,81542.17,Monitors,BenQ,Weekly
5508,Bronze,64055.41,3,21351.8,Keyboards,Razer,Bi-weekly
5509,Bronze,269255.78,2,134627.89,Tablets,Samsung,Weekly
5510,Bronze,42615.85,3,14205.28,Smartphones,Realme,Quarterly
5511,Silver,362218.24,6,60369.71,Smartphones,Xiaomi,Quarterly
5512,Silver,123496.29,5,24699.26,Printers,HP,Bi-weekly
5513,Silver,398585.12,5,79717.02,Keyboards,Razer,Weekly
5514,Gold,87623.36,7,12517.62,Keyboards,Dell,Monthly
5515,Bronze,68905.57,1,68905.57,Tablets,Samsung,Monthly
5516,Silver,270411.49,4,67602.87,Keyboards,Razer,Quarterly
5517,Silver,295959.3,6,49326.55,Printers,HP,Bi-weekly
5518,Silver,318995.69,4,79748.92,Smartphones,Realme,Bi-weekly
5519,Silver,317598.72,6,52933.12,Tablets,Samsung,Weekly
5520,Gold,250490.69,8,31311.34,Laptops,HP,Weekly
5521,Silver,448873.45,5,89774.69,Tablets,Samsung,Monthly
5522,Bronze,259092.17,3,86364.06,Monitors,ASUS,Weekly
5523,Bronze,12748.69,1,12748.69,Mice,Corsair,Quarterly
5524,Bronze,209242.64,3,69747.55,Keyboards,Corsair,Weekly
5525,Silver,218066.55,4,54516.64,Printers,HP,Weekly
5526,Bronze,85018.2,3,28339.4,Tablets,iPad,Weekly
5527,Bronze,33589.15,2,16794.57,Smartphones,iPhone,Bi-weekly
5528,Bronze,174445.21,3,58148.4,Smartphones,Xiaomi,Monthly
5529,Silver,77839.66,6,12973.28,Laptops,HP,Weekly
5530,Silver,168082.9,4,42020.72,Printers,HP,Quarterly
5531,Gold,11079.85,10,1107.99,Laptops,Dell,Bi-weekly
5532,Silver,22186.04,6,3697.67,Mice,Dell,Quarterly
5533,Silver,201241.59,5,40248.32,Mice,Dell,Weekly
5534,Bronze,41140.94,3,13713.65,Keyboards,Dell,Quarterly
5535,Silver,134857.13,4,33714.28,Tablets,Samsung,Bi-weekly
5536,Silver,174675.55,4,43668.89,Mice,Corsair,Monthly
5537,Bronze,730.69,3,243.56,Smartphones,Poco,Monthly
5538,Silver,10737.04,6,1789.51,Monitors,LG,Monthly
5539,Gold,621152.56,9,69016.95,Tablets,iPad,Quarterly
5540,Bronze,41098.06,3,13699.35,Tablets,Samsung,Quarterly
5541,Silver,148064.36,4,37016.09,Smartphones,Samsung,Weekly
5542,Bronze,2803.43,2,1401.71,Laptops,Lenovo,Bi-weekly
5543,Silver,13657.7,4,3414.43,Smartphones,Xiaomi,Monthly
5544,Bronze,119578.47,1,119578.47,Printers,HP,Weekly
5545,Gold,425814.63,9,47312.74,Keyboards,Dell,Quarterly
5546,Silver,35213.09,4,8803.27,Monitors,Dell,Monthly
5547,Silver,52875.15,4,13218.79,Mice,Corsair,Quarterly
5548,Silver,163611.94,5,32722.39,Laptops,Lenovo,Quarterly
5549,Silver,2888.25,6,481.38,Laptops,Lenovo,Monthly
5550,Silver,343582.58,5,68716.52,Keyboards,Corsair,Quarterly
5551,Silver,141373.48,6,23562.25,Printers,Canon,Quarterly
5552,Silver,121856.49,4,30464.12,Mice,Dell,Monthly
5553,Bronze,381871.34,3,127290.45,Laptops,Lenovo,Weekly
5554,Bronze,137327.33,3,45775.78,Smartphones,Xiaomi,Monthly
5555,Silver,149197.99,4,37299.5,Monitors,LG,Quarterly
5556,Silver,527544.81,5,105508.96,Printers,HP,Weekly
5557,Bronze,136527.59,3,45509.2,Monitors,Dell,Quarterly
5558,Bronze,22615.09,3,7538.36,Laptops,MacBook,Weekly
5559,Silver,362490.01,5,72498.0,Monitors,BenQ,Quarterly
5560,Gold,331500.21,10,33150.02,Keyboards,Corsair,Weekly
5561,Gold,203919.66,8,25489.96,Printers,Canon,Quarterly
5562,Silver,451527.2,6,75254.53,Smartphones,Samsung,Bi-weekly
5563,Gold,374499.75,10,37449.98,Mice,Corsair,Bi-weekly
5564,Silver,14392.53,4,3598.13,Tablets,iPad,Quarterly
5565,Silver,43802.02,5,8760.4,Monitors,MSI,Monthly
5566,Bronze,55888.37,2,27944.19,Monitors,BenQ,Weekly
5567,Bronze,63301.6,3,21100.53,Laptops,Lenovo,Quarterly
5568,Silver,173944.76,6,28990.79,Printers,HP,Weekly
5569,Silver,13352.35,6,2225.39,Tablets,Samsung,Bi-weekly
5570,Silver,553543.89,5,110708.78,Smartphones,Xiaomi,Quarterly
5571,Bronze,27071.21,3,9023.74,Smartphones,iPhone,Bi-weekly
5572,Gold,7327.69,8,915.96,Printers,HP,Quarterly
5573,Silver,21842.09,5,4368.42,Tablets,iPad,Monthly
5574,Bronze,4940.49,1,4940.49,Mice,Dell,Monthly
5575,Silver,130297.44,4,32574.36,Keyboards,Corsair,Monthly
5576,Bronze,23704.26,2,11852.13,Mice,Logitech,Weekly
5577,Bronze,29939.58,1,29939.58,Monitors,Dell,Quarterly
5578,Bronze,112747.39,2,56373.69,Tablets,Samsung,Weekly
5579,Silver,52058.58,4,13014.65,Mice,Corsair,Monthly
5580,Silver,368235.58,5,73647.12,Smartphones,OnePlus,Quarterly
5581,Silver,94434.33,4,23608.58,Smartphones,Xiaomi,Bi-weekly
5582,Bronze,32633.68,3,10877.89,Keyboards,Dell,Weekly
5583,Silver,364016.33,5,72803.27,Printers,Canon,Quarterly
5584,Silver,73457.97,4,18364.49,Monitors,ASUS,Monthly
5585,Silver,651506.73,5,130301.35,Keyboards,Razer,Bi-weekly
5586,Gold,654756.73,8,81844.59,Tablets,Samsung,Monthly
5587,Silver,184970.99,6,30828.5,Smartphones,Realme,Weekly
5588,Silver,510233.96,5,102046.79,Tablets,Samsung,Weekly
5589,Silver,137990.63,5,27598.13,Mice,Dell,Weekly
5590,Silver,554726.26,6,92454.38,Monitors,MSI,Bi-weekly
5591,Silver,240652.23,6,40108.7,Tablets,iPad,Quarterly
5592,Silver,162419.42,5,32483.88,Laptops,MacBook,Bi-weekly
5593,Bronze,39504.65,1,39504.65,Printers,Canon,Bi-weekly
5594,Silver,167531.67,5,33506.33,Printers,Canon,Weekly
5595,Bronze,29561.89,1,29561.89,Monitors,MSI,Quarterly
5596,Bronze,18992.71,3,6330.9,Monitors,LG,Bi-weekly
5597,Bronze,73432.3,2,36716.15,Smartphones,OnePlus,Weekly
5598,Silver,107403.33,6,17900.55,Tablets,iPad,Monthly
5599,Bronze,100117.23,2,50058.62,Tablets,iPad,Monthly
5600,Silver,42127.33,5,8425.47,Tablets,iPad,Monthly
5601,Gold,5824.42,7,832.06,Keyboards,Logitech,Weekly
5602,Bronze,237854.52,2,118927.26,Monitors,BenQ,Bi-weekly
5603,Silver,39258.94,4,9814.73,Mice,Dell,Weekly
5604,Silver,62055.66,5,12411.13,Printers,Canon,Weekly
5605,Silver,29098.98,6,4849.83,Keyboards,Razer,Quarterly
5606,Silver,41210.22,6,6868.37,Printers,Canon,Bi-weekly
5607,Gold,129437.93,8,16179.74,Smartphones,Realme,Monthly
5608,Bronze,11342.04,2,5671.02,Tablets,iPad,Monthly
5609,Silver,205805.45,4,51451.36,Monitors,MSI,Quarterly
5610,Gold,2236173.24,7,319453.32,Monitors,ASUS,Weekly
5611,Bronze,10504.44,2,5252.22,Mice,Corsair,Quarterly
5612,Silver,51559.45,5,10311.89,Mice,Corsair,Bi-weekly
5613,Silver,68226.15,5,13645.23,Laptops,HP,Monthly
5614,Bronze,51180.33,2,25590.17,Mice,Logitech,Weekly
5615,Silver,3643.86,4,910.97,Laptops,MacBook,Bi-weekly
5616,Bronze,89882.32,2,44941.16,Printers,HP,Weekly
5617,Silver,138426.0,4,34606.5,Monitors,Dell,Bi-weekly
5618,Silver,166621.83,4,41655.46,Laptops,Dell,Quarterly
5619,Gold,80002.58,7,11428.94,Laptops,Dell,Monthly
5620,Bronze,199280.09,3,66426.7,Smartphones,Samsung,Bi-weekly
5621,Bronze,16718.84,2,8359.42,Mice,Corsair,Monthly
5622,Gold,168837.68,7,24119.67,Printers,Canon,Monthly
5623,Gold,1035298.74,9,115033.19,Mice,Corsair,Bi-weekly
5624,Silver,320048.47,5,64009.69,Tablets,iPad,Bi-weekly
5625,Bronze,22073.3,3,7357.77,Laptops,Lenovo,Quarterly
5626,Silver,10583.71,4,2645.93,Monitors,BenQ,Quarterly
5627,Gold,72297.23,7,10328.18,Laptops,Dell,Monthly
5628,Bronze,34951.99,2,17475.99,Keyboards,Dell,Weekly
5629,Bronze,94707.64,3,31569.21,Laptops,Dell,Weekly
5630,Bronze,69404.77,2,34702.38,Tablets,Samsung,Bi-weekly
5631,Silver,20209.69,6,3368.28,Laptops,HP,Quarterly
5632,Bronze,44679.06,3,14893.02,Printers,HP,Bi-weekly
5633,Bronze,26917.44,2,13458.72,Tablets,Samsung,Bi-weekly
5634,Gold,199026.36,7,28432.34,Keyboards,Logitech,Weekly
5635,Bronze,275244.99,2,137622.5,Laptops,Lenovo,Quarterly
5636,Silver,278188.54,6,46364.76,Monitors,Dell,Quarterly
5637,Silver,125837.11,6,20972.85,Laptops,Dell,Quarterly
5638,Gold,316532.82,7,45218.97,Monitors,Dell,Quarterly
5639,Silver,97608.59,6,16268.1,Tablets,Samsung,Weekly
5640,Gold,6315.54,8,789.44,Monitors,ASUS,Weekly
5641,Silver,41577.49,6,6929.58,Printers,HP,Weekly
5642,Silver,34418.77,5,6883.75,Smartphones,Realme,Bi-weekly
5643,Bronze,201899.47,2,100949.74,Tablets,Samsung,Monthly
5644,Silver,551582.85,5,110316.57,Smartphones,Realme,Bi-weekly
5645,Silver,24851.2,4,6212.8,Printers,HP,Monthly
5646,Bronze,146744.01,3,48914.67,Tablets,Samsung,Weekly
5647,Silver,6139.33,5,1227.87,Laptops,MacBook,Quarterly
5648,Bronze,79958.14,3,26652.71,Tablets,Samsung,Bi-weekly
5649,Gold,912046.37,8,114005.8,Mice,Dell,Monthly
5650,Bronze,198363.95,3,66121.32,Mice,Dell,Monthly
5651,Bronze,137730.46,3,45910.15,Keyboards,Logitech,Quarterly
5652,Bronze,31232.03,3,10410.68,Laptops,Lenovo,Weekly
5653,Silver,555001.48,5,111000.3,Mice,Dell,Quarterly
5654,Bronze,8569.62,3,2856.54,Keyboards,Logitech,Quarterly
5655,Silver,340350.21,6,56725.03,Printers,Canon,Weekly
5656,Bronze,88929.75,3,29643.25,Tablets,Samsung,Weekly
5657,Silver,1010983.61,6,168497.27,Tablets,Samsung,Bi-weekly
5658,Bronze,124662.4,2,62331.2,Monitors,LG,Monthly
5659,Silver,850446.93,5,170089.39,Mice,Corsair,Monthly
5660,Silver,239405.46,5,47881.09,Printers,Canon,Bi-weekly
5661,Silver,100945.73,5,20189.15,Printers,Canon,Bi-weekly
5662,Bronze,17604.85,1,17604.85,Tablets,iPad,Monthly
5663,Bronze,230424.75,3,76808.25,Smartphones,Samsung,Bi-weekly
5664,Bronze,67960.41,2,33980.2,Monitors,Dell,Monthly
5665,Gold,195605.39,9,21733.93,Keyboards,Corsair,Weekly
5666,Silver,296339.84,5,59267.97,Smartphones,Xiaomi,Quarterly
5667,Silver,39688.78,4,9922.2,Mice,Logitech,Weekly
5668,Silver,35832.44,6,5972.07,Smartphones,Samsung,Bi-weekly
5669,Bronze,39226.43,2,19613.22,Monitors,Dell,Weekly
5670,Silver,167150.44,5,33430.09,Monitors,ASUS,Weekly
5671,Gold,807812.98,7,115401.85,Smartphones,Xiaomi,Bi-weekly
5672,Bronze,25887.4,1,25887.4,Printers,Canon,Weekly
5673,Silver,461959.83,6,76993.31,Keyboards,Dell,Bi-weekly
5674,Silver,65731.4,4,16432.85,Keyboards,Corsair,Weekly
5675,Bronze,315700.55,3,105233.52,Mice,Dell,Quarterly
5676,Bronze,398987.31,2,199493.66,Monitors,Dell,Quarterly
5677,Bronze,20789.59,1,20789.59,Tablets,Samsung,Monthly
5678,Silver,162120.78,5,32424.16,Tablets,Samsung,Bi-weekly
5679,Bronze,185607.18,3,61869.06,Smartphones,Samsung,Quarterly
5680,Silver,342472.19,6,57078.7,Smartphones,Xiaomi,Quarterly
5681,Silver,149702.21,6,24950.37,Mice,Corsair,Weekly
5682,Gold,238561.44,8,29820.18,Smartphones,OnePlus,Weekly
5683,Silver,269795.55,6,44965.92,Mice,Corsair,Quarterly
5684,Silver,135612.54,4,33903.13,Keyboards,Razer,Quarterly
5685,Silver,18752.42,5,3750.48,Laptops,Dell,Bi-weekly
5686,Bronze,30451.18,3,10150.39,Monitors,LG,Weekly
5687,Silver,91145.96,4,22786.49,Printers,HP,Quarterly
5688,Gold,130265.06,8,16283.13,Printers,Canon,Quarterly
5689,Bronze,60293.96,2,30146.98,Monitors,ASUS,Monthly
5690,Silver,94121.52,6,15686.92,Keyboards,Razer,Quarterly
5691,Silver,784306.25,6,130717.71,Keyboards,Logitech,Weekly
5692,Bronze,55044.77,1,55044.77,Monitors,LG,Monthly
5693,Bronze,66610.92,1,66610.92,Smartphones,OnePlus,Quarterly
5694,Bronze,29628.49,3,9876.16,Laptops,HP,Monthly
5695,Bronze,23611.52,1,23611.52,Monitors,BenQ,Bi-weekly
5696,Silver,44260.34,4,11065.09,Keyboards,Corsair,Weekly
5697,Gold,11739.71,7,1677.1,Laptops,Lenovo,Weekly
5698,Gold,36345.8,7,5192.26,Printers,Canon,Monthly
5699,Silver,315465.9,6,52577.65,Monitors,Dell,Quarterly
5700,Silver,204648.15,5,40929.63,Laptops,HP,Weekly
5701,Gold,249694.86,9,27743.87,Tablets,iPad,Quarterly
5702,Silver,1203.19,5,240.64,Printers,Canon,Monthly
5703,Silver,47300.61,5,9460.12,Smartphones,iPhone,Monthly
5704,Silver,83024.19,4,20756.05,Mice,Logitech,Quarterly
5705,Silver,366440.59,4,91610.15,Keyboards,Logitech,Monthly
5706,Gold,259677.17,7,37096.74,Tablets,iPad,Weekly
5707,Bronze,6178.9,2,3089.45,Mice,Dell,Bi-weekly
5708,Bronze,164446.08,2,82223.04,Keyboards,Razer,Quarterly
5709,Silver,110043.37,6,18340.56,Tablets,iPad,Weekly
5710,Gold,475768.21,7,67966.89,Mice,Dell,Weekly
5711,Silver,18353.49,4,4588.37,Smartphones,iPhone,Weekly
5712,Silver,83791.28,4,20947.82,Mice,Logitech,Monthly
5713,Gold,35416.95,7,5059.56,Laptops,HP,Weekly
5714,Gold,135555.12,7,19365.02,Keyboards,Logitech,Monthly
5715,Gold,149907.2,7,21415.31,Tablets,Samsung,Quarterly
5716,Silver,515937.99,6,85989.67,Printers,Canon,Weekly
5717,Silver,26457.7,4,6614.43,Tablets,iPad,Monthly
5718,Silver,187839.68,5,37567.94,Tablets,Samsung,Weekly
5719,Silver,18086.93,5,3617.39,Tablets,Samsung,Bi-weekly
5720,Silver,241841.61,4,60460.4,Mice,Logitech,Quarterly
5721,Silver,59422.59,4,14855.65,Mice,Corsair,Quarterly
5722,Silver,145957.99,4,36489.5,Printers,HP,Bi-weekly
5723,Silver,149327.55,6,24887.93,Keyboards,Corsair,Bi-weekly
5724,Silver,156399.53,6,26066.59,Printers,HP,Weekly
5725,Gold,9375.58,8,1171.95,Tablets,iPad,Bi-weekly
5726,Silver,51730.18,6,8621.7,Monitors,BenQ,Monthly
5727,Silver,79960.6,5,15992.12,Tablets,Samsung,Quarterly
5728,Silver,561699.85,6,93616.64,Tablets,iPad,Weekly
5729,Silver,58598.67,4,14649.67,Mice,Corsair,Quarterly
5730,Silver,166754.66,6,27792.44,Tablets,iPad,Quarterly
5731,Bronze,23913.17,1,23913.17,Smartphones,Realme,Quarterly
5732,Silver,368840.45,6,61473.41,Monitors,ASUS,Monthly
5733,Bronze,92614.12,3,30871.37,Keyboards,Dell,Weekly
5734,Bronze,7832.16,2,3916.08,Keyboards,Corsair,Monthly
5735,Bronze,13117.93,3,4372.64,Printers,HP,Bi-weekly
5736,Silver,293933.03,6,48988.84,Laptops,HP,Quarterly
5737,Gold,276767.33,11,25160.67,Printers,HP,Monthly
5738,Bronze,206545.91,3,68848.64,Mice,Dell,Bi-weekly
5739,Bronze,1985.38,1,1985.38,Smartphones,Xiaomi,Bi-weekly
5740,Silver,88228.83,4,22057.21,Monitors,BenQ,Monthly
5741,Bronze,114377.8,2,57188.9,Laptops,Dell,Weekly
5742,Silver,535399.66,4,133849.92,Mice,Logitech,Weekly
5743,Silver,90869.64,5,18173.93,Tablets,iPad,Monthly
5744,Silver,281402.94,5,56280.59,Keyboards,Dell,Monthly
5745,Silver,236786.35,6,39464.39,Smartphones,Realme,Monthly
5746,Gold,817367.38,8,102170.92,Tablets,Samsung,Bi-weekly
5747,Bronze,49062.02,3,16354.01,Smartphones,Realme,Monthly
5748,Silver,89648.79,4,22412.2,Smartphones,Realme,Monthly
5749,Bronze,9228.25,1,9228.25,Monitors,LG,Monthly
5750,Bronze,234948.22,3,78316.07,Tablets,iPad,Quarterly
5751,Bronze,396523.6,2,198261.8,Printers,Canon,Weekly
5752,Silver,40027.31,5,8005.46,Printers,Canon,Weekly
5753,Bronze,54775.07,2,27387.53,Tablets,iPad,Weekly
5754,Gold,119968.97,7,17138.42,Monitors,ASUS,Quarterly
5755,Gold,45620.66,7,6517.24,Printers,HP,Weekly
5756,Silver,9433.65,5,1886.73,Smartphones,Xiaomi,Monthly
5757,Bronze,113149.84,3,37716.61,Monitors,MSI,Monthly
5758,Silver,335.04,5,67.01,Keyboards,Corsair,Bi-weekly
5759,Silver,162751.09,5,32550.22,Keyboards,Logitech,Monthly
5760,Silver,88797.5,6,14799.58,Mice,Dell,Bi-weekly
5761,Gold,125142.38,7,17877.48,Keyboards,Logitech,Bi-weekly
5762,Silver,387567.11,4,96891.78,Laptops,Lenovo,Quarterly
5763,Gold,82796.52,9,9199.61,Monitors,ASUS,Quarterly
5764,Bronze,85066.36,1,85066.36,Laptops,Dell,Weekly
5765,Gold,444238.94,10,44423.89,Monitors,LG,Monthly
5766,Silver,179282.55,4,44820.64,Laptops,HP,Bi-weekly
5767,Silver,2640.51,4,660.13,Mice,Corsair,Bi-weekly
5768,Silver,14936.82,5,2987.36,Mice,Corsair,Monthly
5769,Gold,192829.02,7,27547.0,Mice,Dell,Quarterly
5770,Bronze,56310.67,2,28155.34,Mice,Dell,Bi-weekly
5771,Silver,53786.36,6,8964.39,Laptops,Lenovo,Bi-weekly
5772,Silver,65811.77,6,10968.63,Keyboards,Dell,Quarterly
5773,Silver,129512.79,6,21585.47,Tablets,Samsung,Monthly
5774,Silver,273995.9,5,54799.18,Mice,Logitech,Bi-weekly
5775,Silver,272818.2,6,45469.7,Printers,HP,Quarterly
5776,Silver,136443.02,5,27288.6,Laptops,Lenovo,Weekly
5777,Gold,436415.21,7,62345.03,Keyboards,Corsair,Monthly
5778,Bronze,43395.78,3,14465.26,Tablets,iPad,Weekly
5779,Silver,51939.95,6,8656.66,Laptops,MacBook,Bi-weekly
5780,Gold,24962.01,9,2773.56,Laptops,Dell,Bi-weekly
5781,Gold,63850.95,7,9121.56,Printers,Canon,Monthly
5782,Bronze,115016.99,1,115016.99,Mice,Dell,Bi-weekly
5783,Silver,734295.44,6,122382.57,Laptops,HP,Weekly
5784,Silver,70839.52,5,14167.9,Monitors,LG,Weekly
5785,Gold,24774.14,7,3539.16,Smartphones,OnePlus,Weekly
5786,Silver,80242.28,4,20060.57,Smartphones,Realme,Quarterly
5787,Gold,296455.46,7,42350.78,Tablets,Samsung,Weekly
5788,Silver,259828.82,4,64957.2,Tablets,iPad,Quarterly
5789,Silver,126512.31,4,31628.08,Laptops,HP,Monthly
5790,Silver,260843.86,5,52168.77,Smartphones,iPhone,Bi-weekly
5791,Gold,153735.82,9,17081.76,Keyboards,Logitech,Monthly
5792,Silver,322288.1,6,53714.68,Monitors,MSI,Quarterly
5793,Bronze,48902.82,2,24451.41,Laptops,MacBook,Monthly
5794,Gold,77637.76,7,11091.11,Mice,Corsair,Weekly
5795,Gold,107494.24,8,13436.78,Smartphones,Poco,Quarterly
5796,Silver,442556.71,5,88511.34,Smartphones,Poco,Bi-weekly
5797,Silver,6356.22,4,1589.06,Keyboards,Razer,Bi-weekly
5798,Bronze,66687.39,3,22229.13,Printers,HP,Monthly
5799,Silver,33785.22,6,5630.87,Keyboards,Dell,Bi-weekly
5800,Silver,48476.93,6,8079.49,Monitors,MSI,Weekly
5801,Silver,42150.08,5,8430.02,Laptops,Dell,Bi-weekly
5802,Silver,73644.63,6,12274.1,Keyboards,Logitech,Bi-weekly
5803,Silver,384483.08,4,96120.77,Mice,Logitech,Bi-weekly
5804,Silver,12313.68,4,3078.42,Printers,Canon,Bi-weekly
5805,Bronze,574396.51,3,191465.5,Monitors,BenQ,Bi-weekly
5806,Bronze,271101.11,2,135550.55,Monitors,BenQ,Weekly
5807,Bronze,77593.95,2,38796.97,Mice,Dell,Monthly
5808,Silver,810461.19,5,162092.24,Laptops,Lenovo,Quarterly
5809,Bronze,99486.65,2,49743.32,Mice,Corsair,Quarterly
5810,Silver,30811.73,4,7702.93,Mice,Corsair,Weekly
5811,Silver,60585.38,5,12117.08,Mice,Dell,Monthly
5812,Bronze,1979.42,1,1979.42,Printers,HP,Monthly
5813,Silver,86097.91,4,21524.48,Smartphones,Xiaomi,Bi-weekly
5814,Silver,399699.98,4,99924.99,Monitors,ASUS,Weekly
5815,Silver,513730.17,5,102746.03,Laptops,Dell,Weekly
5816,Silver,45815.83,6,7635.97,Printers,Canon,Bi-weekly
5817,Silver,660889.51,6,110148.25,Tablets,iPad,Quarterly
5818,Silver,216455.3,6,36075.88,Smartphones,Poco,Bi-weekly
5819,Bronze,384459.59,3,128153.2,Laptops,HP,Weekly
5820,Gold,264158.77,7,37736.97,Tablets,iPad,Bi-weekly
5821,Silver,50767.12,5,10153.42,Monitors,Dell,Quarterly
5822,Silver,485929.63,4,121482.41,Smartphones,Samsung,Monthly
5823,Silver,93400.85,4,23350.21,Monitors,LG,Quarterly
5824,Silver,127003.25,6,21167.21,Smartphones,iPhone,Quarterly
5825,Gold,349692.19,7,49956.03,Monitors,LG,Bi-weekly
5826,Bronze,31291.0,3,10430.33,Keyboards,Corsair,Quarterly
5827,Gold,628418.31,9,69824.26,Smartphones,Poco,Bi-weekly
5828,Silver,65641.82,5,13128.36,Smartphones,Realme,Bi-weekly
5829,Silver,145279.01,6,24213.17,Laptops,Lenovo,Monthly
5830,Silver,8529.86,4,2132.46,Printers,Canon,Bi-weekly
5831,Silver,99566.82,4,24891.7,Keyboards,Logitech,Weekly
5832,Silver,21970.96,5,4394.19,Monitors,MSI,Bi-weekly
5833,Bronze,310842.08,2,155421.04,Monitors,LG,Quarterly
5834,Silver,584325.05,6,97387.51,Keyboards,Razer,Weekly
5835,Bronze,102010.6,3,34003.53,Printers,HP,Bi-weekly
5836,Bronze,71315.93,3,23771.98,Laptops,Dell,Weekly
5837,Gold,157237.44,9,17470.83,Keyboards,Logitech,Quarterly
5838,Bronze,7005.16,3,2335.05,Tablets,Samsung,Quarterly
5839,Silver,62966.22,6,10494.37,Smartphones,Poco,Bi-weekly
5840,Silver,21150.5,5,4230.1,Tablets,Samsung,Weekly
5841,Bronze,106928.79,1,106928.79,Tablets,iPad,Monthly
5842,Bronze,218211.35,2,109105.67,Tablets,Samsung,Weekly
5843,Bronze,76780.27,1,76780.27,Tablets,iPad,Quarterly
5844,Silver,13472.85,6,2245.48,Mice,Corsair,Bi-weekly
5845,Gold,56522.93,10,5652.29,Monitors,Dell,Bi-weekly
5846,Silver,752867.3,6,125477.88,Printers,Canon,Weekly
5847,Silver,64461.1,4,16115.28,Smartphones,Realme,Quarterly
5848,Bronze,47455.93,3,15818.64,Keyboards,Corsair,Monthly
5849,Silver,272104.78,6,45350.8,Keyboards,Dell,Monthly
5850,Bronze,13172.66,1,13172.66,Laptops,Dell,Quarterly
5851,Silver,671873.37,5,134374.67,Monitors,ASUS,Weekly
5852,Gold,21730.24,7,3104.32,Tablets,Samsung,Quarterly
5853,Silver,574152.0,5,114830.4,Keyboards,Dell,Weekly
5854,Bronze,25895.45,2,12947.72,Printers,HP,Bi-weekly
5855,Silver,37017.7,5,7403.54,Monitors,ASUS,Monthly
5856,Bronze,2644.75,3,881.58,Laptops,MacBook,Monthly
5857,Silver,77793.1,5,15558.62,Laptops,Lenovo,Monthly
5858,Bronze,22358.75,1,22358.75,Tablets,Samsung,Monthly
5859,Silver,263925.88,5,52785.18,Keyboards,Logitech,Monthly
5860,Silver,21964.87,5,4392.97,Keyboards,Dell,Monthly
5861,Bronze,40226.68,2,20113.34,Mice,Dell,Weekly
5862,Silver,30399.79,4,7599.95,Mice,Corsair,Quarterly
5863,Bronze,269659.11,3,89886.37,Tablets,Samsung,Quarterly
5864,Silver,106197.09,6,17699.52,Mice,Corsair,Quarterly
5865,Silver,515968.85,5,103193.77,Laptops,HP,Monthly
5866,Silver,21628.89,6,3604.82,Smartphones,iPhone,Bi-weekly
5867,Silver,125246.88,6,20874.48,Monitors,ASUS,Monthly
5868,Silver,17746.85,6,2957.81,Tablets,iPad,Monthly
5869,Bronze,109959.84,3,36653.28,Monitors,BenQ,Weekly
5870,Silver,491910.89,6,81985.15,Tablets,iPad,Bi-weekly
5871,Silver,205970.97,5,41194.19,Monitors,Dell,Weekly
5872,Silver,69648.17,5,13929.63,Keyboards,Razer,Quarterly
5873,Silver,150431.79,4,37607.95,Mice,Dell,Quarterly
5874,Silver,547912.9,5,109582.58,Printers,HP,Bi-weekly
5875,Gold,361737.09,9,40193.01,Tablets,iPad,Bi-weekly
5876,Bronze,13482.22,3,4494.07,Monitors,Dell,Quarterly
5877,Bronze,25736.3,2,12868.15,Smartphones,Xiaomi,Bi-weekly
5878,Bronze,17683.68,1,17683.68,Smartphones,Xiaomi,Quarterly
5879,Bronze,145480.75,3,48493.58,Mice,Logitech,Quarterly
5880,Gold,98638.62,7,14091.23,Tablets,iPad,Bi-weekly
5881,Silver,101322.64,6,16887.11,Keyboards,Dell,Monthly
5882,Bronze,33393.42,1,33393.42,Tablets,iPad,Bi-weekly
5883,Bronze,252584.6,3,84194.87,Tablets,iPad,Quarterly
5884,Silver,15605.78,5,3121.16,Keyboards,Dell,Quarterly
5885,Silver,433852.83,4,108463.21,Mice,Dell,Bi-weekly
5886,Bronze,21151.99,1,21151.99,Printers,Canon,Monthly
5887,Silver,104145.48,4,26036.37,Mice,Logitech,Weekly
5888,Silver,119148.39,6,19858.07,Tablets,Samsung,Quarterly
5889,Gold,565694.44,7,80813.49,Keyboards,Razer,Quarterly
5890,Bronze,25389.83,2,12694.92,Printers,HP,Bi-weekly
5891,Silver,313061.84,5,62612.37,Laptops,Dell,Quarterly
5892,Bronze,78643.14,3,26214.38,Monitors,ASUS,Weekly
5893,Bronze,153534.03,3,51178.01,Smartphones,Samsung,Bi-weekly
5894,Bronze,2596.08,1,2596.08,Printers,HP,Bi-weekly
5895,Bronze,106760.66,3,35586.89,Tablets,iPad,Weekly
5896,Silver,183088.41,4,45772.1,Printers,Canon,Quarterly
5897,Bronze,33509.23,3,11169.74,Tablets,iPad,Monthly
5898,Bronze,25378.15,1,25378.15,Tablets,iPad,Weekly
5899,Bronze,20563.77,2,10281.89,Monitors,ASUS,Monthly
5900,Gold,90305.0,7,12900.71,Monitors,MSI,Weekly
5901,Bronze,132039.7,3,44013.23,Monitors,LG,Monthly
5902,Bronze,41409.81,3,13803.27,Printers,HP,Quarterly
5903,Gold,67675.85,8,8459.48,Monitors,MSI,Bi-weekly
5904,Silver,45109.85,6,7518.31,Smartphones,Samsung,Weekly
5905,Silver,71728.91,6,11954.82,Printers,Canon,Monthly
5906,Silver,185021.16,5,37004.23,Smartphones,Poco,Monthly
5907,Gold,1195976.2,7,170853.74,Smartphones,OnePlus,Bi-weekly
5908,Bronze,88270.02,3,29423.34,Smartphones,Samsung,Bi-weekly
5909,Silver,28752.98,4,7188.24,Monitors,BenQ,Quarterly
5910,Gold,498359.84,7,71194.26,Keyboards,Razer,Weekly
5911,Silver,43644.72,5,8728.94,Monitors,ASUS,Monthly
5912,Bronze,141235.52,3,47078.51,Tablets,Samsung,Bi-weekly
5913,Silver,20528.07,4,5132.02,Mice,Logitech,Quarterly
5914,Silver,205006.72,4,51251.68,Printers,Canon,Monthly
5915,Silver,119464.06,6,19910.68,Mice,Dell,Monthly
5916,Bronze,45342.9,3,15114.3,Tablets,Samsung,Bi-weekly
5917,Gold,46081.0,8,5760.13,Smartphones,OnePlus,Monthly
5918,Silver,110629.07,5,22125.81,Tablets,Samsung,Weekly
5919,Bronze,84517.84,3,28172.61,Monitors,ASUS,Monthly
5920,Silver,124452.99,4,31113.25,Laptops,MacBook,Monthly
5921,Silver,53026.24,5,10605.25,Laptops,HP,Monthly
5922,Gold,287857.32,8,35982.16,Tablets,Samsung,Bi-weekly
5923,Silver,132042.2,6,22007.03,Mice,Dell,Bi-weekly
5924,Gold,201528.0,7,28789.71,Monitors,ASUS,Monthly
5925,Silver,102484.95,4,25621.24,Smartphones,Realme,Bi-weekly
5926,Bronze,87565.01,1,87565.01,Printers,Canon,Quarterly
5927,Bronze,5693.0,3,1897.67,Mice,Dell,Weekly
5928,Gold,2502403.09,8,312800.39,Printers,Canon,Weekly
5929,Bronze,87873.65,1,87873.65,Monitors,Dell,Monthly
5930,Silver,55075.61,5,11015.12,Monitors,BenQ,Monthly
5931,Silver,50230.51,4,12557.63,Printers,HP,Bi-weekly
5932,Bronze,436034.05,3,145344.68,Mice,Logitech,Weekly
5933,Silver,84011.66,4,21002.92,Printers,HP,Bi-weekly
5934,Silver,41226.82,4,10306.7,Laptops,Dell,Quarterly
5935,Gold,235908.12,8,29488.51,Monitors,LG,Weekly
5936,Silver,617526.8,6,102921.13,Tablets,Samsung,Quarterly
5937,Silver,508554.79,4,127138.7,Printers,Canon,Weekly
5938,Silver,144993.6,4,36248.4,Keyboards,Logitech,Monthly
5939,Silver,26496.04,6,4416.01,Mice,Corsair,Weekly
5940,Gold,349967.78,7,49995.4,Printers,Canon,Bi-weekly
5941,Bronze,51871.2,2,25935.6,Mice,Logitech,Bi-weekly
5942,Bronze,168632.89,3,56210.96,Tablets,iPad,Quarterly
5943,Silver,104011.45,5,20802.29,Monitors,MSI,Monthly
5944,Silver,264262.75,6,44043.79,Laptops,Dell,Bi-weekly
5945,Silver,165134.66,4,41283.67,Monitors,Dell,Quarterly
5946,Silver,44869.11,6,7478.18,Smartphones,Samsung,Weekly
5947,Bronze,11218.17,1,11218.17,Printers,HP,Bi-weekly
5948,Silver,11461.76,6,1910.29,Laptops,Lenovo,Bi-weekly
5949,Bronze,89143.46,3,29714.49,Tablets,iPad,Bi-weekly
5950,Silver,143181.59,4,35795.4,Mice,Corsair,Quarterly
5951,Gold,38262.49,7,5466.07,Laptops,HP,Quarterly
5952,Bronze,57801.96,3,19267.32,Printers,HP,Weekly
5953,Bronze,90688.36,3,30229.45,Monitors,Dell,Quarterly
5954,Bronze,72077.71,2,36038.86,Monitors,Dell,Weekly
5955,Gold,584813.52,8,73101.69,Smartphones,Xiaomi,Bi-weekly
5956,Bronze,290612.03,3,96870.68,Keyboards,Razer,Bi-weekly
5957,Silver,95383.17,6,15897.19,Keyboards,Razer,Monthly
5958,Bronze,35150.33,1,35150.33,Laptops,Dell,Monthly
5959,Silver,125993.7,4,31498.42,Smartphones,Xiaomi,Monthly
5960,Silver,335689.17,6,55948.2,Tablets,Samsung,Bi-weekly
5961,Silver,111713.25,4,27928.31,Laptops,HP,Quarterly
5962,Silver,77060.29,5,15412.06,Smartphones,Xiaomi,Monthly
5963,Gold,435277.61,7,62182.52,Tablets,Samsung,Quarterly
5964,Silver,525530.6,5,105106.12,Printers,Canon,Bi-weekly
5965,Silver,169614.39,4,42403.6,Smartphones,Poco,Monthly
5966,Bronze,106022.91,2,53011.45,Printers,Canon,Weekly
5967,Silver,148369.67,4,37092.42,Mice,Logitech,Weekly
5968,Silver,146156.64,6,24359.44,Tablets,iPad,Quarterly
5969,Bronze,36093.3,2,18046.65,Keyboards,Logitech,Bi-weekly
5970,Bronze,177174.3,2,88587.15,Tablets,iPad,Monthly
5971,Silver,528841.23,5,105768.25,Printers,HP,Weekly
5972,Bronze,172837.72,3,57612.57,Smartphones,Xiaomi,Weekly
5973,Silver,134525.83,5,26905.17,Mice,Logitech,Quarterly
5974,Gold,112445.82,8,14055.73,Smartphones,iPhone,Quarterly
5975,Bronze,77051.02,2,38525.51,Tablets,Samsung,Monthly
5976,Gold,373864.05,7,53409.15,Mice,Logitech,Monthly
5977,Bronze,9970.46,1,9970.46,Tablets,iPad,Monthly
5978,Silver,30464.3,4,7616.08,Monitors,LG,Quarterly
5979,Silver,800180.97,6,133363.5,Smartphones,iPhone,Quarterly
5980,Silver,146313.95,6,24385.66,Monitors,MSI,Quarterly
5981,Gold,390804.39,10,39080.44,Laptops,MacBook,Monthly
5982,Gold,350339.4,7,50048.49,Laptops,HP,Monthly
5983,Silver,188226.54,5,37645.31,Mice,Corsair,Quarterly
5984,Silver,103445.78,5,20689.16,Mice,Logitech,Monthly
5985,Silver,29082.15,4,7270.54,Monitors,ASUS,Bi-weekly
5986,Silver,258136.78,6,43022.8,Mice,Corsair,Quarterly
5987,Gold,456609.29,9,50734.37,Printers,HP,Bi-weekly
5988,Silver,358083.38,5,71616.68,Laptops,Lenovo,Weekly
5989,Bronze,357879.86,3,119293.29,Smartphones,Poco,Monthly
5990,Silver,439003.13,5,87800.63,Tablets,Samsung,Bi-weekly
5991,Bronze,22152.81,1,22152.81,Printers,Canon,Monthly
5992,Bronze,538530.26,3,179510.09,Monitors,LG,Monthly
5993,Gold,181446.13,8,22680.77,Keyboards,Corsair,Weekly
5994,Bronze,375332.3,3,125110.77,Mice,Corsair,Monthly
5995,Bronze,8435.23,1,8435.23,Monitors,Dell,Weekly
5996,Bronze,129016.85,3,43005.62,Monitors,Dell,Weekly
5997,Silver,81600.49,4,20400.12,Mice,Corsair,Monthly
5998,Gold,518562.72,7,74080.39,Keyboards,Razer,Weekly
5999,Silver,230068.06,6,38344.68,Keyboards,Corsair,Bi-weekly
6000,Bronze,70102.04,3,23367.35,Monitors,MSI,Bi-weekly
6001,Silver,91065.97,5,18213.19,Mice,Logitech,Bi-weekly
6002,Silver,567619.28,6,94603.21,Tablets,Samsung,Weekly
6003,Silver,191672.24,5,38334.45,Mice,Corsair,Monthly
6004,Silver,337933.09,6,56322.18,Smartphones,Xiaomi,Bi-weekly
6005,Bronze,115410.98,3,38470.33,Laptops,Lenovo,Weekly
6006,Bronze,22041.79,3,7347.26,Mice,Logitech,Bi-weekly
6007,Gold,65190.84,8,8148.85,Keyboards,Corsair,Weekly
6008,Silver,6485.06,4,1621.26,Printers,Canon,Monthly
6009,Gold,528984.13,8,66123.02,Printers,HP,Weekly
6010,Gold,725440.13,7,103634.3,Keyboards,Corsair,Monthly
6011,Silver,172355.35,4,43088.84,Monitors,LG,Monthly
6012,Silver,241985.14,4,60496.28,Smartphones,Samsung,Weekly
6013,Bronze,156322.63,3,52107.54,Mice,Logitech,Quarterly
6014,Silver,85877.93,5,17175.59,Laptops,Lenovo,Quarterly
6015,Silver,204560.11,5,40912.02,Keyboards,Logitech,Weekly
6016,Bronze,56459.84,3,18819.95,Monitors,Dell,Monthly
6017,Gold,108991.33,9,12110.15,Tablets,Samsung,Monthly
6018,Silver,44021.07,6,7336.85,Mice,Dell,Monthly
6019,Silver,608948.37,5,121789.67,Mice,Corsair,Weekly
6020,Silver,168894.94,4,42223.74,Printers,HP,Weekly
6021,Silver,135488.98,5,27097.8,Laptops,Dell,Monthly
6022,Bronze,109553.28,3,36517.76,Mice,Corsair,Weekly
6023,Gold,155886.61,7,22269.52,Laptops,MacBook,Weekly
6024,Silver,216721.21,5,43344.24,Monitors,Dell,Weekly
6025,Gold,230450.15,9,25605.57,Keyboards,Dell,Weekly
6026,Silver,147534.39,6,24589.06,Smartphones,Samsung,Weekly
6027,Silver,151520.49,6,25253.41,Smartphones,Xiaomi,Bi-weekly
6028,Silver,111951.79,5,22390.36,Printers,Canon,Bi-weekly
6029,Silver,887610.39,6,147935.07,Keyboards,Corsair,Weekly
6030,Bronze,34834.17,1,34834.17,Mice,Logitech,Bi-weekly
6031,Gold,174457.97,7,24922.57,Keyboards,Corsair,Quarterly
6032,Bronze,6563.6,2,3281.8,Monitors,Dell,Monthly
6033,Silver,78975.95,6,13162.66,Printers,HP,Monthly
6034,Silver,30609.43,5,6121.89,Tablets,iPad,Bi-weekly
6035,Gold,40659.18,8,5082.4,Tablets,Samsung,Weekly
6036,Bronze,126557.47,2,63278.74,Laptops,Lenovo,Bi-weekly
6037,Bronze,177350.04,3,59116.68,Mice,Dell,Quarterly
6038,Silver,612231.98,6,102038.66,Tablets,iPad,Bi-weekly
6039,Gold,606262.3,7,86608.9,Smartphones,iPhone,Bi-weekly
6040,Bronze,18840.17,2,9420.09,Smartphones,Poco,Monthly
6041,Gold,289003.71,7,41286.24,Mice,Logitech,Monthly
6042,Bronze,21902.0,2,10951.0,Smartphones,iPhone,Monthly
6043,Bronze,8295.78,3,2765.26,Smartphones,OnePlus,Bi-weekly
6044,Silver,412916.39,6,68819.4,Mice,Corsair,Bi-weekly
6045,Gold,283464.87,8,35433.11,Keyboards,Dell,Weekly
6046,Gold,70203.87,7,10029.12,Mice,Dell,Quarterly
6047,Silver,42847.49,4,10711.87,Smartphones,OnePlus,Bi-weekly
6048,Silver,54670.32,5,10934.06,Keyboards,Corsair,Quarterly
6049,Silver,137721.78,5,27544.36,Keyboards,Logitech,Bi-weekly
6050,Silver,16198.66,5,3239.73,Laptops,HP,Weekly
6051,Gold,39291.74,7,5613.11,Tablets,Samsung,Weekly
6052,Gold,79244.58,7,11320.65,Smartphones,Poco,Quarterly
6053,Bronze,36238.63,1,36238.63,Tablets,Samsung,Quarterly
6054,Silver,518101.68,6,86350.28,Tablets,iPad,Monthly
6055,Gold,622492.93,7,88927.56,Smartphones,Realme,Weekly
6056,Silver,160146.69,5,32029.34,Laptops,Lenovo,Bi-weekly
6057,Bronze,41091.18,2,20545.59,Laptops,Dell,Monthly
6058,Silver,70124.86,5,14024.97,Mice,Corsair,Quarterly
6059,Silver,14016.77,5,2803.35,Laptops,MacBook,Weekly
6060,Bronze,77188.8,1,77188.8,Smartphones,Realme,Monthly
6061,Silver,291856.89,6,48642.82,Laptops,MacBook,Quarterly
6062,Bronze,235768.64,3,78589.55,Laptops,MacBook,Weekly
6063,Bronze,137634.85,3,45878.28,Mice,Dell,Bi-weekly
6064,Silver,195160.75,5,39032.15,Monitors,BenQ,Bi-weekly
6065,Silver,57.82,6,9.64,Monitors,BenQ,Quarterly
6066,Gold,464769.37,8,58096.17,Smartphones,OnePlus,Weekly
6067,Bronze,48228.76,2,24114.38,Keyboards,Logitech,Bi-weekly
6068,Silver,48181.96,5,9636.39,Tablets,iPad,Weekly
6069,Gold,166435.52,10,16643.55,Smartphones,OnePlus,Quarterly
6070,Silver,179084.43,5,35816.89,Keyboards,Dell,Bi-weekly
6071,Bronze,157911.52,3,52637.17,Laptops,Lenovo,Weekly
6072,Silver,506060.53,6,84343.42,Mice,Corsair,Monthly
6073,Bronze,5985.52,3,1995.17,Printers,Canon,Bi-weekly
6074,Silver,270977.05,5,54195.41,Keyboards,Dell,Quarterly
6075,Silver,316920.78,4,79230.19,Printers,HP,Weekly
6076,Silver,53836.45,5,10767.29,Printers,HP,Monthly
6077,Silver,104572.92,4,26143.23,Smartphones,Samsung,Monthly
6078,Silver,580580.51,6,96763.42,Printers,HP,Bi-weekly
6079,Bronze,49611.4,3,16537.13,Printers,Canon,Weekly
6080,Silver,58968.84,4,14742.21,Printers,HP,Bi-weekly
6081,Bronze,120223.27,3,40074.42,Laptops,Lenovo,Quarterly
6082,Gold,46288.44,7,6612.63,Mice,Corsair,Monthly
6083,Silver,618432.22,6,103072.04,Monitors,LG,Quarterly
6084,Silver,335813.96,5,67162.79,Smartphones,Xiaomi,Quarterly
6085,Gold,297258.17,8,37157.27,Laptops,MacBook,Monthly
6086,Bronze,19558.62,2,9779.31,Smartphones,Poco,Bi-weekly
6087,Silver,71412.1,5,14282.42,Mice,Corsair,Bi-weekly
6088,Bronze,112274.33,2,56137.16,Printers,HP,Weekly
6089,Silver,60607.5,4,15151.88,Monitors,LG,Weekly
6090,Silver,46349.65,4,11587.41,Printers,Canon,Quarterly
6091,Bronze,21579.87,1,21579.87,Monitors,BenQ,Weekly
6092,Bronze,84334.7,3,28111.57,Monitors,ASUS,Bi-weekly
6093,Silver,715997.88,6,119332.98,Smartphones,iPhone,Bi-weekly
6094,Silver,390592.79,6,65098.8,Mice,Corsair,Monthly
6095,Silver,354553.51,5,70910.7,Smartphones,Realme,Monthly
6096,Bronze,1172.06,1,1172.06,Monitors,BenQ,Quarterly
6097,Silver,547630.84,4,136907.71,Printers,HP,Monthly
6098,Silver,621609.0,6,103601.5,Mice,Corsair,Weekly
6099,Silver,196034.26,6,32672.38,Laptops,MacBook,Monthly
6100,Silver,479809.92,6,79968.32,Tablets,Samsung,Bi-weekly
6101,Gold,871475.31,7,124496.47,Mice,Corsair,Quarterly
6102,Silver,14926.09,6,2487.68,Laptops,Dell,Weekly
6103,Silver,959789.54,6,159964.92,Printers,HP,Quarterly
6104,Silver,210029.02,5,42005.8,Tablets,Samsung,Monthly
6105,Silver,212641.48,5,42528.3,Monitors,LG,Weekly
6106,Silver,725776.12,4,181444.03,Laptops,Lenovo,Quarterly
6107,Gold,48455.01,7,6922.14,Keyboards,Corsair,Bi-weekly
6108,Bronze,284774.74,3,94924.91,Keyboards,Corsair,Monthly
6109,Gold,768486.06,7,109783.72,Keyboards,Razer,Bi-weekly
6110,Silver,73456.37,6,12242.73,Laptops,Lenovo,Weekly
6111,Bronze,33867.18,2,16933.59,Keyboards,Dell,Bi-weekly
6112,Silver,194696.51,6,32449.42,Printers,Canon,Monthly
6113,Gold,516000.46,7,73714.35,Keyboards,Logitech,Bi-weekly
6114,Gold,295690.9,7,42241.56,Keyboards,Logitech,Weekly
6115,Silver,90516.98,5,18103.4,Laptops,Dell,Weekly
6116,Silver,125353.79,4,31338.45,Printers,HP,Monthly
6117,Silver,273797.22,5,54759.44,Keyboards,Razer,Monthly
6118,Silver,49704.59,4,12426.15,Monitors,ASUS,Monthly
6119,Silver,238925.18,5,47785.04,Keyboards,Dell,Quarterly
6120,Bronze,74575.05,3,24858.35,Keyboards,Razer,Quarterly
6121,Silver,43805.94,5,8761.19,Printers,Canon,Weekly
6122,Bronze,26770.08,2,13385.04,Monitors,LG,Monthly
6123,Gold,2114.46,9,234.94,Mice,Corsair,Quarterly
6124,Bronze,9193.21,3,3064.4,Smartphones,Poco,Monthly
6125,Silver,23158.91,4,5789.73,Keyboards,Logitech,Bi-weekly
6126,Silver,97996.4,5,19599.28,Tablets,Samsung,Quarterly
6127,Silver,49080.79,5,9816.16,Tablets,iPad,Bi-weekly
6128,Bronze,45988.6,2,22994.3,Printers,Canon,Weekly
6129,Silver,12062.93,5,2412.59,Tablets,Samsung,Bi-weekly
6130,Gold,115674.89,8,14459.36,Printers,Canon,Weekly
6131,Silver,142917.86,4,35729.46,Printers,HP,Weekly
6132,Silver,167901.04,5,33580.21,Printers,Canon,Monthly
6133,Bronze,144942.58,2,72471.29,Keyboards,Dell,Weekly
6134,Gold,1372582.95,7,196083.28,Smartphones,OnePlus,Weekly
6135,Silver,156713.76,4,39178.44,Tablets,iPad,Bi-weekly
6136,Silver,94313.31,4,23578.33,Smartphones,Samsung,Monthly
6137,Silver,109716.81,4,27429.2,Laptops,Lenovo,Monthly
6138,Bronze,93638.59,2,46819.3,Printers,Canon,Quarterly
6139,Silver,20844.58,4,5211.15,Keyboards,Corsair,Bi-weekly
6140,Gold,248030.66,7,35432.95,Keyboards,Logitech,Monthly
6141,Silver,29803.27,4,7450.82,Mice,Dell,Monthly
6142,Bronze,22587.47,3,7529.16,Tablets,Samsung,Weekly
6143,Silver,513836.72,6,85639.45,Mice,Corsair,Monthly
6144,Silver,903732.04,5,180746.41,Smartphones,Samsung,Monthly
6145,Gold,210500.71,7,30071.53,Mice,Corsair,Monthly
6146,Bronze,49591.74,2,24795.87,Smartphones,Poco,Monthly
6147,Bronze,200088.0,3,66696.0,Keyboards,Dell,Quarterly
6148,Silver,4528.77,5,905.75,Laptops,Lenovo,Bi-weekly
6149,Gold,23276.8,7,3325.26,Printers,Canon,Bi-weekly
6150,Silver,13528.03,5,2705.61,Smartphones,OnePlus,Monthly
6151,Silver,293611.81,6,48935.3,Smartphones,Samsung,Monthly
6152,Silver,77653.97,5,15530.79,Mice,Logitech,Weekly
6153,Silver,125411.46,5,25082.29,Smartphones,OnePlus,Bi-weekly
6154,Silver,95563.39,6,15927.23,Mice,Dell,Quarterly
6155,Gold,604380.78,7,86340.11,Monitors,MSI,Monthly
6156,Bronze,8745.55,2,4372.77,Laptops,Dell,Monthly
6157,Silver,756650.29,5,151330.06,Keyboards,Razer,Quarterly
6158,Bronze,31692.89,3,10564.3,Printers,Canon,Bi-weekly
6159,Bronze,235122.52,3,78374.17,Printers,Canon,Quarterly
6160,Bronze,43767.39,3,14589.13,Printers,HP,Quarterly
6161,Bronze,49184.47,3,16394.82,Tablets,Samsung,Monthly
6162,Bronze,53075.35,3,17691.78,Laptops,Lenovo,Monthly
6163,Silver,318179.6,6,53029.93,Laptops,MacBook,Weekly
6164,Bronze,154955.11,3,51651.7,Laptops,Dell,Weekly
6165,Silver,96805.55,5,19361.11,Keyboards,Razer,Monthly
6166,Gold,126585.55,8,15823.19,Keyboards,Corsair,Bi-weekly
6167,Silver,142258.86,4,35564.72,Mice,Dell,Monthly
6168,Bronze,106645.28,2,53322.64,Laptops,Dell,Weekly
6169,Gold,518485.37,7,74069.34,Laptops,MacBook,Bi-weekly
6170,Silver,43256.85,4,10814.21,Laptops,Dell,Bi-weekly
6171,Silver,108442.63,5,21688.53,Laptops,Lenovo,Quarterly
6172,Bronze,217508.54,3,72502.85,Printers,Canon,Quarterly
6173,Gold,610689.65,7,87241.38,Printers,HP,Monthly
6174,Gold,144981.07,7,20711.58,Printers,Canon,Quarterly
6175,Bronze,240614.82,3,80204.94,Monitors,LG,Monthly
6176,Silver,163614.27,5,32722.85,Tablets,iPad,Quarterly
6177,Silver,270374.38,5,54074.88,Laptops,Dell,Weekly
6178,Silver,293925.59,6,48987.6,Monitors,ASUS,Bi-weekly
6179,Silver,147159.61,5,29431.92,Printers,HP,Weekly
6180,Silver,144121.02,4,36030.26,Tablets,iPad,Weekly
6181,Bronze,51627.02,2,25813.51,Printers,HP,Weekly
6182,Gold,26609.68,7,3801.38,Tablets,iPad,Monthly
6183,Bronze,124014.2,3,41338.07,Printers,HP,Monthly
6184,Gold,525120.69,7,75017.24,Laptops,Lenovo,Weekly
6185,Silver,71745.34,5,14349.07,Smartphones,Poco,Quarterly
6186,Silver,105144.05,5,21028.81,Smartphones,Xiaomi,Monthly
6187,Silver,649028.19,5,129805.64,Printers,HP,Weekly
6188,Silver,44424.51,6,7404.09,Laptops,Lenovo,Bi-weekly
6189,Silver,293539.43,4,73384.86,Smartphones,Xiaomi,Quarterly
6190,Bronze,150780.89,3,50260.3,Mice,Dell,Weekly
6191,Gold,53860.18,7,7694.31,Tablets,Samsung,Weekly
6192,Gold,592078.46,8,74009.81,Mice,Corsair,Monthly
6193,Bronze,68843.64,2,34421.82,Printers,HP,Bi-weekly
6194,Silver,269043.21,4,67260.8,Printers,Canon,Monthly
6195,Gold,113843.35,7,16263.34,Printers,Canon,Bi-weekly
6196,Silver,83792.77,6,13965.46,Laptops,MacBook,Monthly
6197,Gold,264480.49,7,37782.93,Printers,Canon,Monthly
6198,Silver,27384.33,5,5476.87,Mice,Corsair,Bi-weekly
6199,Silver,64087.61,4,16021.9,Tablets,iPad,Quarterly
6200,Silver,354995.25,4,88748.81,Mice,Corsair,Quarterly
6201,Gold,795583.37,7,113654.77,Laptops,HP,Bi-weekly
6202,Gold,479310.38,7,68472.91,Mice,Dell,Weekly
6203,Bronze,154497.14,3,51499.05,Laptops,MacBook,Weekly
6204,Silver,200338.98,6,33389.83,Smartphones,Realme,Bi-weekly
6205,Silver,127219.46,6,21203.24,Printers,HP,Weekly
6206,Silver,233976.83,4,58494.21,Keyboards,Razer,Quarterly
6207,Bronze,71918.31,2,35959.15,Printers,HP,Monthly
6208,Gold,58069.54,8,7258.69,Laptops,MacBook,Weekly
6209,Silver,71353.68,4,17838.42,Smartphones,Samsung,Bi-weekly
6210,Silver,42285.09,6,7047.52,Keyboards,Razer,Monthly
6211,Silver,104501.7,4,26125.42,Tablets,Samsung,Weekly
6212,Silver,160788.83,5,32157.77,Keyboards,Corsair,Monthly
6213,Bronze,148503.47,3,49501.16,Laptops,Lenovo,Weekly
6214,Silver,108562.82,6,18093.8,Smartphones,iPhone,Monthly
6215,Bronze,52321.25,1,52321.25,Laptops,Dell,Bi-weekly
6216,Gold,311291.74,7,44470.25,Keyboards,Dell,Monthly
6217,Bronze,150298.1,2,75149.05,Laptops,Lenovo,Bi-weekly
6218,Bronze,38607.98,3,12869.33,Smartphones,Samsung,Bi-weekly
6219,Silver,5836.96,4,1459.24,Mice,Corsair,Quarterly
6220,Bronze,299238.88,2,149619.44,Tablets,Samsung,Weekly
6221,Silver,168700.17,5,33740.03,Tablets,Samsung,Quarterly
6222,Bronze,54023.88,1,54023.88,Smartphones,OnePlus,Bi-weekly
6223,Silver,289493.61,6,48248.94,Mice,Corsair,Monthly
6224,Silver,264136.67,5,52827.33,Mice,Corsair,Quarterly
6225,Silver,294816.27,4,73704.07,Keyboards,Dell,Quarterly
6226,Silver,74259.15,5,14851.83,Laptops,Lenovo,Monthly
6227,Silver,485152.65,5,97030.53,Mice,Logitech,Bi-weekly
6228,Bronze,246366.64,3,82122.21,Tablets,Samsung,Quarterly
6229,Gold,581896.76,8,72737.1,Tablets,Samsung,Quarterly
6230,Silver,59265.98,4,14816.5,Tablets,Samsung,Bi-weekly
6231,Silver,8769.4,6,1461.57,Laptops,MacBook,Weekly
6232,Bronze,27108.56,2,13554.28,Laptops,HP,Quarterly
6233,Silver,25103.92,4,6275.98,Monitors,LG,Quarterly
6234,Silver,30717.02,5,6143.4,Keyboards,Dell,Monthly
6235,Silver,389190.44,4,97297.61,Monitors,ASUS,Bi-weekly
6236,Bronze,128775.12,3,42925.04,Mice,Dell,Bi-weekly
6237,Bronze,169712.35,3,56570.78,Tablets,iPad,Weekly
6238,Silver,286288.49,4,71572.12,Mice,Corsair,Monthly
6239,Bronze,161652.31,3,53884.1,Mice,Corsair,Bi-weekly
6240,Silver,393565.06,5,78713.01,Smartphones,OnePlus,Bi-weekly
6241,Bronze,31866.86,2,15933.43,Monitors,MSI,Bi-weekly
6242,Gold,39675.11,7,5667.87,Printers,Canon,Monthly
6243,Silver,35364.75,4,8841.19,Keyboards,Logitech,Weekly
6244,Bronze,137772.52,3,45924.17,Laptops,Lenovo,Bi-weekly
6245,Silver,166030.36,4,41507.59,Mice,Dell,Monthly
6246,Bronze,32812.68,2,16406.34,Laptops,Dell,Weekly
6247,Silver,113872.77,4,28468.19,Laptops,MacBook,Bi-weekly
6248,Silver,103546.33,6,17257.72,Mice,Logitech,Bi-weekly
6249,Silver,94066.54,6,15677.76,Mice,Corsair,Weekly
6250,Silver,253684.5,6,42280.75,Mice,Dell,Bi-weekly
6251,Silver,433210.57,4,108302.64,Mice,Logitech,Weekly
6252,Silver,719135.85,5,143827.17,Smartphones,Samsung,Weekly
6253,Silver,69058.25,6,11509.71,Mice,Dell,Bi-weekly
6254,Bronze,95126.29,3,31708.76,Keyboards,Logitech,Bi-weekly
6255,Silver,267651.75,6,44608.62,Mice,Logitech,Bi-weekly
6256,Silver,29881.76,5,5976.35,Keyboards,Dell,Bi-weekly
6257,Gold,322952.42,7,46136.06,Printers,HP,Quarterly
6258,Silver,331428.98,5,66285.8,Mice,Corsair,Weekly
6259,Silver,240909.66,4,60227.41,Monitors,BenQ,Bi-weekly
6260,Bronze,37496.96,3,12498.99,Keyboards,Corsair,Bi-weekly
6261,Silver,51700.22,5,10340.04,Mice,Dell,Bi-weekly
6262,Gold,11804.3,7,1686.33,Smartphones,Xiaomi,Weekly
6263,Silver,31391.85,5,6278.37,Keyboards,Corsair,Monthly
6264,Silver,29147.78,5,5829.56,Tablets,Samsung,Quarterly
6265,Bronze,598.67,3,199.56,Monitors,LG,Weekly
6266,Bronze,81157.7,3,27052.57,Mice,Corsair,Monthly
6267,Silver,40033.93,5,8006.79,Laptops,MacBook,Bi-weekly
6268,Silver,89485.36,5,17897.07,Keyboards,Logitech,Bi-weekly
6269,Gold,205599.7,12,17133.31,Keyboards,Razer,Weekly
6270,Gold,492063.89,7,70294.84,Printers,HP,Weekly
6271,Gold,733125.02,7,104732.15,Tablets,Samsung,Monthly
6272,Silver,209335.93,5,41867.19,Tablets,Samsung,Bi-weekly
6273,Bronze,49366.16,2,24683.08,Printers,Canon,Monthly
6274,Silver,131449.81,4,32862.45,Monitors,LG,Bi-weekly
6275,Bronze,7341.78,3,2447.26,Monitors,LG,Bi-weekly
6276,Silver,187721.81,4,46930.45,Printers,Canon,Monthly
6277,Silver,383690.82,6,63948.47,Tablets,iPad,Bi-weekly
6278,Silver,287133.49,5,57426.7,Smartphones,Realme,Quarterly
6279,Silver,117114.87,6,19519.14,Smartphones,Poco,Bi-weekly
6280,Silver,69591.48,5,13918.3,Keyboards,Corsair,Weekly
6281,Silver,399634.14,6,66605.69,Printers,Canon,Weekly
6282,Silver,209746.26,4,52436.57,Smartphones,Samsung,Weekly
6283,Bronze,227831.07,3,75943.69,Mice,Corsair,Weekly
6284,Silver,27305.56,4,6826.39,Tablets,Samsung,Monthly
6285,Silver,22512.13,6,3752.02,Mice,Logitech,Monthly
6286,Silver,123064.07,5,24612.81,Keyboards,Logitech,Bi-weekly
6287,Bronze,17159.9,2,8579.95,Keyboards,Razer,Bi-weekly
6288,Silver,27629.3,5,5525.86,Printers,Canon,Bi-weekly
6289,Bronze,64652.27,3,21550.76,Tablets,iPad,Weekly
6290,Silver,3470.23,4,867.56,Smartphones,Realme,Quarterly
6291,Gold,782013.34,8,97751.67,Printers,Canon,Quarterly
6292,Gold,416174.99,7,59453.57,Printers,Canon,Weekly
6293,Bronze,12154.09,1,12154.09,Tablets,iPad,Weekly
6294,Silver,28958.5,4,7239.63,Printers,HP,Monthly
6295,Silver,597222.2,5,119444.44,Laptops,HP,Weekly
6296,Silver,109166.13,5,21833.23,Printers,HP,Weekly
6297,Bronze,25790.93,3,8596.98,Laptops,Dell,Quarterly
6298,Silver,395903.34,5,79180.67,Laptops,Lenovo,Weekly
6299,Bronze,57204.05,3,19068.02,Mice,Logitech,Quarterly
6300,Gold,63559.55,8,7944.94,Printers,Canon,Monthly
6301,Gold,31103.76,8,3887.97,Smartphones,Poco,Quarterly
6302,Silver,57510.87,4,14377.72,Laptops,Dell,Quarterly
6303,Bronze,8812.01,2,4406.0,Monitors,ASUS,Quarterly
6304,Bronze,72801.49,3,24267.16,Keyboards,Corsair,Bi-weekly
6305,Silver,267913.17,5,53582.63,Mice,Logitech,Weekly
6306,Bronze,160022.27,3,53340.76,Smartphones,Samsung,Bi-weekly
6307,Silver,219215.47,4,54803.87,Laptops,Lenovo,Monthly
6308,Silver,230420.87,4,57605.22,Tablets,iPad,Monthly
6309,Bronze,9737.51,1,9737.51,Monitors,ASUS,Monthly
6310,Bronze,50909.71,2,25454.86,Mice,Logitech,Bi-weekly
6311,Gold,70632.76,7,10090.39,Smartphones,Poco,Quarterly
6312,Silver,15151.26,5,3030.25,Laptops,HP,Bi-weekly
6313,Gold,628772.22,8,78596.53,Keyboards,Razer,Bi-weekly
6314,Silver,7992.33,5,1598.47,Printers,Canon,Monthly
6315,Gold,715284.51,7,102183.5,Printers,HP,Bi-weekly
6316,Silver,147852.98,5,29570.6,Monitors,LG,Bi-weekly
6317,Gold,309100.86,8,38637.61,Laptops,Dell,Bi-weekly
6318,Silver,5713.85,5,1142.77,Tablets,Samsung,Bi-weekly
6319,Gold,334684.24,10,33468.42,Printers,HP,Monthly
6320,Bronze,60186.97,2,30093.48,Keyboards,Corsair,Quarterly
6321,Silver,229945.59,6,38324.26,Smartphones,iPhone,Monthly
6322,Silver,581146.04,5,116229.21,Laptops,Lenovo,Monthly
6323,Silver,104076.55,5,20815.31,Smartphones,Samsung,Monthly
6324,Silver,157039.18,5,31407.84,Laptops,HP,Quarterly
6325,Silver,280415.17,5,56083.03,Tablets,Samsung,Bi-weekly
6326,Bronze,18703.28,2,9351.64,Keyboards,Dell,Quarterly
6327,Gold,683497.8,7,97642.54,Mice,Dell,Monthly
6328,Silver,23292.06,5,4658.41,Tablets,iPad,Bi-weekly
6329,Silver,64070.04,4,16017.51,Printers,Canon,Monthly
6330,Silver,82739.82,4,20684.96,Tablets,Samsung,Weekly
6331,Gold,56703.27,7,8100.47,Keyboards,Razer,Bi-weekly
6332,Bronze,42129.26,2,21064.63,Printers,Canon,Weekly
6333,Silver,220068.73,4,55017.18,Laptops,Lenovo,Monthly
6334,Silver,448452.33,6,74742.06,Laptops,Lenovo,Monthly
6335,Bronze,281840.69,3,93946.9,Monitors,ASUS,Monthly
6336,Silver,155728.68,6,25954.78,Keyboards,Dell,Monthly
6337,Gold,211929.95,8,26491.24,Tablets,iPad,Bi-weekly
6338,Bronze,16167.51,2,8083.75,Laptops,Dell,Monthly
6339,Gold,398481.57,8,49810.2,Laptops,Dell,Monthly
6340,Bronze,70656.24,3,23552.08,Keyboards,Razer,Quarterly
6341,Bronze,21924.63,3,7308.21,Printers,HP,Bi-weekly
6342,Silver,372559.93,6,62093.32,Mice,Corsair,Bi-weekly
6343,Gold,112583.22,7,16083.32,Laptops,MacBook,Monthly
6344,Silver,34803.64,5,6960.73,Tablets,iPad,Monthly
6345,Silver,189335.21,6,31555.87,Tablets,iPad,Monthly
6346,Bronze,109386.1,3,36462.03,Tablets,Samsung,Weekly
6347,Silver,314139.28,6,52356.55,Monitors,BenQ,Bi-weekly
6348,Silver,114529.88,4,28632.47,Monitors,LG,Bi-weekly
6349,Silver,94725.75,6,15787.63,Tablets,Samsung,Monthly
6350,Bronze,18898.47,2,9449.24,Monitors,LG,Quarterly
6351,Bronze,100934.08,3,33644.69,Smartphones,Samsung,Weekly
6352,Silver,20812.73,4,5203.18,Smartphones,Xiaomi,Quarterly
6353,Silver,64089.94,5,12817.99,Smartphones,Realme,Monthly
6354,Bronze,389734.04,2,194867.02,Keyboards,Logitech,Monthly
6355,Silver,265240.72,5,53048.14,Printers,HP,Monthly
6356,Bronze,42279.88,3,14093.29,Smartphones,Realme,Bi-weekly
6357,Gold,526912.98,7,75273.28,Monitors,LG,Quarterly
6358,Bronze,13060.5,2,6530.25,Printers,Canon,Bi-weekly
6359,Gold,761254.0,7,108750.57,Monitors,Dell,Bi-weekly
6360,Gold,96051.5,7,13721.64,Smartphones,Samsung,Bi-weekly
6361,Silver,146438.07,4,36609.52,Printers,Canon,Quarterly
6362,Silver,71768.72,4,17942.18,Tablets,iPad,Monthly
6363,Silver,83737.14,5,16747.43,Monitors,BenQ,Weekly
6364,Silver,583762.22,4,145940.56,Monitors,MSI,Bi-weekly
6365,Bronze,4461.81,1,4461.81,Smartphones,OnePlus,Bi-weekly
6366,Bronze,4476.68,1,4476.68,Smartphones,Realme,Weekly
6367,Silver,141712.52,4,35428.13,Laptops,HP,Weekly
6368,Bronze,41867.88,1,41867.88,Tablets,Samsung,Bi-weekly
6369,Bronze,13205.1,3,4401.7,Laptops,Lenovo,Quarterly
6370,Silver,110717.18,6,18452.86,Tablets,Samsung,Bi-weekly
6371,Silver,51769.63,4,12942.41,Monitors,LG,Quarterly
6372,Silver,451310.78,5,90262.16,Tablets,iPad,Weekly
6373,Silver,92527.54,6,15421.26,Smartphones,OnePlus,Weekly
6374,Silver,79547.14,5,15909.43,Printers,Canon,Bi-weekly
6375,Silver,367516.08,4,91879.02,Laptops,Dell,Weekly
6376,Bronze,397613.66,2,198806.83,Smartphones,Poco,Quarterly
6377,Silver,98432.62,6,16405.44,Smartphones,Xiaomi,Monthly
6378,Silver,84114.92,6,14019.15,Smartphones,Realme,Monthly
6379,Silver,137840.27,4,34460.07,Tablets,iPad,Weekly
6380,Gold,436382.81,7,62340.4,Printers,Canon,Weekly
6381,Silver,19312.6,4,4828.15,Laptops,HP,Quarterly
6382,Bronze,15414.81,1,15414.81,Smartphones,Xiaomi,Bi-weekly
6383,Gold,519282.65,8,64910.33,Laptops,Lenovo,Quarterly
6384,Bronze,5120.42,2,2560.21,Monitors,LG,Bi-weekly
6385,Bronze,76548.52,3,25516.17,Mice,Dell,Weekly
6386,Silver,7886.68,6,1314.45,Keyboards,Logitech,Bi-weekly
6387,Silver,736951.1,5,147390.22,Tablets,Samsung,Weekly
6388,Silver,116864.88,4,29216.22,Keyboards,Razer,Quarterly
6389,Silver,81727.05,5,16345.41,Tablets,iPad,Bi-weekly
6390,Bronze,23846.6,2,11923.3,Smartphones,Samsung,Monthly
6391,Silver,96450.08,4,24112.52,Printers,HP,Weekly
6392,Silver,52250.47,4,13062.62,Tablets,Samsung,Bi-weekly
6393,Bronze,21854.52,3,7284.84,Mice,Logitech,Quarterly
6394,Silver,403993.55,4,100998.39,Tablets,iPad,Bi-weekly
6395,Gold,180098.72,7,25728.39,Mice,Corsair,Weekly
6396,Bronze,124809.09,2,62404.54,Monitors,Dell,Monthly
6397,Bronze,26052.38,3,8684.13,Printers,HP,Bi-weekly
6398,Silver,95214.21,5,19042.84,Laptops,HP,Quarterly
6399,Bronze,70991.62,3,23663.87,Monitors,Dell,Bi-weekly
6400,Bronze,37245.37,2,18622.68,Keyboards,Logitech,Bi-weekly
6401,Bronze,12981.74,3,4327.25,Keyboards,Corsair,Weekly
6402,Silver,317286.76,6,52881.13,Printers,HP,Quarterly
6403,Gold,216626.91,7,30946.7,Laptops,HP,Monthly
6404,Gold,115351.54,7,16478.79,Laptops,HP,Weekly
6405,Silver,97041.4,6,16173.57,Mice,Corsair,Quarterly
6406,Silver,54808.43,4,13702.11,Keyboards,Corsair,Bi-weekly
6407,Bronze,81065.34,2,40532.67,Smartphones,Xiaomi,Weekly
6408,Bronze,521.34,3,173.78,Mice,Corsair,Bi-weekly
6409,Gold,79978.35,7,11425.48,Keyboards,Logitech,Weekly
6410,Silver,63443.25,6,10573.87,Printers,HP,Monthly
6411,Bronze,117318.25,3,39106.08,Monitors,BenQ,Weekly
6412,Silver,111323.84,4,27830.96,Laptops,Lenovo,Bi-weekly
6413,Gold,66077.41,7,9439.63,Keyboards,Dell,Monthly
6414,Silver,102956.02,5,20591.2,Smartphones,iPhone,Weekly
6415,Silver,49270.07,4,12317.52,Keyboards,Dell,Bi-weekly
6416,Bronze,36716.06,3,12238.69,Printers,Canon,Monthly
6417,Gold,97397.86,7,13913.98,Monitors,MSI,Quarterly
6418,Silver,358401.63,5,71680.33,Laptops,MacBook,Bi-weekly
6419,Bronze,138640.39,1,138640.39,Monitors,ASUS,Monthly
6420,Silver,203132.25,5,40626.45,Monitors,BenQ,Bi-weekly
6421,Gold,9230.26,7,1318.61,Keyboards,Corsair,Monthly
6422,Silver,12775.53,5,2555.11,Monitors,ASUS,Weekly
6423,Silver,108093.72,4,27023.43,Laptops,Lenovo,Monthly
6424,Bronze,14401.31,2,7200.65,Laptops,Dell,Monthly
6425,Bronze,102541.69,3,34180.56,Keyboards,Dell,Weekly
6426,Bronze,44485.52,1,44485.52,Keyboards,Razer,Weekly
6427,Bronze,18428.18,2,9214.09,Keyboards,Corsair,Monthly
6428,Bronze,80177.95,3,26725.98,Monitors,ASUS,Bi-weekly
6429,Silver,18201.12,5,3640.22,Tablets,iPad,Monthly
6430,Silver,230.6,5,46.12,Printers,HP,Quarterly
6431,Bronze,14411.38,1,14411.38,Smartphones,Poco,Quarterly
6432,Bronze,32592.21,3,10864.07,Mice,Logitech,Quarterly
6433,Bronze,143641.22,2,71820.61,Printers,HP,Quarterly
6434,Silver,130514.86,6,21752.48,Tablets,iPad,Weekly
6435,Silver,138835.12,4,34708.78,Printers,Canon,Bi-weekly
6436,Gold,289628.2,7,41375.46,Mice,Corsair,Monthly
6437,Silver,7486.11,4,1871.53,Printers,Canon,Quarterly
6438,Bronze,35634.97,3,11878.32,Mice,Logitech,Bi-weekly
6439,Silver,87033.36,5,17406.67,Keyboards,Dell,Quarterly
6440,Silver,130353.53,6,21725.59,Laptops,Dell,Monthly
6441,Silver,1405679.42,6,234279.9,Tablets,iPad,Weekly
6442,Bronze,29700.5,2,14850.25,Laptops,Lenovo,Quarterly
6443,Gold,283841.04,8,35480.13,Monitors,Dell,Weekly
6444,Gold,69997.7,8,8749.71,Laptops,MacBook,Quarterly
6445,Silver,17988.92,5,3597.78,Monitors,BenQ,Weekly
6446,Silver,101316.96,4,25329.24,Smartphones,Samsung,Bi-weekly
6447,Silver,365910.49,4,91477.62,Smartphones,Realme,Bi-weekly
6448,Bronze,34371.55,2,17185.78,Laptops,MacBook,Quarterly
6449,Silver,43783.71,5,8756.74,Printers,HP,Monthly
6450,Silver,125050.03,5,25010.01,Printers,HP,Weekly
6451,Silver,24676.75,4,6169.19,Monitors,LG,Weekly
6452,Silver,462396.0,5,92479.2,Monitors,ASUS,Bi-weekly
6453,Silver,60864.68,4,15216.17,Keyboards,Corsair,Quarterly
6454,Gold,93814.63,7,13402.09,Monitors,MSI,Weekly
6455,Silver,93690.39,5,18738.08,Monitors,BenQ,Bi-weekly
6456,Silver,26008.06,6,4334.68,Monitors,LG,Quarterly
6457,Silver,19251.87,4,4812.97,Mice,Logitech,Quarterly
6458,Silver,586910.49,5,117382.1,Keyboards,Logitech,Bi-weekly
6459,Bronze,63947.68,1,63947.68,Keyboards,Logitech,Weekly
6460,Silver,242829.31,4,60707.33,Mice,Logitech,Weekly
6461,Bronze,10923.12,1,10923.12,Mice,Dell,Bi-weekly
6462,Silver,316528.79,4,79132.2,Laptops,HP,Bi-weekly
6463,Silver,46031.3,5,9206.26,Mice,Logitech,Weekly
6464,Bronze,14594.36,2,7297.18,Mice,Logitech,Quarterly
6465,Gold,564479.18,10,56447.92,Printers,HP,Monthly
6466,Silver,21862.14,5,4372.43,Monitors,MSI,Bi-weekly
6467,Silver,13104.35,5,2620.87,Monitors,MSI,Quarterly
6468,Silver,472985.18,4,118246.3,Printers,HP,Weekly
6469,Silver,127979.59,4,31994.9,Smartphones,Samsung,Bi-weekly
6470,Silver,284532.74,4,71133.18,Monitors,BenQ,Monthly
6471,Bronze,110616.13,3,36872.04,Monitors,BenQ,Weekly
6472,Silver,624755.02,6,104125.84,Monitors,LG,Bi-weekly
6473,Bronze,63955.16,3,21318.39,Printers,Canon,Bi-weekly
6474,Silver,48703.74,5,9740.75,Keyboards,Dell,Weekly
6475,Bronze,23307.25,3,7769.08,Monitors,MSI,Quarterly
6476,Silver,428901.73,6,71483.62,Keyboards,Logitech,Monthly
6477,Gold,84588.97,8,10573.62,Keyboards,Logitech,Weekly
6478,Gold,289430.74,7,41347.25,Keyboards,Razer,Quarterly
6479,Bronze,59118.39,2,29559.19,Laptops,HP,Monthly
6480,Silver,690107.37,6,115017.9,Tablets,iPad,Weekly
6481,Silver,255863.93,6,42643.99,Laptops,MacBook,Weekly
6482,Silver,133447.47,4,33361.87,Mice,Corsair,Monthly
6483,Gold,9050.78,7,1292.97,Keyboards,Dell,Monthly
6484,Silver,90418.79,5,18083.76,Keyboards,Corsair,Quarterly
6485,Silver,27884.98,4,6971.25,Mice,Dell,Monthly
6486,Gold,185537.86,7,26505.41,Tablets,iPad,Monthly
6487,Gold,154212.37,7,22030.34,Laptops,MacBook,Bi-weekly
6488,Silver,293920.0,6,48986.67,Laptops,Lenovo,Monthly
6489,Silver,96503.25,5,19300.65,Laptops,MacBook,Weekly
6490,Silver,240315.16,6,40052.53,Printers,Canon,Bi-weekly
6491,Silver,324206.08,4,81051.52,Keyboards,Dell,Quarterly
6492,Gold,93561.12,7,13365.87,Mice,Dell,Quarterly
6493,Silver,289512.33,5,57902.47,Laptops,Dell,Weekly
6494,Bronze,154561.43,3,51520.48,Smartphones,iPhone,Quarterly
6495,Silver,584827.87,5,116965.57,Smartphones,OnePlus,Bi-weekly
6496,Silver,342956.7,4,85739.17,Mice,Dell,Monthly
6497,Bronze,44353.63,2,22176.81,Laptops,MacBook,Bi-weekly
6498,Silver,554048.09,4,138512.02,Mice,Logitech,Weekly
6499,Gold,295222.36,7,42174.62,Printers,HP,Bi-weekly
6500,Bronze,2959.24,2,1479.62,Monitors,MSI,Quarterly
6501,Bronze,61834.23,2,30917.12,Monitors,BenQ,Weekly
6502,Bronze,6703.09,1,6703.09,Monitors,Dell,Quarterly
6503,Bronze,70284.54,3,23428.18,Keyboards,Dell,Monthly
6504,Bronze,139096.12,3,46365.37,Smartphones,iPhone,Monthly
6505,Silver,15106.74,5,3021.35,Mice,Corsair,Monthly
6506,Bronze,49267.49,2,24633.75,Tablets,iPad,Bi-weekly
6507,Silver,406443.2,6,67740.53,Monitors,LG,Monthly
6508,Bronze,97967.16,3,32655.72,Laptops,HP,Bi-weekly
6509,Silver,572704.9,4,143176.22,Smartphones,iPhone,Weekly
6510,Bronze,92578.1,2,46289.05,Laptops,Dell,Monthly
6511,Bronze,100995.44,2,50497.72,Mice,Dell,Quarterly
6512,Bronze,1160.28,2,580.14,Monitors,ASUS,Monthly
6513,Silver,250829.76,5,50165.95,Smartphones,Poco,Bi-weekly
6514,Bronze,25596.11,3,8532.04,Mice,Dell,Monthly
6515,Bronze,93594.82,3,31198.27,Smartphones,Xiaomi,Monthly
6516,Bronze,10923.19,3,3641.06,Monitors,ASUS,Bi-weekly
6517,Gold,16425.06,7,2346.44,Tablets,Samsung,Bi-weekly
6518,Bronze,28968.64,1,28968.64,Mice,Dell,Weekly
6519,Silver,158583.43,4,39645.86,Keyboards,Razer,Quarterly
6520,Bronze,34463.73,1,34463.73,Keyboards,Razer,Weekly
6521,Bronze,281593.6,3,93864.53,Mice,Logitech,Monthly
6522,Gold,607346.94,7,86763.85,Tablets,iPad,Monthly
6523,Bronze,5697.31,3,1899.1,Mice,Corsair,Weekly
6524,Silver,152794.99,4,38198.75,Printers,Canon,Monthly
6525,Silver,387121.09,6,64520.18,Printers,Canon,Weekly
6526,Silver,50172.13,5,10034.43,Laptops,Lenovo,Quarterly
6527,Silver,163023.04,5,32604.61,Laptops,Dell,Quarterly
6528,Silver,135132.1,6,22522.02,Keyboards,Logitech,Bi-weekly
6529,Bronze,88798.25,2,44399.13,Keyboards,Razer,Quarterly
6530,Silver,27447.89,6,4574.65,Monitors,ASUS,Monthly
6531,Bronze,38799.66,2,19399.83,Keyboards,Razer,Monthly
6532,Silver,100666.59,5,20133.32,Laptops,Lenovo,Monthly
6533,Bronze,34005.88,1,34005.88,Printers,Canon,Weekly
6534,Bronze,220618.38,3,73539.46,Printers,HP,Quarterly
6535,Bronze,14533.89,1,14533.89,Tablets,iPad,Weekly
6536,Bronze,128993.61,3,42997.87,Monitors,MSI,Quarterly
6537,Silver,225952.87,5,45190.57,Laptops,Dell,Quarterly
6538,Bronze,55984.95,2,27992.47,Tablets,iPad,Monthly
6539,Silver,311929.4,6,51988.23,Mice,Dell,Weekly
6540,Silver,44468.64,5,8893.73,Laptops,MacBook,Quarterly
6541,Gold,22641.14,8,2830.14,Printers,Canon,Weekly
6542,Gold,346542.29,8,43317.79,Tablets,iPad,Weekly
6543,Silver,208061.96,6,34676.99,Smartphones,Poco,Quarterly
6544,Silver,210742.17,5,42148.43,Mice,Logitech,Bi-weekly
6545,Gold,299824.06,7,42832.01,Laptops,HP,Quarterly
6546,Bronze,40973.22,1,40973.22,Smartphones,Xiaomi,Monthly
6547,Gold,491816.82,7,70259.55,Keyboards,Corsair,Weekly
6548,Gold,293378.56,8,36672.32,Keyboards,Logitech,Monthly
6549,Gold,697335.03,8,87166.88,Mice,Logitech,Weekly
6550,Silver,394582.55,6,65763.76,Mice,Corsair,Monthly
6551,Silver,2221.38,4,555.35,Monitors,MSI,Monthly
6552,Silver,67129.77,5,13425.95,Keyboards,Logitech,Monthly
6553,Gold,327176.45,8,40897.06,Keyboards,Logitech,Bi-weekly
6554,Bronze,111079.89,3,37026.63,Monitors,BenQ,Monthly
6555,Silver,236826.38,5,47365.28,Mice,Corsair,Weekly
6556,Silver,323899.6,4,80974.9,Laptops,HP,Monthly
6557,Silver,806728.6,6,134454.77,Tablets,iPad,Monthly
6558,Silver,374452.34,6,62408.72,Mice,Corsair,Quarterly
6559,Bronze,226363.08,3,75454.36,Smartphones,Realme,Monthly
6560,Bronze,2554.74,1,2554.74,Smartphones,Xiaomi,Weekly
6561,Silver,48840.39,4,12210.1,Laptops,Lenovo,Quarterly
6562,Silver,295203.43,5,59040.69,Tablets,iPad,Quarterly
6563,Gold,1032403.29,8,129050.41,Laptops,Dell,Monthly
6564,Bronze,114216.98,3,38072.33,Smartphones,iPhone,Weekly
6565,Silver,169493.84,6,28248.97,Mice,Logitech,Bi-weekly
6566,Gold,248480.66,7,35497.24,Tablets,Samsung,Monthly
6567,Silver,158337.89,5,31667.58,Tablets,Samsung,Weekly
6568,Silver,266802.41,6,44467.07,Smartphones,Realme,Bi-weekly
6569,Bronze,169507.03,3,56502.34,Monitors,BenQ,Bi-weekly
6570,Silver,389886.76,5,77977.35,Monitors,ASUS,Weekly
6571,Silver,292149.35,6,48691.56,Mice,Dell,Weekly
6572,Silver,213153.74,5,42630.75,Monitors,ASUS,Monthly
6573,Silver,626224.28,5,125244.86,Tablets,iPad,Quarterly
6574,Bronze,17382.21,3,5794.07,Keyboards,Corsair,Quarterly
6575,Gold,23117.96,8,2889.75,Printers,HP,Bi-weekly
6576,Gold,125054.17,8,15631.77,Printers,Canon,Weekly
6577,Silver,1945.41,6,324.23,Monitors,LG,Monthly
6578,Silver,141792.9,6,23632.15,Tablets,iPad,Quarterly
6579,Silver,177234.22,5,35446.84,Tablets,Samsung,Weekly
6580,Bronze,235518.53,3,78506.18,Smartphones,iPhone,Weekly
6581,Bronze,208016.61,2,104008.31,Tablets,iPad,Bi-weekly
6582,Bronze,157431.59,3,52477.2,Monitors,ASUS,Weekly
6583,Gold,134596.82,8,16824.6,Tablets,iPad,Bi-weekly
6584,Silver,108361.35,6,18060.22,Printers,Canon,Monthly
6585,Bronze,69017.84,2,34508.92,Printers,Canon,Weekly
6586,Silver,32572.39,5,6514.48,Tablets,iPad,Quarterly
6587,Silver,319695.94,6,53282.66,Smartphones,Samsung,Quarterly
6588,Silver,215349.71,4,53837.43,Laptops,HP,Quarterly
6589,Gold,85582.51,9,9509.17,Mice,Corsair,Bi-weekly
6590,Silver,126420.2,4,31605.05,Printers,Canon,Quarterly
6591,Silver,182221.44,6,30370.24,Laptops,MacBook,Bi-weekly
6592,Gold,282954.43,7,40422.06,Mice,Logitech,Weekly
6593,Silver,100201.49,6,16700.25,Mice,Logitech,Quarterly
6594,Bronze,4002.81,2,2001.41,Printers,HP,Bi-weekly
6595,Bronze,250366.16,3,83455.39,Tablets,Samsung,Monthly
6596,Silver,67994.38,6,11332.4,Laptops,MacBook,Monthly
6597,Silver,97604.88,4,24401.22,Smartphones,Xiaomi,Weekly
6598,Bronze,53528.44,2,26764.22,Smartphones,Poco,Weekly
6599,Gold,476432.12,9,52936.9,Mice,Logitech,Monthly
6600,Silver,109911.03,4,27477.76,Keyboards,Razer,Monthly
6601,Bronze,95212.4,3,31737.47,Monitors,Dell,Monthly
6602,Gold,1174221.28,9,130469.03,Smartphones,iPhone,Weekly
6603,Silver,14186.3,4,3546.58,Printers,Canon,Monthly
6604,Bronze,275262.2,3,91754.07,Mice,Logitech,Quarterly
6605,Bronze,204502.38,3,68167.46,Smartphones,Poco,Monthly
6606,Silver,645017.29,6,107502.88,Laptops,Dell,Weekly
6607,Silver,57516.06,5,11503.21,Tablets,iPad,Monthly
6608,Bronze,61153.26,1,61153.26,Printers,HP,Quarterly
6609,Silver,168594.53,5,33718.91,Mice,Logitech,Weekly
6610,Gold,14217.58,7,2031.08,Tablets,Samsung,Bi-weekly
6611,Bronze,34483.11,2,17241.56,Laptops,Dell,Quarterly
6612,Silver,338635.06,5,67727.01,Smartphones,Xiaomi,Quarterly
6613,Gold,109583.85,7,15654.84,Smartphones,Samsung,Quarterly
6614,Bronze,31926.09,3,10642.03,Smartphones,iPhone,Quarterly
6615,Bronze,334825.94,3,111608.65,Smartphones,iPhone,Bi-weekly
6616,Bronze,21311.43,3,7103.81,Mice,Corsair,Bi-weekly
6617,Silver,618047.31,5,123609.46,Laptops,Lenovo,Monthly
6618,Silver,60344.79,5,12068.96,Printers,HP,Weekly
6619,Silver,87655.1,6,14609.18,Tablets,iPad,Monthly
6620,Gold,906079.0,7,129439.86,Laptops,Lenovo,Quarterly
6621,Silver,106668.99,6,17778.16,Tablets,iPad,Quarterly
6622,Bronze,43398.04,2,21699.02,Smartphones,OnePlus,Bi-weekly
6623,Silver,137300.33,5,27460.07,Mice,Corsair,Bi-weekly
6624,Silver,289465.37,4,72366.34,Tablets,Samsung,Quarterly
6625,Bronze,48339.11,1,48339.11,Smartphones,Xiaomi,Quarterly
6626,Silver,343395.82,6,57232.64,Laptops,Dell,Bi-weekly
6627,Bronze,132235.63,3,44078.54,Monitors,BenQ,Weekly
6628,Bronze,23588.62,1,23588.62,Laptops,Dell,Bi-weekly
6629,Silver,27871.17,5,5574.23,Keyboards,Dell,Monthly
6630,Bronze,198793.69,3,66264.56,Monitors,ASUS,Monthly
6631,Gold,52054.58,9,5783.84,Mice,Corsair,Monthly
6632,Silver,113864.87,4,28466.22,Keyboards,Corsair,Weekly
6633,Bronze,75001.17,3,25000.39,Printers,Canon,Monthly
6634,Gold,30047.4,7,4292.49,Mice,Dell,Quarterly
6635,Bronze,16216.37,1,16216.37,Monitors,MSI,Weekly
6636,Silver,19308.28,5,3861.66,Tablets,iPad,Monthly
6637,Silver,55.11,4,13.78,Monitors,ASUS,Bi-weekly
6638,Bronze,26327.69,3,8775.9,Monitors,Dell,Weekly
6639,Gold,13352.55,7,1907.51,Laptops,Lenovo,Monthly
6640,Bronze,28121.03,2,14060.51,Smartphones,Xiaomi,Bi-weekly
6641,Silver,235826.76,5,47165.35,Keyboards,Razer,Monthly
6642,Silver,331789.53,6,55298.25,Smartphones,iPhone,Weekly
6643,Gold,92232.63,7,13176.09,Keyboards,Corsair,Weekly
6644,Bronze,68250.82,2,34125.41,Laptops,HP,Weekly
6645,Silver,47804.87,4,11951.22,Laptops,Dell,Monthly
6646,Silver,26010.51,4,6502.63,Mice,Dell,Bi-weekly
6647,Gold,624360.81,7,89194.4,Laptops,MacBook,Bi-weekly
6648,Bronze,3737.35,2,1868.67,Monitors,MSI,Weekly
6649,Silver,87681.35,4,21920.34,Laptops,Dell,Monthly
6650,Silver,803714.91,6,133952.49,Tablets,iPad,Weekly
6651,Silver,678141.7,5,135628.34,Laptops,HP,Weekly
6652,Gold,76388.21,7,10912.6,Keyboards,Dell,Bi-weekly
6653,Gold,89713.01,7,12816.14,Laptops,HP,Weekly
6654,Silver,372104.32,6,62017.39,Tablets,iPad,Monthly
6655,Bronze,931.26,2,465.63,Keyboards,Razer,Quarterly
6656,Silver,247811.86,5,49562.37,Keyboards,Corsair,Monthly
6657,Bronze,115064.84,3,38354.95,Tablets,iPad,Weekly
6658,Bronze,10974.41,3,3658.14,Keyboards,Corsair,Monthly
6659,Gold,475586.14,7,67940.88,Monitors,BenQ,Quarterly
6660,Bronze,77776.04,2,38888.02,Mice,Dell,Quarterly
6661,Bronze,147721.41,3,49240.47,Tablets,iPad,Quarterly
6662,Bronze,114342.41,3,38114.14,Monitors,Dell,Bi-weekly
6663,Bronze,60147.28,2,30073.64,Tablets,iPad,Monthly
6664,Bronze,239163.46,3,79721.15,Tablets,iPad,Quarterly
6665,Silver,384505.34,5,76901.07,Monitors,BenQ,Quarterly
6666,Bronze,18206.14,1,18206.14,Keyboards,Dell,Weekly
6667,Silver,155715.32,4,38928.83,Mice,Logitech,Monthly
6668,Silver,169928.35,4,42482.09,Mice,Dell,Bi-weekly
6669,Silver,193970.37,5,38794.07,Laptops,HP,Monthly
6670,Silver,170145.95,5,34029.19,Tablets,Samsung,Bi-weekly
6671,Bronze,86651.89,2,43325.95,Keyboards,Logitech,Bi-weekly
6672,Bronze,23348.21,1,23348.21,Monitors,BenQ,Bi-weekly
6673,Silver,92216.89,5,18443.38,Monitors,Dell,Quarterly
6674,Silver,1115390.66,6,185898.44,Printers,HP,Bi-weekly
6675,Gold,38180.42,7,5454.35,Smartphones,iPhone,Bi-weekly
6676,Gold,452543.72,8,56567.96,Printers,HP,Bi-weekly
6677,Silver,268118.78,6,44686.46,Mice,Dell,Quarterly
6678,Bronze,84788.66,2,42394.33,Tablets,iPad,Monthly
6679,Bronze,26016.1,1,26016.1,Monitors,ASUS,Quarterly
6680,Bronze,73822.29,1,73822.29,Tablets,Samsung,Weekly
6681,Silver,20441.93,5,4088.39,Laptops,Lenovo,Weekly
6682,Silver,8652.17,5,1730.43,Monitors,ASUS,Bi-weekly
6683,Bronze,31148.76,3,10382.92,Mice,Dell,Bi-weekly
6684,Silver,373683.59,5,74736.72,Monitors,LG,Quarterly
6685,Silver,456601.89,4,114150.47,Laptops,Lenovo,Weekly
6686,Gold,542969.14,10,54296.91,Mice,Corsair,Quarterly
6687,Gold,317340.89,7,45334.41,Tablets,Samsung,Bi-weekly
6688,Gold,170285.15,7,24326.45,Printers,Canon,Weekly
6689,Bronze,63478.14,3,21159.38,Mice,Logitech,Bi-weekly
6690,Silver,39224.07,5,7844.81,Keyboards,Logitech,Quarterly
6691,Silver,115809.0,4,28952.25,Tablets,iPad,Quarterly
6692,Bronze,39776.51,1,39776.51,Keyboards,Razer,Quarterly
6693,Bronze,32931.55,1,32931.55,Tablets,Samsung,Quarterly
6694,Silver,43685.58,6,7280.93,Printers,HP,Weekly
6695,Silver,45325.39,6,7554.23,Mice,Dell,Quarterly
6696,Gold,49138.56,8,6142.32,Monitors,Dell,Bi-weekly
6697,Bronze,2612.14,3,870.71,Mice,Logitech,Quarterly
6698,Silver,121306.91,5,24261.38,Keyboards,Logitech,Monthly
6699,Gold,153833.51,7,21976.22,Tablets,iPad,Monthly
6700,Silver,366169.24,6,61028.21,Printers,Canon,Monthly
6701,Gold,4806.73,8,600.84,Printers,Canon,Bi-weekly
6702,Bronze,13289.9,1,13289.9,Printers,HP,Quarterly
6703,Silver,36579.59,5,7315.92,Mice,Corsair,Monthly
6704,Silver,285235.62,6,47539.27,Smartphones,Xiaomi,Bi-weekly
6705,Silver,29617.08,4,7404.27,Monitors,MSI,Quarterly
6706,Silver,179370.59,4,44842.65,Keyboards,Corsair,Monthly
6707,Gold,329147.04,7,47021.01,Tablets,iPad,Monthly
6708,Bronze,136582.67,2,68291.33,Tablets,iPad,Weekly
6709,Silver,170890.01,4,42722.5,Monitors,BenQ,Monthly
6710,Silver,8721.74,4,2180.43,Keyboards,Razer,Weekly
6711,Silver,594204.37,5,118840.87,Mice,Corsair,Bi-weekly
6712,Bronze,12413.82,1,12413.82,Monitors,ASUS,Bi-weekly
6713,Silver,132518.56,5,26503.71,Smartphones,Samsung,Bi-weekly
6714,Silver,37745.58,6,6290.93,Monitors,ASUS,Monthly
6715,Gold,152065.24,7,21723.61,Monitors,MSI,Monthly
6716,Bronze,246415.7,2,123207.85,Keyboards,Logitech,Weekly
6717,Gold,792822.43,7,113260.35,Tablets,Samsung,Monthly
6718,Silver,138565.25,4,34641.31,Laptops,Dell,Weekly
6719,Silver,210626.89,4,52656.72,Laptops,Lenovo,Monthly
6720,Bronze,3207.28,2,1603.64,Printers,HP,Weekly
6721,Bronze,87734.76,2,43867.38,Smartphones,iPhone,Weekly
6722,Bronze,273547.44,2,136773.72,Monitors,LG,Weekly
6723,Silver,59864.98,4,14966.24,Printers,HP,Quarterly
6724,Gold,550109.52,8,68763.69,Printers,HP,Monthly
6725,Bronze,27106.72,2,13553.36,Mice,Dell,Monthly
6726,Bronze,85022.24,3,28340.75,Mice,Dell,Monthly
6727,Gold,255203.22,7,36457.6,Smartphones,Poco,Weekly
6728,Silver,51959.54,4,12989.88,Printers,HP,Quarterly
6729,Bronze,14212.98,1,14212.98,Mice,Logitech,Monthly
6730,Silver,24422.73,5,4884.55,Mice,Dell,Weekly
6731,Gold,366361.96,7,52337.42,Mice,Logitech,Monthly
6732,Bronze,25472.1,1,25472.1,Monitors,LG,Monthly
6733,Silver,142148.39,4,35537.1,Tablets,Samsung,Quarterly
6734,Bronze,464625.79,3,154875.26,Printers,HP,Monthly
6735,Silver,24351.44,4,6087.86,Laptops,MacBook,Quarterly
6736,Silver,205645.54,6,34274.26,Mice,Logitech,Weekly
6737,Silver,409909.39,6,68318.23,Laptops,MacBook,Quarterly
6738,Silver,157473.24,4,39368.31,Laptops,HP,Monthly
6739,Silver,227501.41,4,56875.35,Tablets,iPad,Bi-weekly
6740,Bronze,172531.23,3,57510.41,Keyboards,Logitech,Weekly
6741,Gold,629490.72,8,78686.34,Keyboards,Corsair,Monthly
6742,Bronze,209704.86,2,104852.43,Smartphones,Poco,Bi-weekly
6743,Bronze,119733.87,3,39911.29,Monitors,Dell,Bi-weekly
6744,Gold,222865.37,7,31837.91,Printers,HP,Quarterly
6745,Gold,166672.1,8,20834.01,Keyboards,Razer,Bi-weekly
6746,Gold,766278.31,8,95784.79,Keyboards,Dell,Quarterly
6747,Silver,13781.53,6,2296.92,Mice,Dell,Monthly
6748,Silver,390894.89,5,78178.98,Tablets,Samsung,Weekly
6749,Silver,40179.45,6,6696.57,Keyboards,Corsair,Bi-weekly
6750,Bronze,21174.82,1,21174.82,Printers,Canon,Monthly
6751,Gold,540724.12,10,54072.41,Mice,Logitech,Weekly
6752,Bronze,275102.07,3,91700.69,Laptops,Lenovo,Monthly
6753,Bronze,258189.79,3,86063.26,Printers,HP,Monthly
6754,Gold,182124.65,7,26017.81,Keyboards,Corsair,Monthly
6755,Bronze,338993.98,3,112997.99,Mice,Logitech,Quarterly
6756,Silver,506457.47,5,101291.49,Monitors,LG,Monthly
6757,Gold,20616.63,8,2577.08,Printers,HP,Monthly
6758,Bronze,17733.64,2,8866.82,Laptops,HP,Bi-weekly
6759,Silver,120141.88,4,30035.47,Keyboards,Corsair,Bi-weekly
6760,Bronze,40220.07,3,13406.69,Keyboards,Razer,Bi-weekly
6761,Silver,280237.66,5,56047.53,Printers,Canon,Bi-weekly
6762,Silver,287317.46,6,47886.24,Keyboards,Dell,Bi-weekly
6763,Silver,306718.57,6,51119.76,Keyboards,Corsair,Weekly
6764,Bronze,59466.66,1,59466.66,Keyboards,Corsair,Quarterly
6765,Bronze,44017.29,2,22008.64,Printers,HP,Weekly
6766,Gold,1439078.72,8,179884.84,Keyboards,Logitech,Monthly
6767,Bronze,129587.25,3,43195.75,Laptops,MacBook,Weekly
6768,Silver,226320.02,5,45264.0,Printers,HP,Weekly
6769,Silver,15564.64,5,3112.93,Laptops,HP,Monthly
6770,Bronze,152283.13,2,76141.56,Mice,Logitech,Weekly
6771,Silver,10031.75,5,2006.35,Monitors,MSI,Monthly
6772,Silver,262081.74,5,52416.35,Mice,Dell,Bi-weekly
6773,Bronze,415166.92,2,207583.46,Smartphones,Xiaomi,Bi-weekly
6774,Bronze,235508.96,2,117754.48,Monitors,MSI,Quarterly
6775,Gold,395941.6,9,43993.51,Keyboards,Corsair,Quarterly
6776,Silver,153185.64,4,38296.41,Laptops,Dell,Bi-weekly
6777,Silver,93417.05,4,23354.26,Tablets,Samsung,Quarterly
6778,Silver,3702.99,4,925.75,Printers,Canon,Monthly
6779,Bronze,178861.13,3,59620.38,Mice,Logitech,Weekly
6780,Bronze,4228.69,3,1409.56,Printers,Canon,Bi-weekly
6781,Silver,232592.23,5,46518.45,Mice,Dell,Quarterly
6782,Silver,153840.14,6,25640.02,Monitors,BenQ,Monthly
6783,Silver,12447.7,4,3111.93,Monitors,BenQ,Bi-weekly
6784,Bronze,34539.46,1,34539.46,Monitors,ASUS,Quarterly
6785,Silver,181899.68,6,30316.61,Smartphones,Samsung,Monthly
6786,Bronze,49024.6,2,24512.3,Laptops,Lenovo,Weekly
6787,Silver,75811.54,4,18952.89,Monitors,BenQ,Weekly
6788,Bronze,101771.82,3,33923.94,Keyboards,Dell,Bi-weekly
6789,Silver,457806.97,5,91561.39,Tablets,Samsung,Quarterly
6790,Silver,648099.97,5,129619.99,Smartphones,Poco,Quarterly
6791,Silver,168283.26,6,28047.21,Mice,Dell,Weekly
6792,Silver,478792.85,4,119698.21,Tablets,iPad,Bi-weekly
6793,Silver,22086.42,4,5521.61,Tablets,Samsung,Bi-weekly
6794,Bronze,137438.67,3,45812.89,Laptops,Lenovo,Quarterly
6795,Silver,41762.85,6,6960.47,Smartphones,Poco,Weekly
6796,Silver,66421.13,6,11070.19,Printers,Canon,Monthly
6797,Bronze,17021.54,1,17021.54,Keyboards,Razer,Quarterly
6798,Silver,68205.95,5,13641.19,Keyboards,Razer,Monthly
6799,Bronze,12195.89,1,12195.89,Mice,Corsair,Monthly
6800,Bronze,192814.77,2,96407.38,Laptops,Lenovo,Weekly
6801,Silver,233131.62,4,58282.91,Monitors,MSI,Monthly
6802,Gold,745504.77,8,93188.1,Mice,Dell,Quarterly
6803,Bronze,82122.42,3,27374.14,Laptops,HP,Quarterly
6804,Bronze,313095.73,2,156547.86,Tablets,Samsung,Bi-weekly
6805,Bronze,8403.69,3,2801.23,Monitors,BenQ,Bi-weekly
6806,Silver,21693.88,4,5423.47,Laptops,HP,Bi-weekly
6807,Bronze,20546.75,2,10273.37,Laptops,MacBook,Bi-weekly
6808,Silver,20866.59,6,3477.76,Mice,Corsair,Bi-weekly
6809,Bronze,12584.73,2,6292.37,Tablets,iPad,Weekly
6810,Bronze,17577.14,1,17577.14,Mice,Dell,Quarterly
6811,Silver,1644967.63,5,328993.53,Tablets,iPad,Monthly
6812,Silver,28014.16,4,7003.54,Laptops,HP,Bi-weekly
6813,Silver,382669.84,6,63778.31,Printers,Canon,Bi-weekly
6814,Silver,73460.76,4,18365.19,Smartphones,Poco,Weekly
6815,Bronze,178335.07,3,59445.02,Keyboards,Dell,Weekly
6816,Bronze,48899.89,3,16299.96,Smartphones,Realme,Quarterly
6817,Silver,48030.88,4,12007.72,Keyboards,Logitech,Monthly
6818,Gold,47819.29,7,6831.33,Monitors,MSI,Bi-weekly
6819,Silver,339916.56,5,67983.31,Tablets,iPad,Weekly
6820,Silver,33314.99,6,5552.5,Keyboards,Dell,Weekly
6821,Silver,17886.55,4,4471.64,Smartphones,Xiaomi,Monthly
6822,Bronze,128193.55,3,42731.18,Smartphones,Realme,Weekly
6823,Silver,604256.76,6,100709.46,Printers,Canon,Weekly
6824,Silver,416027.07,4,104006.77,Keyboards,Corsair,Quarterly
6825,Gold,138150.08,7,19735.73,Printers,HP,Bi-weekly
6826,Silver,81514.25,4,20378.56,Keyboards,Corsair,Bi-weekly
6827,Silver,119022.83,4,29755.71,Printers,Canon,Bi-weekly
6828,Bronze,18828.66,3,6276.22,Printers,Canon,Bi-weekly
6829,Bronze,203086.74,2,101543.37,Tablets,Samsung,Bi-weekly
6830,Gold,530693.49,8,66336.69,Keyboards,Logitech,Bi-weekly
6831,Gold,196845.2,7,28120.74,Printers,Canon,Weekly
6832,Bronze,5104.99,2,2552.5,Printers,HP,Monthly
6833,Bronze,209348.82,2,104674.41,Keyboards,Razer,Weekly
6834,Gold,533921.75,7,76274.54,Keyboards,Dell,Bi-weekly
6835,Silver,90273.48,4,22568.37,Printers,HP,Weekly
6836,Gold,122895.07,7,17556.44,Printers,Canon,Monthly
6837,Silver,73218.46,5,14643.69,Tablets,Samsung,Weekly
6838,Silver,117795.43,6,19632.57,Tablets,iPad,Monthly
6839,Silver,206463.15,5,41292.63,Tablets,iPad,Quarterly
6840,Bronze,25079.82,1,25079.82,Mice,Corsair,Bi-weekly
6841,Silver,116690.14,5,23338.03,Mice,Dell,Weekly
6842,Silver,330630.93,6,55105.15,Printers,Canon,Monthly
6843,Gold,665720.17,8,83215.02,Monitors,MSI,Weekly
6844,Gold,337308.47,7,48186.92,Laptops,Dell,Weekly
6845,Silver,16352.49,6,2725.41,Mice,Corsair,Monthly
6846,Gold,838288.13,7,119755.45,Smartphones,Poco,Quarterly
6847,Silver,69839.81,6,11639.97,Smartphones,Poco,Bi-weekly
6848,Silver,9217.96,4,2304.49,Mice,Corsair,Weekly
6849,Silver,225256.37,5,45051.27,Mice,Corsair,Monthly
6850,Bronze,2876.89,1,2876.89,Keyboards,Corsair,Monthly
6851,Silver,199739.01,5,39947.8,Mice,Dell,Bi-weekly
6852,Silver,347302.34,4,86825.59,Monitors,LG,Bi-weekly
6853,Bronze,3466.1,1,3466.1,Printers,Canon,Quarterly
6854,Silver,106427.74,5,21285.55,Printers,Canon,Bi-weekly
6855,Gold,317678.72,7,45382.67,Tablets,iPad,Weekly
6856,Bronze,290153.41,2,145076.7,Printers,HP,Monthly
6857,Gold,9102.5,7,1300.36,Keyboards,Corsair,Monthly
6858,Silver,197602.58,6,32933.76,Keyboards,Razer,Monthly
6859,Silver,42199.37,6,7033.23,Tablets,iPad,Quarterly
6860,Bronze,169067.72,3,56355.91,Mice,Dell,Quarterly
6861,Silver,175956.3,5,35191.26,Printers,HP,Weekly
6862,Bronze,31042.71,2,15521.35,Monitors,BenQ,Monthly
6863,Bronze,126826.44,3,42275.48,Keyboards,Razer,Quarterly
6864,Bronze,57013.42,1,57013.42,Keyboards,Logitech,Weekly
6865,Silver,355019.82,5,71003.96,Smartphones,Xiaomi,Weekly
6866,Silver,371872.93,4,92968.23,Smartphones,OnePlus,Bi-weekly
6867,Silver,74168.6,6,12361.43,Smartphones,Samsung,Quarterly
6868,Silver,9853.41,5,1970.68,Mice,Dell,Quarterly
6869,Silver,59470.92,4,14867.73,Monitors,Dell,Weekly
6870,Silver,43037.12,4,10759.28,Keyboards,Dell,Bi-weekly
6871,Gold,110188.24,8,13773.53,Laptops,Dell,Weekly
6872,Gold,226733.98,7,32390.57,Monitors,LG,Bi-weekly
6873,Silver,76242.27,6,12707.04,Keyboards,Dell,Bi-weekly
6874,Bronze,15999.35,1,15999.35,Mice,Dell,Quarterly
6875,Gold,637948.19,10,63794.82,Printers,Canon,Quarterly
6876,Bronze,16149.92,2,8074.96,Keyboards,Razer,Weekly
6877,Silver,563247.34,5,112649.47,Smartphones,Xiaomi,Monthly
6878,Silver,15001.88,5,3000.38,Printers,Canon,Monthly
6879,Silver,71433.55,4,17858.39,Smartphones,Poco,Weekly
6880,Bronze,101620.46,2,50810.23,Smartphones,Poco,Monthly
6881,Silver,309769.48,5,61953.9,Keyboards,Dell,Quarterly
6882,Silver,71819.82,6,11969.97,Smartphones,Samsung,Quarterly
6883,Silver,264415.29,4,66103.82,Monitors,LG,Bi-weekly
6884,Gold,77004.41,7,11000.63,Smartphones,Realme,Weekly
6885,Silver,610585.54,5,122117.11,Smartphones,iPhone,Bi-weekly
6886,Bronze,48742.97,2,24371.49,Printers,Canon,Monthly
6887,Bronze,14785.98,1,14785.98,Monitors,Dell,Quarterly
6888,Silver,58343.15,4,14585.79,Keyboards,Logitech,Quarterly
6889,Bronze,99228.01,3,33076.0,Laptops,HP,Weekly
6890,Silver,67298.21,4,16824.55,Printers,Canon,Quarterly
6891,Silver,81371.0,4,20342.75,Monitors,MSI,Monthly
6892,Bronze,78020.77,3,26006.92,Monitors,Dell,Weekly
6893,Silver,199823.42,5,39964.68,Printers,HP,Weekly
6894,Silver,207925.15,6,34654.19,Tablets,iPad,Bi-weekly
6895,Silver,237375.04,4,59343.76,Laptops,MacBook,Bi-weekly
6896,Silver,489743.05,6,81623.84,Mice,Corsair,Monthly
6897,Bronze,4934.98,2,2467.49,Monitors,Dell,Monthly
6898,Silver,83137.27,4,20784.32,Laptops,Lenovo,Bi-weekly
6899,Gold,111923.48,8,13990.43,Mice,Corsair,Bi-weekly
6900,Bronze,115505.77,2,57752.89,Tablets,iPad,Monthly
6901,Bronze,63294.45,2,31647.22,Laptops,Lenovo,Bi-weekly
6902,Silver,11409.46,6,1901.58,Smartphones,Xiaomi,Weekly
6903,Silver,155396.68,5,31079.34,Monitors,Dell,Bi-weekly
6904,Silver,107813.61,4,26953.4,Smartphones,Realme,Quarterly
6905,Silver,67962.58,4,16990.64,Keyboards,Logitech,Monthly
6906,Silver,272640.69,6,45440.11,Laptops,HP,Monthly
6907,Gold,316898.47,7,45271.21,Laptops,Dell,Quarterly
6908,Silver,53977.19,5,10795.44,Keyboards,Logitech,Weekly
6909,Silver,493989.75,4,123497.44,Smartphones,Xiaomi,Weekly
6910,Bronze,26638.42,2,13319.21,Laptops,MacBook,Bi-weekly
6911,Bronze,130226.75,3,43408.92,Printers,Canon,Quarterly
6912,Bronze,281253.53,3,93751.18,Monitors,ASUS,Weekly
6913,Bronze,1287.12,1,1287.12,Mice,Corsair,Quarterly
6914,Gold,440286.87,9,48920.76,Keyboards,Razer,Bi-weekly
6915,Bronze,70334.86,3,23444.95,Printers,HP,Monthly
6916,Silver,40352.85,6,6725.48,Monitors,LG,Quarterly
6917,Bronze,37533.25,2,18766.62,Monitors,BenQ,Monthly
6918,Silver,399814.28,4,99953.57,Keyboards,Logitech,Monthly
6919,Gold,150098.02,7,21442.57,Printers,Canon,Quarterly
6920,Silver,12822.47,4,3205.62,Printers,HP,Bi-weekly
6921,Bronze,37300.25,2,18650.13,Smartphones,OnePlus,Weekly
6922,Bronze,39445.39,3,13148.46,Laptops,HP,Monthly
6923,Bronze,1455.58,1,1455.58,Keyboards,Razer,Bi-weekly
6924,Silver,8933.64,5,1786.73,Laptops,Lenovo,Quarterly
6925,Silver,552434.54,5,110486.91,Smartphones,Xiaomi,Monthly
6926,Silver,249658.55,4,62414.64,Printers,Canon,Quarterly
6927,Bronze,35999.47,2,17999.74,Keyboards,Logitech,Monthly
6928,Bronze,1706.91,3,568.97,Tablets,iPad,Bi-weekly
6929,Bronze,24574.66,1,24574.66,Printers,HP,Quarterly
6930,Gold,18859.14,9,2095.46,Tablets,iPad,Bi-weekly
6931,Silver,69228.45,5,13845.69,Smartphones,iPhone,Weekly
6932,Bronze,10169.63,1,10169.63,Laptops,Lenovo,Quarterly
6933,Bronze,60898.59,2,30449.29,Monitors,MSI,Bi-weekly
6934,Silver,22542.07,5,4508.41,Keyboards,Logitech,Bi-weekly
6935,Bronze,407.84,1,407.84,Monitors,BenQ,Weekly
6936,Silver,289316.14,5,57863.23,Printers,HP,Quarterly
6937,Silver,146927.52,5,29385.5,Laptops,Lenovo,Monthly
6938,Gold,203521.77,8,25440.22,Printers,HP,Quarterly
6939,Silver,75789.48,4,18947.37,Printers,Canon,Quarterly
6940,Bronze,14416.95,2,7208.48,Laptops,Dell,Weekly
6941,Bronze,11697.29,3,3899.1,Printers,HP,Weekly
6942,Silver,37555.14,4,9388.79,Smartphones,Realme,Quarterly
6943,Gold,331823.02,8,41477.88,Keyboards,Logitech,Monthly
6944,Bronze,87311.02,2,43655.51,Mice,Logitech,Bi-weekly
6945,Bronze,1779.16,2,889.58,Tablets,Samsung,Bi-weekly
6946,Bronze,110025.34,3,36675.11,Laptops,HP,Weekly
6947,Silver,91879.99,4,22970.0,Printers,Canon,Quarterly
6948,Gold,456930.73,7,65275.82,Laptops,Dell,Monthly
6949,Silver,349465.9,4,87366.47,Mice,Dell,Monthly
6950,Silver,477565.4,4,119391.35,Smartphones,Samsung,Weekly
6951,Silver,254000.41,4,63500.1,Tablets,Samsung,Monthly
6952,Silver,44188.68,5,8837.74,Mice,Corsair,Bi-weekly
6953,Silver,1180102.25,6,196683.71,Smartphones,Samsung,Quarterly
6954,Silver,53688.62,4,13422.15,Monitors,MSI,Weekly
6955,Silver,162637.34,6,27106.22,Tablets,Samsung,Quarterly
6956,Silver,219113.25,6,36518.88,Tablets,Samsung,Weekly
6957,Bronze,100478.43,2,50239.22,Keyboards,Dell,Monthly
6958,Silver,85680.02,5,17136.0,Smartphones,Realme,Monthly
6959,Silver,137702.78,4,34425.69,Printers,HP,Monthly
6960,Silver,195572.58,4,48893.14,Keyboards,Razer,Bi-weekly
6961,Silver,25313.06,6,4218.84,Keyboards,Logitech,Monthly
6962,Silver,92055.56,4,23013.89,Keyboards,Razer,Quarterly
6963,Bronze,51278.35,2,25639.17,Laptops,Dell,Quarterly
6964,Silver,179956.96,5,35991.39,Monitors,BenQ,Bi-weekly
6965,Silver,197265.91,6,32877.65,Keyboards,Dell,Bi-weekly
6966,Gold,49683.8,7,7097.69,Keyboards,Corsair,Bi-weekly
6967,Silver,454361.76,4,113590.44,Laptops,MacBook,Quarterly
6968,Bronze,70071.94,3,23357.31,Printers,HP,Quarterly
6969,Bronze,304237.87,3,101412.62,Printers,Canon,Weekly
6970,Silver,358466.57,6,59744.43,Mice,Corsair,Weekly
6971,Silver,8299.72,6,1383.29,Tablets,Samsung,Quarterly
6972,Silver,57148.27,6,9524.71,Laptops,HP,Weekly
6973,Gold,243656.96,7,34808.14,Printers,HP,Weekly
6974,Gold,549.9,7,78.56,Laptops,MacBook,Monthly
6975,Silver,41716.97,4,10429.24,Mice,Dell,Weekly
6976,Silver,89046.3,6,14841.05,Smartphones,Xiaomi,Monthly
6977,Silver,342166.32,5,68433.26,Keyboards,Razer,Weekly
6978,Silver,526539.8,4,131634.95,Tablets,iPad,Bi-weekly
6979,Silver,189688.67,6,31614.78,Monitors,Dell,Monthly
6980,Silver,95870.42,6,15978.4,Smartphones,iPhone,Quarterly
6981,Bronze,306004.87,2,153002.43,Smartphones,OnePlus,Bi-weekly
6982,Gold,57279.6,7,8182.8,Printers,HP,Weekly
6983,Silver,226672.77,4,56668.19,Keyboards,Corsair,Monthly
6984,Silver,5838.64,4,1459.66,Tablets,iPad,Weekly
6985,Silver,86900.54,4,21725.14,Smartphones,Poco,Bi-weekly
6986,Bronze,107750.63,3,35916.88,Mice,Logitech,Bi-weekly
6987,Bronze,282993.39,3,94331.13,Keyboards,Razer,Monthly
6988,Silver,259255.23,5,51851.05,Smartphones,Xiaomi,Monthly
6989,Silver,366651.7,6,61108.62,Keyboards,Corsair,Bi-weekly
6990,Silver,349198.41,6,58199.74,Keyboards,Logitech,Monthly
6991,Silver,210797.22,4,52699.31,Tablets,iPad,Quarterly
6992,Silver,307299.76,6,51216.63,Monitors,LG,Weekly
6993,Silver,61776.12,5,12355.22,Printers,Canon,Quarterly
6994,Silver,41134.38,5,8226.88,Tablets,Samsung,Quarterly
6995,Silver,12355.56,6,2059.26,Tablets,Samsung,Bi-weekly
6996,Silver,101191.05,4,25297.76,Keyboards,Razer,Weekly
6997,Bronze,215847.42,3,71949.14,Mice,Dell,Bi-weekly
6998,Gold,225219.11,8,28152.39,Smartphones,Realme,Monthly
6999,Gold,1112988.67,7,158998.38,Mice,Logitech,Monthly
7000,Gold,997163.91,7,142451.99,Smartphones,Xiaomi,Bi-weekly
7001,Silver,250316.61,5,50063.32,Tablets,Samsung,Quarterly
7002,Silver,222288.91,6,37048.15,Monitors,Dell,Bi-weekly
7003,Silver,383025.24,6,63837.54,Monitors,MSI,Quarterly
7004,Gold,311857.26,8,38982.16,Printers,Canon,Bi-weekly
7005,Silver,270785.56,5,54157.11,Laptops,Dell,Quarterly
7006,Gold,1207768.94,7,172538.42,Keyboards,Dell,Quarterly
7007,Silver,210671.81,6,35111.97,Smartphones,iPhone,Bi-weekly
7008,Silver,24184.47,6,4030.75,Keyboards,Razer,Bi-weekly
7009,Bronze,3958.6,1,3958.6,Mice,Dell,Bi-weekly
7010,Silver,55749.45,6,9291.58,Keyboards,Corsair,Weekly
7011,Bronze,144511.31,3,48170.44,Tablets,Samsung,Weekly
7012,Silver,689476.69,6,114912.78,Printers,Canon,Weekly
7013,Bronze,23098.87,2,11549.43,Mice,Corsair,Bi-weekly
7014,Silver,44926.07,4,11231.52,Laptops,Lenovo,Quarterly
7015,Silver,64749.76,4,16187.44,Mice,Corsair,Monthly
7016,Silver,842211.6,5,168442.32,Monitors,Dell,Monthly
7017,Silver,203008.47,5,40601.69,Keyboards,Corsair,Bi-weekly
7018,Bronze,123244.6,3,41081.53,Laptops,Dell,Monthly
7019,Silver,288270.3,4,72067.58,Tablets,Samsung,Monthly
7020,Gold,382126.85,7,54589.55,Monitors,Dell,Weekly
7021,Silver,43317.23,5,8663.45,Mice,Corsair,Bi-weekly
7022,Bronze,174894.13,3,58298.04,Laptops,Lenovo,Quarterly
7023,Gold,1070528.9,7,152932.7,Printers,HP,Monthly
7024,Bronze,70122.62,3,23374.21,Laptops,MacBook,Weekly
7025,Gold,66927.58,7,9561.08,Smartphones,Xiaomi,Quarterly
7026,Silver,760737.72,6,126789.62,Smartphones,Xiaomi,Weekly
7027,Bronze,114664.42,2,57332.21,Tablets,iPad,Bi-weekly
7028,Silver,171398.69,5,34279.74,Printers,HP,Bi-weekly
7029,Bronze,43395.5,1,43395.5,Mice,Dell,Quarterly
7030,Silver,137820.91,5,27564.18,Mice,Dell,Monthly
7031,Bronze,104688.89,2,52344.45,Mice,Dell,Bi-weekly
7032,Bronze,42391.62,3,14130.54,Smartphones,Xiaomi,Weekly
7033,Bronze,787716.12,3,262572.04,Keyboards,Dell,Weekly
7034,Silver,445648.49,6,74274.75,Keyboards,Razer,Weekly
7035,Silver,190237.97,5,38047.59,Laptops,Lenovo,Quarterly
7036,Bronze,293276.5,3,97758.83,Monitors,ASUS,Monthly
7037,Silver,122031.3,6,20338.55,Mice,Corsair,Quarterly
7038,Silver,6356.35,5,1271.27,Tablets,Samsung,Monthly
7039,Silver,170780.43,6,28463.41,Tablets,iPad,Monthly
7040,Silver,37479.77,5,7495.95,Keyboards,Corsair,Bi-weekly
7041,Gold,140488.47,9,15609.83,Tablets,iPad,Weekly
7042,Bronze,42044.32,1,42044.32,Printers,Canon,Weekly
7043,Bronze,23871.33,3,7957.11,Monitors,LG,Weekly
7044,Silver,30456.44,6,5076.07,Laptops,HP,Quarterly
7045,Silver,958932.87,6,159822.15,Keyboards,Dell,Bi-weekly
7046,Silver,477332.74,4,119333.18,Monitors,MSI,Monthly
7047,Silver,211644.19,4,52911.05,Laptops,HP,Weekly
7048,Gold,56225.17,8,7028.15,Tablets,iPad,Monthly
7049,Silver,101890.94,4,25472.73,Printers,Canon,Bi-weekly
7050,Silver,487222.59,6,81203.76,Monitors,BenQ,Quarterly
7051,Silver,251330.43,5,50266.09,Monitors,LG,Weekly
7052,Bronze,19895.91,3,6631.97,Smartphones,Realme,Monthly
7053,Silver,218531.88,6,36421.98,Keyboards,Corsair,Quarterly
7054,Bronze,98859.6,3,32953.2,Keyboards,Dell,Monthly
7055,Bronze,3128.09,3,1042.7,Tablets,Samsung,Quarterly
7056,Silver,399192.1,6,66532.02,Smartphones,Realme,Quarterly
7057,Bronze,23826.84,2,11913.42,Monitors,Dell,Quarterly
7058,Silver,24239.56,4,6059.89,Monitors,ASUS,Monthly
7059,Silver,137132.37,4,34283.09,Laptops,Lenovo,Quarterly
7060,Bronze,127131.5,3,42377.17,Tablets,iPad,Quarterly
7061,Silver,1232.71,4,308.18,Mice,Logitech,Quarterly
7062,Gold,299162.68,8,37395.34,Smartphones,iPhone,Weekly
7063,Bronze,21757.19,2,10878.6,Smartphones,Samsung,Weekly
7064,Gold,117255.23,7,16750.75,Mice,Logitech,Weekly
7065,Silver,175747.39,5,35149.48,Laptops,MacBook,Weekly
7066,Bronze,16817.52,1,16817.52,Laptops,Dell,Monthly
7067,Bronze,94958.81,3,31652.94,Mice,Logitech,Bi-weekly
7068,Silver,322446.97,4,80611.74,Laptops,Lenovo,Bi-weekly
7069,Silver,60041.78,6,10006.96,Printers,HP,Weekly
7070,Bronze,62618.83,1,62618.83,Keyboards,Logitech,Weekly
7071,Silver,105120.96,5,21024.19,Monitors,ASUS,Monthly
7072,Gold,173452.88,7,24778.98,Keyboards,Razer,Bi-weekly
7073,Silver,37632.34,4,9408.09,Printers,HP,Weekly
7074,Silver,159814.17,5,31962.83,Monitors,LG,Bi-weekly
7075,Bronze,180016.04,3,60005.35,Smartphones,OnePlus,Quarterly
7076,Silver,89167.44,5,17833.49,Monitors,BenQ,Bi-weekly
7077,Silver,178514.73,5,35702.95,Laptops,HP,Bi-weekly
7078,Gold,606123.28,8,75765.41,Smartphones,Poco,Weekly
7079,Silver,147792.93,6,24632.15,Laptops,Dell,Quarterly
7080,Silver,164721.26,6,27453.54,Tablets,Samsung,Bi-weekly
7081,Silver,65346.07,4,16336.52,Mice,Corsair,Weekly
7082,Silver,8072.02,4,2018.01,Monitors,ASUS,Weekly
7083,Silver,104019.04,6,17336.51,Printers,HP,Bi-weekly
7084,Bronze,3712.58,1,3712.58,Laptops,Lenovo,Monthly
7085,Silver,38762.22,4,9690.56,Printers,Canon,Quarterly
7086,Silver,81516.9,5,16303.38,Keyboards,Logitech,Weekly
7087,Gold,243713.32,7,34816.19,Laptops,HP,Monthly
7088,Silver,53820.73,6,8970.12,Laptops,MacBook,Monthly
7089,Bronze,200917.31,3,66972.44,Monitors,Dell,Quarterly
7090,Bronze,119480.88,2,59740.44,Keyboards,Dell,Quarterly
7091,Gold,46056.41,7,6579.49,Tablets,iPad,Monthly
7092,Silver,548375.61,6,91395.93,Mice,Dell,Quarterly
7093,Bronze,122173.69,3,40724.56,Monitors,BenQ,Monthly
7094,Silver,20974.59,4,5243.65,Printers,Canon,Weekly
7095,Bronze,44728.68,1,44728.68,Monitors,MSI,Weekly
7096,Bronze,255912.11,3,85304.04,Tablets,iPad,Monthly
7097,Bronze,14833.98,3,4944.66,Monitors,MSI,Quarterly
7098,Gold,286420.54,7,40917.22,Keyboards,Logitech,Bi-weekly
7099,Bronze,6284.61,2,3142.31,Printers,Canon,Monthly
7100,Silver,121303.26,6,20217.21,Mice,Logitech,Quarterly
7101,Gold,75028.0,7,10718.29,Printers,Canon,Weekly
7102,Bronze,18278.98,2,9139.49,Smartphones,Samsung,Bi-weekly
7103,Silver,152421.48,5,30484.3,Keyboards,Logitech,Monthly
7104,Silver,71041.14,5,14208.23,Tablets,iPad,Quarterly
7105,Silver,242196.87,4,60549.22,Monitors,Dell,Bi-weekly
7106,Silver,29805.43,6,4967.57,Keyboards,Razer,Bi-weekly
7107,Gold,221497.41,7,31642.49,Mice,Dell,Weekly
7108,Bronze,25089.22,3,8363.07,Laptops,Lenovo,Monthly
7109,Silver,259038.66,6,43173.11,Printers,Canon,Quarterly
7110,Bronze,176797.89,3,58932.63,Tablets,iPad,Monthly
7111,Silver,41888.96,5,8377.79,Tablets,Samsung,Weekly
7112,Silver,175120.31,4,43780.08,Smartphones,Samsung,Monthly
7113,Bronze,51293.17,2,25646.58,Printers,Canon,Quarterly
7114,Silver,90728.59,4,22682.15,Monitors,BenQ,Quarterly
7115,Silver,289082.82,6,48180.47,Printers,Canon,Monthly
7116,Bronze,72275.63,2,36137.81,Tablets,iPad,Quarterly
7117,Gold,48438.39,7,6919.77,Monitors,BenQ,Bi-weekly
7118,Gold,578080.74,9,64231.19,Printers,Canon,Bi-weekly
7119,Bronze,198235.1,2,99117.55,Tablets,iPad,Bi-weekly
7120,Silver,93517.68,5,18703.54,Tablets,Samsung,Quarterly
7121,Bronze,17902.68,1,17902.68,Laptops,Dell,Weekly
7122,Bronze,28463.01,1,28463.01,Smartphones,Xiaomi,Weekly
7123,Bronze,58519.79,2,29259.9,Laptops,HP,Quarterly
7124,Bronze,6481.5,2,3240.75,Keyboards,Logitech,Monthly
7125,Bronze,9366.81,1,9366.81,Smartphones,Poco,Bi-weekly
7126,Silver,972445.1,6,162074.18,Smartphones,Xiaomi,Bi-weekly
7127,Silver,34989.52,6,5831.59,Monitors,LG,Bi-weekly
7128,Gold,504512.54,7,72073.22,Mice,Corsair,Bi-weekly
7129,Silver,74440.95,5,14888.19,Smartphones,Samsung,Bi-weekly
7130,Gold,559070.68,7,79867.24,Printers,HP,Weekly
7131,Gold,126922.83,7,18131.83,Smartphones,OnePlus,Bi-weekly
7132,Gold,184873.69,8,23109.21,Tablets,Samsung,Monthly
7133,Bronze,66160.23,3,22053.41,Keyboards,Razer,Monthly
7134,Gold,90026.15,7,12860.88,Smartphones,Realme,Monthly
7135,Silver,159808.81,4,39952.2,Printers,Canon,Bi-weekly
7136,Silver,35284.94,5,7056.99,Monitors,ASUS,Bi-weekly
7137,Silver,87446.91,5,17489.38,Mice,Corsair,Monthly
7138,Bronze,75480.44,3,25160.15,Smartphones,OnePlus,Monthly
7139,Gold,5164.48,7,737.78,Mice,Logitech,Monthly
7140,Gold,38552.68,9,4283.63,Keyboards,Razer,Monthly
7141,Silver,173794.69,4,43448.67,Smartphones,OnePlus,Bi-weekly
7142,Silver,309143.55,4,77285.89,Monitors,Dell,Bi-weekly
7143,Bronze,37320.93,2,18660.46,Laptops,Lenovo,Quarterly
7144,Bronze,66643.39,1,66643.39,Smartphones,Xiaomi,Bi-weekly
7145,Gold,5834.47,7,833.5,Keyboards,Razer,Bi-weekly
7146,Bronze,213691.46,3,71230.49,Mice,Dell,Bi-weekly
7147,Bronze,135734.7,3,45244.9,Monitors,ASUS,Weekly
7148,Bronze,14828.48,2,7414.24,Mice,Corsair,Weekly
7149,Silver,130529.62,5,26105.92,Keyboards,Corsair,Weekly
7150,Bronze,523888.47,3,174629.49,Laptops,Lenovo,Monthly
7151,Bronze,121288.35,3,40429.45,Monitors,Dell,Bi-weekly
7152,Silver,4141.3,5,828.26,Tablets,iPad,Weekly
7153,Bronze,89375.11,2,44687.55,Laptops,HP,Quarterly
7154,Bronze,40976.45,1,40976.45,Tablets,Samsung,Bi-weekly
7155,Silver,82655.42,4,20663.85,Laptops,HP,Bi-weekly
7156,Silver,381017.5,5,76203.5,Mice,Logitech,Monthly
7157,Gold,884827.92,8,110603.49,Keyboards,Logitech,Quarterly
7158,Bronze,40154.33,3,13384.78,Printers,Canon,Monthly
7159,Bronze,3663.28,2,1831.64,Monitors,LG,Quarterly
7160,Bronze,136966.94,2,68483.47,Monitors,Dell,Weekly
7161,Silver,804015.2,5,160803.04,Tablets,iPad,Bi-weekly
7162,Bronze,132411.59,2,66205.79,Printers,Canon,Monthly
7163,Silver,56689.74,5,11337.95,Tablets,iPad,Weekly
7164,Bronze,367808.08,3,122602.69,Monitors,BenQ,Weekly
7165,Gold,113292.15,7,16184.59,Printers,HP,Bi-weekly
7166,Silver,283095.16,6,47182.53,Mice,Logitech,Weekly
7167,Bronze,18848.79,2,9424.39,Mice,Corsair,Quarterly
7168,Silver,190659.82,6,31776.64,Mice,Corsair,Monthly
7169,Gold,118970.08,7,16995.73,Smartphones,OnePlus,Quarterly
7170,Bronze,221668.3,3,73889.43,Printers,Canon,Quarterly
7171,Silver,300713.29,4,75178.32,Printers,Canon,Monthly
7172,Silver,195239.42,4,48809.86,Laptops,Lenovo,Monthly
7173,Silver,355070.48,6,59178.41,Mice,Logitech,Weekly
7174,Gold,557307.67,7,79615.38,Monitors,ASUS,Weekly
7175,Silver,902.2,4,225.55,Mice,Dell,Bi-weekly
7176,Bronze,268815.38,3,89605.13,Mice,Corsair,Bi-weekly
7177,Bronze,127352.72,2,63676.36,Monitors,LG,Quarterly
7178,Bronze,58890.96,1,58890.96,Mice,Logitech,Weekly
7179,Silver,346519.79,5,69303.96,Keyboards,Corsair,Monthly
7180,Bronze,159380.55,3,53126.85,Laptops,Dell,Weekly
7181,Bronze,109951.56,2,54975.78,Monitors,ASUS,Quarterly
7182,Bronze,55113.64,3,18371.21,Smartphones,Samsung,Bi-weekly
7183,Bronze,127264.52,1,127264.52,Mice,Logitech,Quarterly
7184,Bronze,6482.07,1,6482.07,Smartphones,OnePlus,Bi-weekly
7185,Silver,161438.33,6,26906.39,Mice,Corsair,Bi-weekly
7186,Bronze,6977.53,2,3488.76,Mice,Logitech,Quarterly
7187,Silver,1192470.54,6,198745.09,Monitors,LG,Bi-weekly
7188,Gold,817181.36,7,116740.19,Printers,Canon,Quarterly
7189,Silver,287245.04,6,47874.17,Tablets,Samsung,Bi-weekly
7190,Bronze,10885.58,3,3628.53,Keyboards,Logitech,Weekly
7191,Bronze,97225.83,1,97225.83,Mice,Logitech,Bi-weekly
7192,Silver,85969.34,5,17193.87,Monitors,MSI,Quarterly
7193,Silver,175840.17,4,43960.04,Monitors,Dell,Bi-weekly
7194,Bronze,36708.77,3,12236.26,Tablets,iPad,Bi-weekly
7195,Gold,21671.11,7,3095.87,Monitors,LG,Weekly
7196,Silver,456727.14,5,91345.43,Keyboards,Logitech,Quarterly
7197,Silver,263541.97,4,65885.49,Keyboards,Corsair,Weekly
7198,Silver,72884.72,5,14576.94,Keyboards,Dell,Bi-weekly
7199,Silver,197656.11,4,49414.03,Mice,Logitech,Bi-weekly
7200,Silver,59606.99,6,9934.5,Laptops,MacBook,Quarterly
7201,Silver,118614.57,4,29653.64,Laptops,Lenovo,Quarterly
7202,Silver,2418.68,5,483.74,Mice,Logitech,Bi-weekly
7203,Gold,415794.51,8,51974.31,Tablets,Samsung,Bi-weekly
7204,Silver,42961.3,4,10740.33,Mice,Dell,Quarterly
7205,Bronze,248717.15,3,82905.72,Mice,Corsair,Weekly
7206,Silver,95479.75,4,23869.94,Keyboards,Razer,Monthly
7207,Gold,326115.24,7,46587.89,Printers,HP,Weekly
7208,Silver,17121.5,5,3424.3,Laptops,Lenovo,Bi-weekly
7209,Bronze,329284.41,3,109761.47,Keyboards,Logitech,Quarterly
7210,Bronze,54234.76,3,18078.25,Tablets,Samsung,Monthly
7211,Bronze,9688.31,1,9688.31,Tablets,Samsung,Bi-weekly
7212,Bronze,55520.32,3,18506.77,Printers,Canon,Weekly
7213,Silver,80077.2,4,20019.3,Laptops,MacBook,Bi-weekly
7214,Bronze,17420.75,2,8710.38,Mice,Corsair,Bi-weekly
7215,Silver,231237.97,4,57809.49,Keyboards,Razer,Quarterly
7216,Silver,300007.6,6,50001.27,Monitors,LG,Weekly
7217,Bronze,85457.44,3,28485.81,Printers,HP,Quarterly
7218,Bronze,65894.74,3,21964.91,Keyboards,Logitech,Monthly
7219,Gold,122600.8,8,15325.1,Keyboards,Logitech,Weekly
7220,Silver,295362.49,6,49227.08,Printers,HP,Quarterly
7221,Silver,185529.86,4,46382.46,Keyboards,Razer,Quarterly
7222,Bronze,2636.28,1,2636.28,Printers,HP,Monthly
7223,Silver,76957.98,4,19239.49,Monitors,BenQ,Bi-weekly
7224,Bronze,529959.9,2,264979.95,Laptops,MacBook,Weekly
7225,Gold,438531.35,7,62647.34,Printers,Canon,Monthly
7226,Silver,333247.1,5,66649.42,Tablets,iPad,Quarterly
7227,Silver,117444.65,6,19574.11,Mice,Logitech,Quarterly
7228,Silver,107869.31,6,17978.22,Laptops,Lenovo,Quarterly
7229,Silver,108662.38,5,21732.48,Printers,HP,Quarterly
7230,Bronze,91849.21,3,30616.4,Monitors,BenQ,Monthly
7231,Silver,3433.46,4,858.36,Printers,HP,Quarterly
7232,Silver,195469.3,5,39093.86,Monitors,LG,Bi-weekly
7233,Bronze,115201.07,2,57600.53,Laptops,Dell,Weekly
7234,Silver,28537.16,4,7134.29,Smartphones,OnePlus,Weekly
7235,Silver,43713.36,5,8742.67,Laptops,MacBook,Bi-weekly
7236,Silver,118739.11,4,29684.78,Tablets,iPad,Monthly
7237,Silver,4912.72,4,1228.18,Mice,Dell,Quarterly
7238,Bronze,159963.35,2,79981.67,Mice,Logitech,Bi-weekly
7239,Silver,32859.09,5,6571.82,Mice,Corsair,Bi-weekly
7240,Bronze,113555.56,3,37851.85,Keyboards,Razer,Quarterly
7241,Bronze,13866.34,1,13866.34,Tablets,Samsung,Weekly
7242,Silver,209432.67,4,52358.17,Smartphones,iPhone,Weekly
7243,Silver,39635.95,6,6605.99,Tablets,iPad,Quarterly
7244,Bronze,7725.15,2,3862.57,Mice,Logitech,Monthly
7245,Gold,86221.41,8,10777.68,Printers,Canon,Weekly
7246,Silver,326720.52,5,65344.1,Smartphones,iPhone,Bi-weekly
7247,Silver,107906.77,5,21581.35,Keyboards,Logitech,Monthly
7248,Silver,258174.85,4,64543.71,Printers,Canon,Bi-weekly
7249,Gold,74568.3,9,8285.37,Mice,Logitech,Monthly
7250,Silver,21687.87,6,3614.64,Printers,Canon,Quarterly
7251,Silver,201695.6,5,40339.12,Tablets,Samsung,Bi-weekly
7252,Silver,111857.54,6,18642.92,Tablets,iPad,Monthly
7253,Silver,25370.34,4,6342.59,Laptops,MacBook,Weekly
7254,Silver,152752.8,6,25458.8,Monitors,ASUS,Weekly
7255,Gold,117138.21,9,13015.36,Laptops,MacBook,Monthly
7256,Silver,99038.41,6,16506.4,Monitors,LG,Quarterly
7257,Silver,103098.95,5,20619.79,Tablets,iPad,Quarterly
7258,Bronze,203896.86,3,67965.62,Laptops,MacBook,Bi-weekly
7259,Gold,798981.39,8,99872.67,Printers,HP,Bi-weekly
7260,Bronze,476576.98,3,158858.99,Printers,HP,Bi-weekly
7261,Silver,115813.17,4,28953.29,Mice,Logitech,Weekly
7262,Silver,9977.06,4,2494.27,Monitors,Dell,Bi-weekly
7263,Silver,37774.53,5,7554.91,Printers,HP,Quarterly
7264,Silver,114571.44,4,28642.86,Printers,HP,Monthly
7265,Silver,850091.01,4,212522.75,Monitors,Dell,Monthly
7266,Silver,77332.05,4,19333.01,Monitors,MSI,Monthly
7267,Bronze,136773.42,3,45591.14,Smartphones,iPhone,Monthly
7268,Bronze,167699.99,3,55900.0,Printers,Canon,Weekly
7269,Bronze,31063.26,3,10354.42,Tablets,Samsung,Weekly
7270,Silver,68990.68,6,11498.45,Mice,Dell,Monthly
7271,Silver,165217.48,4,41304.37,Mice,Logitech,Bi-weekly
7272,Bronze,62763.65,3,20921.22,Keyboards,Corsair,Weekly
7273,Silver,14839.82,4,3709.96,Tablets,Samsung,Monthly
7274,Silver,225682.88,4,56420.72,Monitors,Dell,Quarterly
7275,Silver,99580.63,6,16596.77,Laptops,HP,Quarterly
7276,Silver,375162.03,4,93790.51,Tablets,Samsung,Monthly
7277,Bronze,65398.28,3,21799.43,Tablets,iPad,Quarterly
7278,Silver,20536.75,4,5134.19,Keyboards,Corsair,Weekly
7279,Silver,325746.9,6,54291.15,Smartphones,Samsung,Weekly
7280,Silver,497624.75,4,124406.19,Printers,HP,Weekly
7281,Bronze,33538.0,1,33538.0,Smartphones,iPhone,Weekly
7282,Gold,31269.47,7,4467.07,Monitors,BenQ,Monthly
7283,Bronze,12268.62,3,4089.54,Tablets,Samsung,Monthly
7284,Gold,177269.03,7,25324.15,Smartphones,Samsung,Weekly
7285,Bronze,106674.22,2,53337.11,Smartphones,Samsung,Quarterly
7286,Bronze,88865.48,3,29621.83,Mice,Logitech,Bi-weekly
7287,Bronze,30425.61,3,10141.87,Laptops,Dell,Quarterly
7288,Gold,236008.97,8,29501.12,Tablets,Samsung,Bi-weekly
7289,Bronze,35816.73,3,11938.91,Monitors,ASUS,Bi-weekly
7290,Bronze,2135.02,2,1067.51,Monitors,ASUS,Monthly
7291,Silver,61111.44,6,10185.24,Mice,Dell,Weekly
7292,Bronze,351705.94,3,117235.31,Laptops,MacBook,Weekly
7293,Bronze,107390.68,2,53695.34,Monitors,ASUS,Weekly
7294,Silver,1077231.99,6,179538.67,Printers,HP,Quarterly
7295,Silver,143080.24,5,28616.05,Printers,Canon,Weekly
7296,Silver,390949.37,5,78189.87,Printers,Canon,Quarterly
7297,Bronze,12889.34,3,4296.45,Mice,Dell,Monthly
7298,Bronze,14545.56,1,14545.56,Printers,Canon,Bi-weekly
7299,Silver,222650.1,6,37108.35,Laptops,Lenovo,Bi-weekly
7300,Silver,57057.46,4,14264.36,Printers,HP,Quarterly
7301,Silver,647656.12,6,107942.69,Keyboards,Razer,Weekly
7302,Silver,702941.21,5,140588.24,Tablets,Samsung,Bi-weekly
7303,Bronze,24417.52,2,12208.76,Laptops,MacBook,Monthly
7304,Silver,300430.91,5,60086.18,Keyboards,Corsair,Weekly
7305,Silver,719374.07,4,179843.52,Laptops,Dell,Monthly
7306,Silver,51149.55,4,12787.39,Keyboards,Logitech,Weekly
7307,Silver,58291.04,4,14572.76,Printers,HP,Monthly
7308,Silver,213030.47,4,53257.62,Laptops,Lenovo,Bi-weekly
7309,Bronze,135.3,2,67.65,Printers,Canon,Weekly
7310,Silver,557725.58,4,139431.39,Laptops,Dell,Weekly
7311,Silver,417393.41,4,104348.35,Smartphones,iPhone,Bi-weekly
7312,Bronze,325737.73,3,108579.24,Mice,Corsair,Bi-weekly
7313,Bronze,69611.22,2,34805.61,Laptops,HP,Quarterly
7314,Bronze,26434.38,1,26434.38,Laptops,HP,Monthly
7315,Bronze,265580.98,3,88526.99,Tablets,Samsung,Bi-weekly
7316,Silver,61033.37,4,15258.34,Printers,HP,Bi-weekly
7317,Silver,130113.15,5,26022.63,Keyboards,Razer,Monthly
7318,Silver,4504.26,4,1126.07,Monitors,Dell,Monthly
7319,Silver,129571.7,4,32392.92,Mice,Corsair,Quarterly
7320,Bronze,38947.85,3,12982.62,Keyboards,Logitech,Bi-weekly
7321,Bronze,7400.34,1,7400.34,Tablets,Samsung,Weekly
7322,Gold,369389.56,8,46173.7,Mice,Dell,Quarterly
7323,Silver,29652.78,5,5930.56,Monitors,Dell,Weekly
7324,Silver,436752.27,4,109188.07,Mice,Logitech,Monthly
7325,Bronze,58396.47,3,19465.49,Mice,Dell,Bi-weekly
7326,Silver,373663.45,5,74732.69,Mice,Logitech,Bi-weekly
7327,Silver,47267.02,5,9453.4,Mice,Corsair,Monthly
7328,Bronze,378889.97,3,126296.66,Laptops,HP,Quarterly
7329,Gold,181844.23,7,25977.75,Monitors,LG,Monthly
7330,Silver,18537.25,5,3707.45,Monitors,LG,Weekly
7331,Silver,114514.36,4,28628.59,Mice,Logitech,Bi-weekly
7332,Silver,231933.18,6,38655.53,Laptops,HP,Monthly
7333,Silver,82538.39,4,20634.6,Printers,Canon,Monthly
7334,Silver,242804.02,4,60701.0,Tablets,iPad,Monthly
7335,Gold,280062.41,8,35007.8,Monitors,ASUS,Bi-weekly
7336,Gold,210400.69,9,23377.85,Tablets,Samsung,Monthly
7337,Gold,164271.52,7,23467.36,Keyboards,Razer,Quarterly
7338,Silver,320599.66,4,80149.91,Laptops,HP,Weekly
7339,Bronze,21154.07,2,10577.03,Printers,HP,Quarterly
7340,Bronze,254541.84,3,84847.28,Printers,Canon,Quarterly
7341,Silver,21396.23,5,4279.25,Monitors,LG,Bi-weekly
7342,Bronze,1201.46,3,400.49,Keyboards,Logitech,Weekly
7343,Silver,184310.65,5,36862.13,Monitors,ASUS,Monthly
7344,Silver,159321.11,6,26553.52,Printers,Canon,Monthly
7345,Bronze,44309.84,1,44309.84,Keyboards,Logitech,Monthly
7346,Silver,43165.86,5,8633.17,Laptops,MacBook,Bi-weekly
7347,Gold,156769.36,7,22395.62,Tablets,Samsung,Bi-weekly
7348,Silver,87003.53,5,17400.71,Mice,Logitech,Bi-weekly
7349,Silver,1918.18,6,319.7,Monitors,MSI,Weekly
7350,Bronze,434244.16,3,144748.05,Tablets,Samsung,Monthly
7351,Gold,855753.29,7,122250.47,Monitors,ASUS,Bi-weekly
7352,Silver,144711.41,6,24118.57,Keyboards,Dell,Monthly
7353,Silver,284682.18,4,71170.55,Smartphones,OnePlus,Monthly
7354,Silver,13011.66,6,2168.61,Keyboards,Corsair,Bi-weekly
7355,Silver,26140.03,6,4356.67,Mice,Logitech,Bi-weekly
7356,Bronze,420543.05,3,140181.02,Laptops,Lenovo,Bi-weekly
7357,Bronze,129883.49,2,64941.75,Tablets,iPad,Bi-weekly
7358,Bronze,176778.16,3,58926.05,Printers,HP,Quarterly
7359,Silver,270416.71,6,45069.45,Keyboards,Logitech,Bi-weekly
7360,Silver,78765.8,4,19691.45,Keyboards,Razer,Bi-weekly
7361,Bronze,85872.85,3,28624.28,Printers,HP,Monthly
7362,Gold,39303.11,8,4912.89,Mice,Logitech,Quarterly
7363,Gold,10901.27,7,1557.32,Monitors,ASUS,Monthly
7364,Silver,109330.35,5,21866.07,Keyboards,Logitech,Quarterly
7365,Silver,37562.33,5,7512.47,Laptops,MacBook,Quarterly
7366,Bronze,77150.67,3,25716.89,Monitors,ASUS,Monthly
7367,Silver,64588.28,6,10764.71,Printers,Canon,Bi-weekly
7368,Silver,336340.16,5,67268.03,Monitors,MSI,Monthly
7369,Gold,20889.36,7,2984.19,Monitors,BenQ,Weekly
7370,Silver,106145.93,5,21229.19,Tablets,Samsung,Monthly
7371,Silver,450754.73,6,75125.79,Smartphones,Poco,Weekly
7372,Gold,892653.08,9,99183.68,Keyboards,Razer,Bi-weekly
7373,Bronze,25355.46,3,8451.82,Laptops,Lenovo,Bi-weekly
7374,Bronze,79796.39,3,26598.8,Monitors,LG,Monthly
7375,Bronze,3313.84,1,3313.84,Tablets,Samsung,Weekly
7376,Bronze,42249.81,3,14083.27,Laptops,Dell,Quarterly
7377,Bronze,50894.48,2,25447.24,Tablets,iPad,Quarterly
7378,Bronze,64476.35,1,64476.35,Smartphones,Xiaomi,Bi-weekly
7379,Gold,171698.99,7,24528.43,Mice,Corsair,Quarterly
7380,Bronze,67040.49,3,22346.83,Monitors,MSI,Bi-weekly
7381,Silver,49222.79,5,9844.56,Printers,Canon,Bi-weekly
7382,Bronze,66750.91,3,22250.3,Mice,Dell,Bi-weekly
7383,Silver,60142.95,5,12028.59,Mice,Corsair,Monthly
7384,Bronze,50104.01,3,16701.34,Laptops,MacBook,Monthly
7385,Bronze,37548.85,1,37548.85,Keyboards,Razer,Monthly
7386,Silver,1174114.26,6,195685.71,Monitors,LG,Monthly
7387,Silver,363413.3,6,60568.88,Laptops,HP,Monthly
7388,Bronze,77150.97,3,25716.99,Mice,Dell,Monthly
7389,Gold,88583.14,9,9842.57,Smartphones,iPhone,Quarterly
7390,Silver,62348.53,5,12469.71,Laptops,MacBook,Monthly
7391,Bronze,121961.67,1,121961.67,Laptops,HP,Monthly
7392,Silver,429067.75,4,107266.94,Mice,Dell,Quarterly
7393,Bronze,32298.69,2,16149.34,Mice,Corsair,Monthly
7394,Gold,112014.22,8,14001.78,Keyboards,Corsair,Weekly
7395,Bronze,38.58,2,19.29,Keyboards,Razer,Quarterly
7396,Bronze,59620.71,3,19873.57,Smartphones,Samsung,Quarterly
7397,Bronze,17849.24,1,17849.24,Keyboards,Dell,Quarterly
7398,Gold,40.82,7,5.83,Mice,Dell,Bi-weekly
7399,Silver,118893.37,6,19815.56,Smartphones,Realme,Weekly
7400,Bronze,263564.78,3,87854.93,Laptops,Lenovo,Bi-weekly
7401,Gold,945920.58,7,135131.51,Laptops,Dell,Bi-weekly
7402,Silver,97288.08,4,24322.02,Printers,HP,Weekly
7403,Silver,290543.41,6,48423.9,Monitors,Dell,Bi-weekly
7404,Silver,2914.85,5,582.97,Smartphones,Xiaomi,Quarterly
7405,Silver,63634.84,4,15908.71,Laptops,HP,Quarterly
7406,Bronze,37177.97,3,12392.66,Laptops,MacBook,Bi-weekly
7407,Gold,15088.99,7,2155.57,Laptops,MacBook,Quarterly
7408,Gold,173734.48,8,21716.81,Laptops,Dell,Monthly
7409,Silver,210783.36,4,52695.84,Mice,Logitech,Weekly
7410,Gold,66245.31,9,7360.59,Mice,Corsair,Quarterly
7411,Gold,78708.49,8,9838.56,Laptops,Lenovo,Weekly
7412,Gold,1055028.41,8,131878.55,Tablets,iPad,Bi-weekly
7413,Gold,42519.22,7,6074.17,Tablets,iPad,Weekly
7414,Bronze,74646.45,2,37323.22,Laptops,HP,Quarterly
7415,Silver,33912.77,5,6782.55,Printers,Canon,Bi-weekly
7416,Silver,2023.05,4,505.76,Tablets,Samsung,Monthly
7417,Silver,220973.95,6,36828.99,Laptops,Dell,Monthly
7418,Gold,366898.07,9,40766.45,Smartphones,Xiaomi,Monthly
7419,Silver,157031.32,5,31406.26,Keyboards,Razer,Monthly
7420,Bronze,150576.58,3,50192.19,Laptops,Dell,Quarterly
7421,Bronze,62274.94,3,20758.31,Mice,Corsair,Bi-weekly
7422,Gold,436838.23,9,48537.58,Smartphones,Samsung,Weekly
7423,Bronze,72009.48,3,24003.16,Printers,Canon,Quarterly
7424,Bronze,227524.67,3,75841.56,Smartphones,Samsung,Weekly
7425,Silver,90468.21,6,15078.03,Tablets,Samsung,Monthly
7426,Gold,398918.85,8,49864.86,Keyboards,Corsair,Monthly
7427,Silver,234535.45,6,39089.24,Keyboards,Razer,Quarterly
7428,Bronze,18399.44,3,6133.15,Smartphones,Realme,Quarterly
7429,Bronze,35470.23,3,11823.41,Tablets,Samsung,Quarterly
7430,Silver,332620.64,6,55436.77,Mice,Logitech,Weekly
7431,Silver,28125.68,5,5625.14,Laptops,HP,Quarterly
7432,Bronze,63158.32,2,31579.16,Smartphones,Samsung,Quarterly
7433,Silver,634603.44,5,126920.69,Mice,Logitech,Bi-weekly
7434,Silver,41985.33,5,8397.07,Monitors,BenQ,Bi-weekly
7435,Gold,92661.69,7,13237.38,Monitors,MSI,Monthly
7436,Bronze,12200.64,2,6100.32,Mice,Dell,Monthly
7437,Silver,170055.43,6,28342.57,Monitors,MSI,Weekly
7438,Silver,634070.89,6,105678.48,Mice,Corsair,Bi-weekly
7439,Silver,38733.62,6,6455.6,Tablets,Samsung,Weekly
7440,Silver,13256.89,4,3314.22,Monitors,ASUS,Quarterly
7441,Gold,109229.7,10,10922.97,Smartphones,Poco,Monthly
7442,Silver,138566.44,4,34641.61,Monitors,MSI,Bi-weekly
7443,Silver,1047480.24,6,174580.04,Tablets,Samsung,Weekly
7444,Silver,193571.99,5,38714.4,Monitors,ASUS,Weekly
7445,Gold,384904.21,8,48113.03,Printers,HP,Quarterly
7446,Silver,289681.35,4,72420.34,Tablets,iPad,Quarterly
7447,Silver,10748.94,4,2687.24,Smartphones,Xiaomi,Monthly
7448,Gold,352908.7,8,44113.59,Smartphones,OnePlus,Bi-weekly
7449,Gold,77071.87,8,9633.98,Printers,Canon,Quarterly
7450,Silver,69301.58,4,17325.39,Keyboards,Logitech,Weekly
7451,Silver,220432.53,6,36738.75,Tablets,Samsung,Quarterly
7452,Gold,93284.71,8,11660.59,Tablets,iPad,Bi-weekly
7453,Gold,551198.56,7,78742.65,Keyboards,Dell,Bi-weekly
7454,Silver,94111.43,5,18822.29,Keyboards,Corsair,Weekly
7455,Silver,85890.22,5,17178.04,Printers,Canon,Weekly
7456,Silver,74543.79,5,14908.76,Mice,Logitech,Quarterly
7457,Bronze,116876.61,3,38958.87,Printers,HP,Quarterly
7458,Bronze,46074.07,3,15358.02,Keyboards,Corsair,Quarterly
7459,Gold,72162.01,7,10308.86,Printers,Canon,Bi-weekly
7460,Silver,29352.25,4,7338.06,Mice,Dell,Monthly
7461,Silver,103426.14,6,17237.69,Tablets,iPad,Bi-weekly
7462,Gold,165189.14,7,23598.45,Smartphones,iPhone,Weekly
7463,Silver,2169.95,6,361.66,Monitors,BenQ,Monthly
7464,Silver,9369.58,5,1873.92,Printers,HP,Monthly
7465,Bronze,190154.98,3,63384.99,Tablets,Samsung,Quarterly
7466,Silver,61529.54,6,10254.92,Monitors,LG,Quarterly
7467,Silver,312997.14,6,52166.19,Mice,Corsair,Monthly
7468,Silver,28693.25,4,7173.31,Smartphones,Poco,Bi-weekly
7469,Silver,174554.29,6,29092.38,Laptops,HP,Monthly
7470,Gold,861619.96,11,78329.09,Monitors,Dell,Weekly
7471,Bronze,90377.9,3,30125.97,Monitors,Dell,Quarterly
7472,Silver,97295.29,4,24323.82,Tablets,Samsung,Quarterly
7473,Silver,34177.22,6,5696.2,Monitors,ASUS,Weekly
7474,Gold,149195.07,10,14919.51,Keyboards,Razer,Bi-weekly
7475,Silver,22089.78,4,5522.45,Tablets,iPad,Weekly
7476,Silver,260826.77,6,43471.13,Keyboards,Corsair,Quarterly
7477,Bronze,45496.96,3,15165.65,Keyboards,Corsair,Monthly
7478,Bronze,136519.45,3,45506.48,Smartphones,Poco,Bi-weekly
7479,Silver,43979.16,4,10994.79,Printers,HP,Quarterly
7480,Silver,77194.7,4,19298.67,Smartphones,OnePlus,Monthly
7481,Silver,323324.36,4,80831.09,Laptops,Lenovo,Monthly
7482,Silver,121839.43,4,30459.86,Smartphones,Samsung,Bi-weekly
7483,Silver,272370.55,5,54474.11,Keyboards,Logitech,Monthly
7484,Silver,372243.71,6,62040.62,Mice,Corsair,Bi-weekly
7485,Silver,157592.65,5,31518.53,Printers,HP,Weekly
7486,Silver,17431.57,4,4357.89,Monitors,MSI,Monthly
7487,Bronze,113611.33,3,37870.44,Smartphones,Xiaomi,Bi-weekly
7488,Silver,61398.11,4,15349.53,Monitors,ASUS,Quarterly
7489,Bronze,159497.47,3,53165.82,Smartphones,Poco,Quarterly
7490,Bronze,10123.01,3,3374.34,Smartphones,Realme,Bi-weekly
7491,Silver,75422.71,4,18855.68,Monitors,MSI,Weekly
7492,Bronze,118258.5,2,59129.25,Laptops,Lenovo,Quarterly
7493,Bronze,128774.6,2,64387.3,Laptops,Lenovo,Monthly
7494,Bronze,295757.83,3,98585.94,Monitors,Dell,Weekly
7495,Gold,56703.84,7,8100.55,Keyboards,Dell,Bi-weekly
7496,Silver,105455.17,4,26363.79,Printers,Canon,Weekly
7497,Gold,36113.31,7,5159.04,Tablets,Samsung,Monthly
7498,Silver,25275.68,4,6318.92,Tablets,iPad,Bi-weekly
7499,Bronze,89846.59,3,29948.86,Monitors,ASUS,Monthly
7500,Gold,208149.36,7,29735.62,Laptops,Lenovo,Monthly
7501,Bronze,369801.34,3,123267.11,Mice,Dell,Quarterly
7502,Silver,539262.85,6,89877.14,Laptops,Lenovo,Monthly
7503,Bronze,40880.0,3,13626.67,Monitors,MSI,Weekly
7504,Silver,93962.35,6,15660.39,Monitors,BenQ,Weekly
7505,Silver,29709.01,4,7427.25,Keyboards,Razer,Weekly
7506,Bronze,5227.79,2,2613.89,Laptops,Dell,Bi-weekly
7507,Gold,79455.15,8,9931.89,Smartphones,Poco,Quarterly
7508,Gold,562662.72,7,80380.39,Laptops,Dell,Monthly
7509,Silver,199203.57,5,39840.71,Smartphones,Samsung,Monthly
7510,Gold,94153.38,9,10461.49,Printers,Canon,Monthly
7511,Bronze,33754.14,3,11251.38,Tablets,iPad,Quarterly
7512,Bronze,19658.52,1,19658.52,Mice,Corsair,Monthly
7513,Silver,87588.86,5,17517.77,Mice,Dell,Bi-weekly
7514,Silver,95592.45,5,19118.49,Laptops,Dell,Quarterly
7515,Silver,11452.14,4,2863.03,Monitors,MSI,Monthly
7516,Silver,190542.87,6,31757.14,Keyboards,Logitech,Monthly
7517,Silver,856437.71,6,142739.62,Keyboards,Logitech,Monthly
7518,Silver,45574.54,5,9114.91,Keyboards,Corsair,Monthly
7519,Silver,252983.06,5,50596.61,Printers,Canon,Weekly
7520,Silver,423918.73,6,70653.12,Monitors,Dell,Monthly
7521,Bronze,256485.44,2,128242.72,Monitors,ASUS,Weekly
7522,Silver,170259.25,5,34051.85,Keyboards,Dell,Weekly
7523,Gold,372422.61,8,46552.83,Smartphones,Samsung,Monthly
7524,Silver,291615.66,4,72903.91,Keyboards,Razer,Weekly
7525,Silver,258734.44,4,64683.61,Keyboards,Logitech,Monthly
7526,Bronze,76990.61,2,38495.31,Printers,Canon,Bi-weekly
7527,Bronze,101537.03,3,33845.68,Tablets,Samsung,Bi-weekly
7528,Silver,149193.29,4,37298.32,Keyboards,Logitech,Bi-weekly
7529,Silver,4437.66,4,1109.42,Printers,HP,Weekly
7530,Silver,181491.67,5,36298.33,Smartphones,Realme,Monthly
7531,Silver,32109.5,6,5351.58,Printers,HP,Bi-weekly
7532,Bronze,135118.7,2,67559.35,Keyboards,Logitech,Bi-weekly
7533,Gold,132415.26,7,18916.47,Laptops,Lenovo,Quarterly
7534,Silver,37885.5,4,9471.37,Monitors,Dell,Bi-weekly
7535,Silver,125739.83,6,20956.64,Mice,Dell,Monthly
7536,Bronze,302905.25,2,151452.63,Mice,Dell,Monthly
7537,Silver,84698.81,5,16939.76,Monitors,LG,Weekly
7538,Silver,129417.66,5,25883.53,Monitors,LG,Monthly
7539,Gold,166701.96,7,23814.57,Laptops,Dell,Weekly
7540,Silver,84150.59,4,21037.65,Laptops,HP,Monthly
7541,Bronze,9448.42,3,3149.47,Keyboards,Corsair,Weekly
7542,Bronze,724.78,1,724.78,Printers,Canon,Weekly
7543,Bronze,104864.79,1,104864.79,Monitors,Dell,Monthly
7544,Gold,234965.3,8,29370.66,Printers,HP,Bi-weekly
7545,Silver,242759.53,6,40459.92,Smartphones,Samsung,Quarterly
7546,Gold,289069.52,7,41295.65,Printers,Canon,Monthly
7547,Bronze,39651.65,3,13217.22,Monitors,Dell,Weekly
7548,Silver,727715.89,6,121285.98,Monitors,ASUS,Weekly
7549,Bronze,61213.65,3,20404.55,Monitors,LG,Quarterly
7550,Bronze,14179.0,1,14179.0,Printers,HP,Quarterly
7551,Gold,423775.79,8,52971.97,Printers,HP,Weekly
7552,Gold,136200.82,8,17025.1,Printers,HP,Weekly
7553,Bronze,21896.52,1,21896.52,Smartphones,Samsung,Bi-weekly
7554,Silver,686.45,4,171.61,Mice,Logitech,Weekly
7555,Gold,57972.99,7,8281.86,Laptops,HP,Bi-weekly
7556,Silver,260464.36,4,65116.09,Laptops,HP,Bi-weekly
7557,Silver,7088.51,6,1181.42,Monitors,Dell,Quarterly
7558,Silver,92708.3,5,18541.66,Printers,HP,Quarterly
7559,Silver,337339.37,6,56223.23,Mice,Dell,Bi-weekly
7560,Bronze,2278.73,3,759.58,Tablets,Samsung,Monthly
7561,Bronze,9485.31,3,3161.77,Printers,Canon,Weekly
7562,Silver,143284.4,5,28656.88,Laptops,MacBook,Monthly
7563,Bronze,46880.57,3,15626.86,Keyboards,Logitech,Quarterly
7564,Bronze,143530.98,2,71765.49,Printers,Canon,Monthly
7565,Silver,113754.16,5,22750.83,Mice,Logitech,Monthly
7566,Bronze,11550.2,2,5775.1,Laptops,MacBook,Bi-weekly
7567,Silver,25634.75,5,5126.95,Tablets,Samsung,Monthly
7568,Gold,2318.69,7,331.24,Printers,HP,Quarterly
7569,Silver,219960.32,5,43992.06,Monitors,BenQ,Bi-weekly
7570,Silver,126822.89,5,25364.58,Monitors,MSI,Weekly
7571,Silver,450274.35,6,75045.72,Tablets,Samsung,Bi-weekly
7572,Silver,131459.06,4,32864.76,Keyboards,Dell,Bi-weekly
7573,Bronze,34092.99,1,34092.99,Laptops,HP,Monthly
7574,Bronze,42354.52,2,21177.26,Monitors,Dell,Monthly
7575,Gold,180956.73,7,25850.96,Laptops,MacBook,Quarterly
7576,Bronze,90505.54,1,90505.54,Mice,Dell,Quarterly
7577,Silver,28327.47,4,7081.87,Printers,HP,Bi-weekly
7578,Silver,24690.94,5,4938.19,Keyboards,Logitech,Quarterly
7579,Bronze,33880.64,1,33880.64,Printers,Canon,Monthly
7580,Silver,120377.85,5,24075.57,Laptops,Dell,Weekly
7581,Bronze,4134.73,1,4134.73,Tablets,Samsung,Bi-weekly
7582,Gold,913343.14,7,130477.59,Mice,Dell,Bi-weekly
7583,Silver,131422.36,5,26284.47,Laptops,Lenovo,Quarterly
7584,Silver,144553.0,5,28910.6,Smartphones,Samsung,Monthly
7585,Gold,222603.91,8,27825.49,Smartphones,iPhone,Bi-weekly
7586,Gold,8834.21,8,1104.28,Smartphones,OnePlus,Weekly
7587,Silver,87680.0,6,14613.33,Keyboards,Razer,Bi-weekly
7588,Silver,52134.8,5,10426.96,Printers,HP,Quarterly
7589,Bronze,30170.63,2,15085.32,Keyboards,Corsair,Quarterly
7590,Bronze,163253.43,1,163253.43,Tablets,Samsung,Weekly
7591,Silver,135294.07,6,22549.01,Tablets,iPad,Quarterly
7592,Silver,335107.65,5,67021.53,Keyboards,Dell,Monthly
7593,Silver,79710.19,5,15942.04,Mice,Dell,Monthly
7594,Bronze,2746.32,1,2746.32,Keyboards,Logitech,Weekly
7595,Bronze,89713.75,3,29904.58,Smartphones,iPhone,Weekly
7596,Silver,317229.61,4,79307.4,Laptops,MacBook,Monthly
7597,Bronze,70259.28,2,35129.64,Mice,Corsair,Bi-weekly
7598,Silver,311504.29,5,62300.86,Tablets,Samsung,Weekly
7599,Silver,283607.5,5,56721.5,Tablets,iPad,Weekly
7600,Gold,314241.5,7,44891.64,Smartphones,iPhone,Quarterly
7601,Gold,204845.88,7,29263.7,Mice,Dell,Bi-weekly
7602,Bronze,72666.39,2,36333.2,Tablets,Samsung,Weekly
7603,Silver,76172.17,5,15234.43,Laptops,MacBook,Quarterly
7604,Bronze,63160.61,3,21053.54,Smartphones,Realme,Bi-weekly
7605,Bronze,42903.74,2,21451.87,Monitors,BenQ,Monthly
7606,Silver,731368.7,6,121894.78,Tablets,iPad,Quarterly
7607,Bronze,100368.11,3,33456.04,Monitors,LG,Quarterly
7608,Bronze,83931.81,3,27977.27,Keyboards,Logitech,Bi-weekly
7609,Silver,35030.42,6,5838.4,Keyboards,Corsair,Weekly
7610,Gold,418006.69,7,59715.24,Laptops,Dell,Weekly
7611,Bronze,16808.47,3,5602.82,Smartphones,OnePlus,Quarterly
7612,Bronze,144394.48,3,48131.49,Laptops,MacBook,Monthly
7613,Bronze,23089.87,3,7696.62,Keyboards,Logitech,Monthly
7614,Silver,100969.02,6,16828.17,Laptops,MacBook,Monthly
7615,Silver,7112.31,5,1422.46,Smartphones,OnePlus,Monthly
7616,Gold,36780.3,7,5254.33,Mice,Dell,Bi-weekly
7617,Bronze,26446.89,1,26446.89,Printers,HP,Bi-weekly
7618,Gold,1525850.1,7,217978.59,Monitors,MSI,Weekly
7619,Silver,166552.46,4,41638.12,Printers,Canon,Weekly
7620,Gold,53016.61,7,7573.8,Printers,Canon,Monthly
7621,Silver,21952.41,5,4390.48,Laptops,HP,Weekly
7622,Silver,33750.72,6,5625.12,Keyboards,Razer,Quarterly
7623,Silver,71469.16,6,11911.53,Tablets,iPad,Bi-weekly
7624,Silver,151955.04,5,30391.01,Keyboards,Razer,Weekly
7625,Silver,48947.8,4,12236.95,Monitors,Dell,Quarterly
7626,Bronze,602.6,2,301.3,Mice,Dell,Quarterly
7627,Bronze,14493.45,1,14493.45,Keyboards,Corsair,Bi-weekly
7628,Silver,19817.46,6,3302.91,Smartphones,Xiaomi,Weekly
7629,Gold,997391.61,7,142484.52,Keyboards,Dell,Bi-weekly
7630,Gold,70545.27,9,7838.36,Monitors,LG,Quarterly
7631,Silver,36896.76,5,7379.35,Laptops,Dell,Monthly
7632,Silver,408159.42,4,102039.86,Monitors,Dell,Bi-weekly
7633,Silver,18692.32,5,3738.46,Printers,HP,Monthly
7634,Silver,64450.06,5,12890.01,Keyboards,Corsair,Bi-weekly
7635,Silver,169733.96,5,33946.79,Monitors,LG,Monthly
7636,Gold,196188.71,7,28026.96,Smartphones,Poco,Weekly
7637,Bronze,595.18,2,297.59,Smartphones,OnePlus,Bi-weekly
7638,Bronze,13936.59,3,4645.53,Smartphones,iPhone,Monthly
7639,Bronze,178049.04,3,59349.68,Keyboards,Dell,Monthly
7640,Gold,124829.16,7,17832.74,Laptops,Lenovo,Quarterly
7641,Silver,47800.52,4,11950.13,Laptops,Lenovo,Weekly
7642,Silver,291364.67,5,58272.93,Tablets,Samsung,Bi-weekly
7643,Silver,129063.34,4,32265.84,Laptops,Lenovo,Bi-weekly
7644,Silver,446731.21,6,74455.2,Smartphones,Poco,Weekly
7645,Gold,208811.2,11,18982.84,Smartphones,Poco,Quarterly
7646,Bronze,32799.09,3,10933.03,Laptops,HP,Weekly
7647,Silver,8009.62,6,1334.94,Printers,HP,Quarterly
7648,Bronze,104150.73,2,52075.37,Keyboards,Dell,Monthly
7649,Silver,156484.65,5,31296.93,Tablets,Samsung,Monthly
7650,Bronze,78715.62,3,26238.54,Smartphones,OnePlus,Bi-weekly
7651,Silver,104065.12,6,17344.19,Monitors,Dell,Bi-weekly
7652,Gold,361471.53,7,51638.79,Keyboards,Logitech,Quarterly
7653,Silver,334605.31,6,55767.55,Mice,Corsair,Bi-weekly
7654,Silver,123021.48,5,24604.3,Monitors,Dell,Monthly
7655,Silver,167546.54,4,41886.64,Tablets,Samsung,Bi-weekly
7656,Silver,954958.47,5,190991.69,Mice,Dell,Weekly
7657,Silver,277239.81,6,46206.64,Printers,HP,Bi-weekly
7658,Silver,48027.98,6,8004.66,Keyboards,Dell,Monthly
7659,Silver,267256.29,6,44542.71,Tablets,Samsung,Bi-weekly
7660,Bronze,410.7,3,136.9,Laptops,Lenovo,Monthly
7661,Silver,68840.45,4,17210.11,Mice,Logitech,Quarterly
7662,Gold,396768.36,8,49596.04,Keyboards,Razer,Bi-weekly
7663,Gold,162457.46,11,14768.86,Keyboards,Corsair,Bi-weekly
7664,Silver,180176.59,5,36035.32,Laptops,Lenovo,Monthly
7665,Bronze,26956.9,3,8985.63,Mice,Corsair,Monthly
7666,Silver,63730.2,4,15932.55,Laptops,Lenovo,Bi-weekly
7667,Bronze,21695.63,3,7231.88,Keyboards,Corsair,Weekly
7668,Bronze,69995.65,2,34997.83,Printers,Canon,Quarterly
7669,Silver,164465.81,5,32893.16,Monitors,BenQ,Bi-weekly
7670,Silver,34599.28,4,8649.82,Monitors,ASUS,Monthly
7671,Silver,401870.69,4,100467.67,Keyboards,Dell,Quarterly
7672,Gold,295904.76,7,42272.11,Tablets,iPad,Monthly
7673,Silver,102846.56,5,20569.31,Smartphones,Samsung,Quarterly
7674,Silver,202094.64,4,50523.66,Tablets,Samsung,Bi-weekly
7675,Silver,275904.37,5,55180.87,Smartphones,Samsung,Bi-weekly
7676,Silver,140292.0,4,35073.0,Monitors,LG,Quarterly
7677,Silver,239275.83,5,47855.17,Mice,Dell,Monthly
7678,Silver,24709.98,4,6177.5,Smartphones,iPhone,Monthly
7679,Silver,99469.18,4,24867.29,Monitors,Dell,Monthly
7680,Silver,349071.37,4,87267.84,Tablets,iPad,Bi-weekly
7681,Silver,67253.93,5,13450.79,Monitors,MSI,Quarterly
7682,Silver,906407.93,6,151067.99,Mice,Logitech,Weekly
7683,Silver,17161.69,4,4290.42,Laptops,Dell,Weekly
7684,Silver,809988.9,4,202497.23,Keyboards,Razer,Monthly
7685,Silver,409339.96,5,81867.99,Monitors,LG,Quarterly
7686,Bronze,93969.74,3,31323.25,Smartphones,Samsung,Monthly
7687,Silver,58359.6,4,14589.9,Keyboards,Dell,Quarterly
7688,Silver,17432.98,6,2905.5,Monitors,Dell,Bi-weekly
7689,Silver,77450.19,6,12908.36,Laptops,HP,Monthly
7690,Bronze,44087.09,2,22043.55,Laptops,HP,Bi-weekly
7691,Gold,382947.96,9,42549.77,Tablets,Samsung,Quarterly
7692,Silver,55219.75,6,9203.29,Monitors,MSI,Weekly
7693,Silver,14563.94,5,2912.79,Tablets,Samsung,Bi-weekly
7694,Silver,47257.09,5,9451.42,Tablets,iPad,Quarterly
7695,Gold,571510.27,7,81644.32,Tablets,Samsung,Weekly
7696,Silver,332448.96,5,66489.79,Printers,HP,Quarterly
7697,Bronze,13230.68,3,4410.23,Mice,Dell,Bi-weekly
7698,Silver,103969.69,6,17328.28,Tablets,iPad,Bi-weekly
7699,Bronze,7996.42,1,7996.42,Mice,Corsair,Quarterly
7700,Silver,25540.4,6,4256.73,Keyboards,Dell,Quarterly
7701,Bronze,150980.79,3,50326.93,Mice,Corsair,Monthly
7702,Silver,548791.33,6,91465.22,Tablets,iPad,Quarterly
7703,Silver,42141.34,6,7023.56,Laptops,Lenovo,Bi-weekly
7704,Bronze,64480.15,3,21493.38,Keyboards,Dell,Quarterly
7705,Silver,86373.21,5,17274.64,Monitors,Dell,Weekly
7706,Gold,302335.55,7,43190.79,Tablets,Samsung,Bi-weekly
7707,Bronze,19703.08,2,9851.54,Tablets,iPad,Bi-weekly
7708,Gold,160080.14,7,22868.59,Keyboards,Razer,Bi-weekly
7709,Silver,77226.22,5,15445.24,Laptops,HP,Monthly
7710,Silver,547009.23,5,109401.85,Printers,Canon,Quarterly
7711,Silver,307609.25,5,61521.85,Printers,Canon,Weekly
7712,Bronze,384794.58,3,128264.86,Monitors,BenQ,Quarterly
7713,Bronze,333306.74,3,111102.25,Smartphones,OnePlus,Bi-weekly
7714,Bronze,44131.63,2,22065.81,Keyboards,Corsair,Bi-weekly
7715,Silver,245461.64,5,49092.33,Smartphones,iPhone,Bi-weekly
7716,Bronze,174612.67,3,58204.22,Smartphones,Realme,Quarterly
7717,Silver,479441.88,6,79906.98,Printers,Canon,Bi-weekly
7718,Silver,161290.98,4,40322.75,Laptops,Lenovo,Monthly
7719,Silver,18331.92,4,4582.98,Smartphones,Xiaomi,Bi-weekly
7720,Bronze,145134.18,3,48378.06,Monitors,MSI,Monthly
7721,Gold,2305596.35,9,256177.37,Mice,Corsair,Monthly
7722,Gold,106912.76,8,13364.1,Smartphones,Realme,Quarterly
7723,Bronze,15361.12,3,5120.37,Smartphones,iPhone,Monthly
7724,Bronze,86031.88,2,43015.94,Smartphones,Poco,Monthly
7725,Silver,314334.73,4,78583.68,Laptops,Lenovo,Bi-weekly
7726,Bronze,31959.19,2,15979.6,Smartphones,iPhone,Bi-weekly
7727,Bronze,54031.12,3,18010.37,Tablets,iPad,Quarterly
7728,Gold,753394.16,7,107627.74,Mice,Corsair,Monthly
7729,Gold,145945.95,8,18243.24,Smartphones,Poco,Monthly
7730,Silver,41980.24,5,8396.05,Monitors,BenQ,Bi-weekly
7731,Bronze,206148.95,3,68716.32,Mice,Corsair,Bi-weekly
7732,Silver,536095.73,6,89349.29,Laptops,Lenovo,Weekly
7733,Silver,201008.5,4,50252.12,Laptops,MacBook,Bi-weekly
7734,Silver,224226.56,5,44845.31,Keyboards,Corsair,Monthly
7735,Bronze,811.57,1,811.57,Laptops,HP,Weekly
7736,Silver,943879.37,5,188775.87,Tablets,iPad,Weekly
7737,Bronze,58347.34,2,29173.67,Tablets,Samsung,Bi-weekly
7738,Silver,58840.44,6,9806.74,Keyboards,Logitech,Weekly
7739,Silver,309611.56,5,61922.31,Laptops,HP,Weekly
7740,Silver,178340.16,6,29723.36,Laptops,Dell,Weekly
7741,Bronze,11748.73,2,5874.37,Keyboards,Corsair,Quarterly
7742,Silver,44217.6,5,8843.52,Laptops,Dell,Quarterly
7743,Silver,32109.66,4,8027.42,Printers,HP,Quarterly
7744,Bronze,412102.07,2,206051.04,Smartphones,Poco,Weekly
7745,Silver,38112.74,6,6352.12,Printers,Canon,Weekly
7746,Bronze,27443.74,1,27443.74,Mice,Corsair,Bi-weekly
7747,Silver,64027.26,6,10671.21,Printers,HP,Bi-weekly
7748,Bronze,244160.42,3,81386.81,Printers,Canon,Weekly
7749,Bronze,18926.4,2,9463.2,Smartphones,OnePlus,Bi-weekly
7750,Bronze,107153.86,2,53576.93,Tablets,iPad,Bi-weekly
7751,Silver,224237.83,5,44847.57,Smartphones,iPhone,Weekly
7752,Bronze,5126.65,1,5126.65,Laptops,Dell,Weekly
7753,Gold,150523.24,8,18815.4,Mice,Logitech,Quarterly
7754,Gold,621420.32,7,88774.33,Printers,Canon,Bi-weekly
7755,Bronze,263240.08,3,87746.69,Mice,Corsair,Bi-weekly
7756,Silver,71548.85,6,11924.81,Monitors,LG,Monthly
7757,Gold,95010.27,9,10556.7,Printers,Canon,Weekly
7758,Silver,84298.5,4,21074.62,Mice,Corsair,Monthly
7759,Gold,550126.17,7,78589.45,Keyboards,Logitech,Monthly
7760,Gold,99469.98,11,9042.73,Laptops,Dell,Bi-weekly
7761,Bronze,111693.81,2,55846.91,Printers,Canon,Bi-weekly
7762,Bronze,10833.02,2,5416.51,Mice,Corsair,Quarterly
7763,Bronze,27994.37,2,13997.19,Smartphones,Realme,Bi-weekly
7764,Bronze,94043.71,1,94043.71,Smartphones,Samsung,Quarterly
7765,Silver,29605.21,6,4934.2,Keyboards,Corsair,Bi-weekly
7766,Silver,287488.38,6,47914.73,Tablets,iPad,Monthly
7767,Silver,243596.27,6,40599.38,Mice,Corsair,Monthly
7768,Silver,239907.66,6,39984.61,Monitors,Dell,Quarterly
7769,Silver,38430.86,5,7686.17,Mice,Corsair,Bi-weekly
7770,Silver,60769.92,4,15192.48,Monitors,Dell,Bi-weekly
7771,Bronze,69135.17,3,23045.06,Tablets,iPad,Bi-weekly
7772,Bronze,16644.47,1,16644.47,Smartphones,OnePlus,Bi-weekly
7773,Gold,230461.94,7,32923.13,Tablets,Samsung,Bi-weekly
7774,Silver,99134.21,4,24783.55,Keyboards,Corsair,Bi-weekly
7775,Silver,212069.3,6,35344.88,Mice,Dell,Quarterly
7776,Silver,52998.56,6,8833.09,Tablets,iPad,Monthly
7777,Gold,210437.35,7,30062.48,Laptops,Dell,Weekly
7778,Bronze,44661.31,3,14887.1,Monitors,MSI,Weekly
7779,Silver,561983.3,6,93663.88,Smartphones,iPhone,Bi-weekly
7780,Gold,9106.07,7,1300.87,Laptops,HP,Quarterly
7781,Silver,580371.81,5,116074.36,Mice,Dell,Weekly
7782,Bronze,214302.02,3,71434.01,Mice,Dell,Quarterly
7783,Bronze,160068.51,3,53356.17,Monitors,LG,Quarterly
7784,Bronze,182892.22,3,60964.07,Keyboards,Razer,Quarterly
7785,Gold,141247.63,7,20178.23,Mice,Corsair,Weekly
7786,Gold,486483.66,9,54053.74,Printers,Canon,Weekly
7787,Silver,293903.65,5,58780.73,Laptops,MacBook,Monthly
7788,Bronze,6962.33,2,3481.16,Monitors,BenQ,Monthly
7789,Bronze,32426.54,1,32426.54,Smartphones,OnePlus,Monthly
7790,Gold,103058.9,7,14722.7,Monitors,Dell,Bi-weekly
7791,Silver,35926.46,5,7185.29,Keyboards,Razer,Monthly
7792,Silver,651680.87,5,130336.17,Smartphones,Xiaomi,Weekly
7793,Bronze,74924.08,3,24974.69,Smartphones,Xiaomi,Quarterly
7794,Silver,737717.02,4,184429.26,Monitors,Dell,Quarterly
7795,Silver,115394.02,4,28848.5,Mice,Dell,Quarterly
7796,Bronze,144733.33,3,48244.44,Laptops,Lenovo,Weekly
7797,Silver,102005.39,6,17000.9,Tablets,Samsung,Quarterly
7798,Bronze,35198.58,2,17599.29,Laptops,Lenovo,Weekly
7799,Gold,99205.68,8,12400.71,Mice,Corsair,Quarterly
7800,Gold,338109.8,7,48301.4,Printers,Canon,Bi-weekly
7801,Bronze,53925.76,2,26962.88,Mice,Corsair,Monthly
7802,Silver,40986.68,4,10246.67,Monitors,LG,Quarterly
7803,Bronze,53549.72,2,26774.86,Smartphones,Samsung,Bi-weekly
7804,Silver,1977.87,4,494.47,Printers,HP,Weekly
7805,Silver,230178.35,6,38363.06,Monitors,LG,Bi-weekly
7806,Bronze,7356.68,2,3678.34,Smartphones,iPhone,Monthly
7807,Silver,344488.4,5,68897.68,Laptops,Dell,Monthly
7808,Gold,223980.25,8,27997.53,Mice,Dell,Monthly
7809,Silver,200328.56,6,33388.09,Keyboards,Logitech,Monthly
7810,Bronze,23422.74,1,23422.74,Mice,Corsair,Bi-weekly
7811,Silver,23145.35,5,4629.07,Laptops,Lenovo,Weekly
7812,Bronze,80410.07,2,40205.04,Tablets,Samsung,Monthly
7813,Bronze,32699.89,1,32699.89,Mice,Corsair,Monthly
7814,Silver,217712.73,5,43542.55,Printers,Canon,Weekly
7815,Silver,137582.81,4,34395.7,Smartphones,iPhone,Monthly
7816,Silver,242996.76,6,40499.46,Mice,Logitech,Bi-weekly
7817,Silver,23669.44,6,3944.91,Tablets,Samsung,Weekly
7818,Gold,1339975.99,8,167497.0,Mice,Logitech,Bi-weekly
7819,Bronze,8096.03,2,4048.01,Monitors,ASUS,Bi-weekly
7820,Silver,70482.42,6,11747.07,Tablets,Samsung,Bi-weekly
7821,Silver,203984.9,6,33997.48,Laptops,Dell,Weekly
7822,Bronze,100604.72,3,33534.91,Monitors,MSI,Monthly
7823,Bronze,116216.8,3,38738.93,Monitors,BenQ,Monthly
7824,Bronze,263831.52,3,87943.84,Monitors,MSI,Weekly
7825,Silver,390103.01,5,78020.6,Printers,HP,Quarterly
7826,Gold,17870.97,7,2553.0,Monitors,LG,Quarterly
7827,Silver,121469.25,6,20244.87,Laptops,HP,Quarterly
7828,Silver,34638.4,4,8659.6,Mice,Corsair,Bi-weekly
7829,Silver,257776.53,6,42962.76,Smartphones,iPhone,Bi-weekly
7830,Bronze,106609.69,3,35536.56,Keyboards,Corsair,Bi-weekly
7831,Silver,237728.38,5,47545.68,Tablets,Samsung,Quarterly
7832,Gold,348514.23,7,49787.75,Tablets,iPad,Quarterly
7833,Gold,310332.5,7,44333.21,Tablets,Samsung,Weekly
7834,Silver,286817.68,6,47802.95,Tablets,Samsung,Monthly
7835,Silver,257724.65,4,64431.16,Laptops,HP,Weekly
7836,Silver,212983.09,5,42596.62,Monitors,Dell,Quarterly
7837,Silver,232368.49,5,46473.7,Mice,Logitech,Monthly
7838,Silver,145982.16,5,29196.43,Smartphones,Xiaomi,Bi-weekly
7839,Silver,678502.86,4,169625.72,Laptops,Lenovo,Quarterly
7840,Silver,637839.69,4,159459.92,Laptops,Dell,Weekly
7841,Silver,110100.09,5,22020.02,Laptops,Lenovo,Monthly
7842,Gold,27865.12,7,3980.73,Mice,Dell,Bi-weekly
7843,Bronze,41037.79,3,13679.26,Tablets,Samsung,Monthly
7844,Bronze,12443.22,2,6221.61,Printers,HP,Monthly
7845,Bronze,37869.68,2,18934.84,Smartphones,OnePlus,Weekly
7846,Silver,32103.13,4,8025.78,Tablets,Samsung,Quarterly
7847,Silver,94441.17,5,18888.23,Printers,HP,Quarterly
7848,Gold,17360.19,7,2480.03,Smartphones,Realme,Bi-weekly
7849,Gold,162981.76,8,20372.72,Keyboards,Logitech,Bi-weekly
7850,Gold,19197.71,10,1919.77,Keyboards,Dell,Weekly
7851,Bronze,331429.72,3,110476.57,Monitors,ASUS,Weekly
7852,Silver,637420.85,5,127484.17,Laptops,MacBook,Weekly
7853,Silver,387896.12,4,96974.03,Monitors,Dell,Quarterly
7854,Silver,94817.65,5,18963.53,Mice,Corsair,Quarterly
7855,Bronze,40979.27,3,13659.76,Keyboards,Logitech,Quarterly
7856,Silver,1109.99,5,222.0,Keyboards,Dell,Quarterly
7857,Bronze,171114.45,3,57038.15,Tablets,iPad,Weekly
7858,Gold,250081.86,7,35725.98,Keyboards,Logitech,Quarterly
7859,Silver,23440.07,6,3906.68,Monitors,BenQ,Quarterly
7860,Silver,857631.15,5,171526.23,Keyboards,Dell,Weekly
7861,Silver,370910.38,5,74182.08,Printers,HP,Quarterly
7862,Silver,96018.81,5,19203.76,Tablets,iPad,Quarterly
7863,Silver,217033.15,4,54258.29,Mice,Corsair,Quarterly
7864,Silver,333197.76,4,83299.44,Tablets,iPad,Weekly
7865,Bronze,64694.43,3,21564.81,Printers,Canon,Monthly
7866,Silver,23220.68,6,3870.11,Tablets,Samsung,Weekly
7867,Silver,50214.11,6,8369.02,Laptops,Dell,Weekly
7868,Silver,43537.49,6,7256.25,Tablets,iPad,Bi-weekly
7869,Silver,192363.8,6,32060.63,Tablets,iPad,Weekly
7870,Gold,449415.26,8,56176.91,Tablets,iPad,Quarterly
7871,Bronze,368449.36,3,122816.45,Printers,Canon,Monthly
7872,Silver,405520.78,4,101380.19,Keyboards,Razer,Weekly
7873,Silver,174442.02,5,34888.4,Laptops,Lenovo,Quarterly
7874,Bronze,9760.22,3,3253.41,Monitors,Dell,Monthly
7875,Silver,208360.41,4,52090.1,Smartphones,Poco,Quarterly
7876,Silver,205909.53,6,34318.26,Tablets,Samsung,Weekly
7877,Silver,82720.27,4,20680.07,Smartphones,iPhone,Quarterly
7878,Bronze,221587.98,2,110793.99,Smartphones,Poco,Bi-weekly
7879,Gold,606230.52,7,86604.36,Laptops,Lenovo,Monthly
7880,Bronze,96195.57,2,48097.79,Mice,Dell,Monthly
7881,Gold,123564.63,7,17652.09,Smartphones,Xiaomi,Monthly
7882,Silver,134982.67,5,26996.53,Keyboards,Corsair,Quarterly
7883,Silver,601.12,5,120.22,Smartphones,Realme,Bi-weekly
7884,Gold,22752.58,7,3250.37,Monitors,LG,Weekly
7885,Silver,41343.49,5,8268.7,Printers,Canon,Weekly
7886,Gold,197889.49,7,28269.93,Monitors,Dell,Weekly
7887,Silver,105598.65,4,26399.66,Printers,HP,Weekly
7888,Silver,200780.87,5,40156.17,Keyboards,Razer,Monthly
7889,Gold,114145.04,8,14268.13,Monitors,LG,Bi-weekly
7890,Gold,39583.99,7,5654.86,Mice,Corsair,Weekly
7891,Silver,394206.0,4,98551.5,Smartphones,Poco,Bi-weekly
7892,Gold,172156.71,8,21519.59,Tablets,Samsung,Bi-weekly
7893,Gold,226062.58,7,32294.65,Laptops,Lenovo,Weekly
7894,Bronze,26428.75,3,8809.58,Keyboards,Corsair,Bi-weekly
7895,Silver,99505.24,5,19901.05,Printers,Canon,Quarterly
7896,Gold,930304.67,7,132900.67,Tablets,Samsung,Bi-weekly
7897,Silver,163157.94,6,27192.99,Printers,HP,Quarterly
7898,Bronze,53998.63,2,26999.31,Monitors,ASUS,Quarterly
7899,Silver,5457.46,4,1364.36,Laptops,Lenovo,Bi-weekly
7900,Silver,178702.2,5,35740.44,Smartphones,Poco,Monthly
7901,Silver,35754.87,4,8938.72,Monitors,MSI,Monthly
7902,Bronze,24736.11,1,24736.11,Keyboards,Logitech,Bi-weekly
7903,Bronze,21299.18,3,7099.73,Printers,Canon,Weekly
7904,Silver,90264.12,6,15044.02,Laptops,MacBook,Monthly
7905,Silver,475917.88,6,79319.65,Laptops,Dell,Quarterly
7906,Silver,107218.13,4,26804.53,Tablets,Samsung,Bi-weekly
7907,Silver,98958.72,5,19791.74,Laptops,Dell,Weekly
7908,Gold,105213.13,8,13151.64,Monitors,ASUS,Quarterly
7909,Silver,88997.33,4,22249.33,Mice,Dell,Weekly
7910,Silver,11679.37,6,1946.56,Monitors,MSI,Bi-weekly
7911,Silver,43280.41,4,10820.1,Monitors,LG,Weekly
7912,Silver,64030.84,5,12806.17,Keyboards,Razer,Bi-weekly
7913,Bronze,31490.27,3,10496.76,Keyboards,Corsair,Monthly
7914,Bronze,155655.45,3,51885.15,Monitors,MSI,Bi-weekly
7915,Gold,731756.34,7,104536.62,Tablets,Samsung,Weekly
7916,Silver,316984.97,5,63396.99,Tablets,Samsung,Bi-weekly
7917,Bronze,54439.13,2,27219.57,Monitors,LG,Bi-weekly
7918,Silver,164584.3,4,41146.07,Keyboards,Corsair,Quarterly
7919,Silver,1299968.61,5,259993.72,Printers,Canon,Quarterly
7920,Bronze,70298.99,3,23433.0,Mice,Dell,Monthly
7921,Gold,216340.96,7,30905.85,Laptops,HP,Monthly
7922,Silver,81028.99,4,20257.25,Tablets,Samsung,Quarterly
7923,Silver,66821.68,4,16705.42,Laptops,MacBook,Weekly
7924,Bronze,47578.8,2,23789.4,Keyboards,Corsair,Weekly
7925,Silver,23922.44,5,4784.49,Monitors,BenQ,Monthly
7926,Silver,526463.25,5,105292.65,Monitors,LG,Monthly
7927,Bronze,80381.9,2,40190.95,Tablets,iPad,Monthly
7928,Silver,90872.98,4,22718.24,Keyboards,Logitech,Bi-weekly
7929,Gold,393841.12,7,56263.02,Mice,Logitech,Weekly
7930,Silver,6549.22,5,1309.84,Monitors,Dell,Weekly
7931,Bronze,128241.84,3,42747.28,Tablets,Samsung,Weekly
7932,Silver,108723.16,6,18120.53,Keyboards,Corsair,Quarterly
7933,Silver,113884.45,4,28471.11,Mice,Dell,Weekly
7934,Gold,332054.48,9,36894.94,Laptops,MacBook,Quarterly
7935,Silver,338952.62,4,84738.15,Keyboards,Logitech,Bi-weekly
7936,Gold,22969.99,7,3281.43,Monitors,Dell,Weekly
7937,Silver,202483.78,4,50620.95,Laptops,Lenovo,Quarterly
7938,Bronze,53420.89,2,26710.44,Monitors,BenQ,Monthly
7939,Silver,15703.73,5,3140.75,Monitors,LG,Monthly
7940,Bronze,99323.98,2,49661.99,Laptops,MacBook,Monthly
7941,Silver,84138.02,5,16827.6,Monitors,MSI,Bi-weekly
7942,Silver,263046.94,6,43841.16,Mice,Logitech,Quarterly
7943,Bronze,21204.83,1,21204.83,Laptops,MacBook,Quarterly
7944,Bronze,43117.33,2,21558.66,Mice,Corsair,Monthly
7945,Bronze,22395.3,3,7465.1,Printers,HP,Monthly
7946,Bronze,163417.74,3,54472.58,Tablets,iPad,Weekly
7947,Silver,217509.76,5,43501.95,Tablets,iPad,Bi-weekly
7948,Bronze,73844.24,3,24614.75,Smartphones,OnePlus,Bi-weekly
7949,Gold,247443.67,7,35349.1,Keyboards,Logitech,Bi-weekly
7950,Silver,146604.47,6,24434.08,Tablets,iPad,Quarterly
7951,Silver,65717.24,4,16429.31,Mice,Logitech,Weekly
7952,Gold,136387.13,7,19483.88,Laptops,Lenovo,Weekly
7953,Bronze,7455.75,3,2485.25,Laptops,Dell,Bi-weekly
7954,Bronze,103291.21,3,34430.4,Smartphones,Poco,Bi-weekly
7955,Silver,14103.72,6,2350.62,Printers,HP,Monthly
7956,Gold,326511.84,7,46644.55,Mice,Corsair,Weekly
7957,Silver,145944.37,6,24324.06,Mice,Dell,Monthly
7958,Bronze,182457.69,3,60819.23,Monitors,MSI,Quarterly
7959,Silver,6559.35,4,1639.84,Smartphones,Xiaomi,Monthly
7960,Silver,201407.57,4,50351.89,Keyboards,Dell,Monthly
7961,Gold,24869.84,7,3552.83,Mice,Dell,Bi-weekly
7962,Gold,128025.32,7,18289.33,Smartphones,Poco,Bi-weekly
7963,Bronze,97184.77,1,97184.77,Mice,Logitech,Weekly
7964,Gold,409967.42,7,58566.77,Keyboards,Logitech,Monthly
7965,Silver,137116.56,6,22852.76,Laptops,MacBook,Weekly
7966,Bronze,705647.93,3,235215.98,Laptops,Lenovo,Weekly
7967,Bronze,87866.65,1,87866.65,Laptops,MacBook,Monthly
7968,Gold,67914.46,10,6791.45,Keyboards,Logitech,Quarterly
7969,Silver,271993.62,5,54398.72,Monitors,MSI,Bi-weekly
7970,Silver,79102.0,4,19775.5,Mice,Dell,Bi-weekly
7971,Silver,67913.7,4,16978.42,Laptops,Lenovo,Weekly
7972,Silver,15582.22,5,3116.44,Printers,HP,Quarterly
7973,Bronze,25191.3,3,8397.1,Smartphones,Poco,Monthly
7974,Silver,392115.36,5,78423.07,Smartphones,OnePlus,Quarterly
7975,Bronze,79961.81,1,79961.81,Keyboards,Dell,Bi-weekly
7976,Silver,165429.5,5,33085.9,Mice,Corsair,Monthly
7977,Silver,79674.84,6,13279.14,Monitors,Dell,Quarterly
7978,Silver,118828.39,4,29707.1,Laptops,Lenovo,Quarterly
7979,Bronze,12249.13,2,6124.56,Smartphones,iPhone,Bi-weekly
7980,Gold,591566.09,7,84509.44,Tablets,Samsung,Bi-weekly
7981,Silver,220114.36,4,55028.59,Tablets,iPad,Quarterly
7982,Silver,157748.67,6,26291.44,Printers,Canon,Quarterly
7983,Bronze,323965.58,3,107988.53,Smartphones,Xiaomi,Quarterly
7984,Silver,111082.56,5,22216.51,Printers,HP,Weekly
7985,Bronze,18070.42,1,18070.42,Mice,Logitech,Bi-weekly
7986,Silver,25123.95,6,4187.33,Keyboards,Razer,Bi-weekly
7987,Bronze,129267.34,2,64633.67,Monitors,ASUS,Monthly
7988,Bronze,159430.75,3,53143.58,Smartphones,OnePlus,Quarterly
7989,Bronze,258651.35,2,129325.68,Mice,Logitech,Quarterly
7990,Gold,672689.57,9,74743.29,Mice,Logitech,Weekly
7991,Silver,29891.08,4,7472.77,Laptops,Dell,Monthly
7992,Gold,693565.85,7,99080.84,Tablets,iPad,Quarterly
7993,Bronze,57916.66,3,19305.55,Laptops,HP,Quarterly
7994,Bronze,115027.87,3,38342.62,Laptops,MacBook,Monthly
7995,Gold,133816.78,7,19116.68,Laptops,Dell,Quarterly
7996,Silver,281822.58,6,46970.43,Printers,Canon,Bi-weekly
7997,Bronze,2591.36,3,863.79,Printers,HP,Bi-weekly
7998,Silver,191261.53,4,47815.38,Laptops,HP,Bi-weekly
7999,Gold,384529.43,7,54932.78,Mice,Dell,Quarterly
8000,Silver,1086535.5,6,181089.25,Laptops,Dell,Bi-weekly
8001,Silver,227484.42,5,45496.88,Mice,Corsair,Quarterly
8002,Silver,444145.57,6,74024.26,Smartphones,Xiaomi,Bi-weekly
8003,Bronze,217522.02,2,108761.01,Tablets,iPad,Quarterly
8004,Silver,464271.41,6,77378.57,Mice,Logitech,Monthly
8005,Silver,93586.67,5,18717.33,Laptops,Lenovo,Bi-weekly
8006,Bronze,25603.33,2,12801.66,Printers,HP,Monthly
8007,Gold,222931.02,7,31847.29,Printers,Canon,Weekly
8008,Silver,44456.09,6,7409.35,Monitors,Dell,Bi-weekly
8009,Silver,98464.73,5,19692.95,Smartphones,Samsung,Weekly
8010,Silver,750602.59,5,150120.52,Keyboards,Corsair,Monthly
8011,Gold,125216.11,9,13912.9,Monitors,BenQ,Monthly
8012,Silver,765632.3,5,153126.46,Laptops,Dell,Monthly
8013,Bronze,71351.39,3,23783.8,Printers,Canon,Weekly
8014,Bronze,22666.77,1,22666.77,Monitors,LG,Quarterly
8015,Gold,195086.73,9,21676.3,Mice,Corsair,Monthly
8016,Gold,190575.64,7,27225.09,Smartphones,Samsung,Quarterly
8017,Bronze,51117.58,2,25558.79,Keyboards,Corsair,Quarterly
8018,Bronze,221062.65,3,73687.55,Keyboards,Logitech,Monthly
8019,Silver,365780.54,5,73156.11,Printers,Canon,Quarterly
8020,Silver,264211.07,5,52842.21,Keyboards,Corsair,Weekly
8021,Silver,75480.27,6,12580.04,Keyboards,Razer,Bi-weekly
8022,Bronze,43153.4,3,14384.47,Printers,HP,Monthly
8023,Silver,62522.71,5,12504.54,Laptops,Dell,Monthly
8024,Silver,331441.19,5,66288.24,Laptops,MacBook,Bi-weekly
8025,Silver,48912.54,4,12228.14,Printers,HP,Monthly
8026,Bronze,456605.19,2,228302.6,Monitors,LG,Weekly
8027,Silver,31426.13,5,6285.23,Monitors,Dell,Monthly
8028,Bronze,227763.47,3,75921.16,Monitors,ASUS,Quarterly
8029,Bronze,36015.58,2,18007.79,Printers,HP,Weekly
8030,Bronze,54523.5,1,54523.5,Tablets,iPad,Weekly
8031,Silver,241363.04,4,60340.76,Smartphones,Xiaomi,Weekly
8032,Silver,21242.73,4,5310.68,Monitors,Dell,Monthly
8033,Silver,93920.53,6,15653.42,Monitors,BenQ,Weekly
8034,Bronze,15878.47,3,5292.82,Monitors,MSI,Quarterly
8035,Silver,186744.04,6,31124.01,Keyboards,Corsair,Quarterly
8036,Silver,352703.57,5,70540.71,Tablets,Samsung,Weekly
8037,Silver,94577.39,4,23644.35,Printers,Canon,Bi-weekly
8038,Bronze,106850.39,2,53425.19,Monitors,LG,Quarterly
8039,Silver,17652.32,5,3530.46,Monitors,MSI,Weekly
8040,Gold,154026.4,8,19253.3,Smartphones,Poco,Weekly
8041,Silver,139347.93,4,34836.98,Tablets,iPad,Monthly
8042,Bronze,40491.26,3,13497.09,Mice,Dell,Weekly
8043,Silver,242464.42,5,48492.88,Mice,Corsair,Monthly
8044,Bronze,22069.69,1,22069.69,Tablets,iPad,Weekly
8045,Silver,97186.55,6,16197.76,Printers,HP,Weekly
8046,Bronze,33639.3,1,33639.3,Monitors,Dell,Monthly
8047,Silver,65772.23,4,16443.06,Keyboards,Logitech,Bi-weekly
8048,Silver,16812.84,6,2802.14,Tablets,iPad,Weekly
8049,Silver,217475.35,4,54368.84,Keyboards,Corsair,Quarterly
8050,Bronze,133462.83,2,66731.42,Monitors,MSI,Bi-weekly
8051,Silver,126427.8,4,31606.95,Smartphones,Xiaomi,Quarterly
8052,Silver,238939.42,6,39823.24,Smartphones,OnePlus,Monthly
8053,Silver,287254.32,5,57450.86,Monitors,Dell,Weekly
8054,Silver,43722.41,4,10930.6,Monitors,BenQ,Monthly
8055,Silver,39144.32,4,9786.08,Monitors,ASUS,Monthly
8056,Silver,49116.69,4,12279.17,Keyboards,Razer,Bi-weekly
8057,Silver,119039.06,4,29759.76,Monitors,MSI,Quarterly
8058,Silver,183541.28,4,45885.32,Tablets,iPad,Weekly
8059,Silver,6108.12,4,1527.03,Monitors,BenQ,Bi-weekly
8060,Bronze,27106.78,1,27106.78,Tablets,iPad,Quarterly
8061,Silver,112747.77,6,18791.29,Smartphones,OnePlus,Quarterly
8062,Silver,82652.72,5,16530.54,Tablets,Samsung,Bi-weekly
8063,Bronze,81331.48,3,27110.49,Monitors,Dell,Weekly
8064,Silver,412437.31,5,82487.46,Tablets,iPad,Weekly
8065,Silver,110959.65,4,27739.91,Keyboards,Logitech,Weekly
8066,Gold,2508739.12,12,209061.59,Printers,Canon,Quarterly
8067,Silver,151506.04,4,37876.51,Monitors,MSI,Quarterly
8068,Gold,37965.56,7,5423.65,Keyboards,Razer,Weekly
8069,Silver,1530.49,4,382.62,Keyboards,Razer,Weekly
8070,Bronze,16379.15,2,8189.57,Tablets,Samsung,Quarterly
8071,Gold,218302.47,7,31186.07,Monitors,ASUS,Quarterly
8072,Silver,45210.65,5,9042.13,Monitors,ASUS,Monthly
8073,Bronze,25956.0,2,12978.0,Laptops,Lenovo,Weekly
8074,Bronze,98117.64,3,32705.88,Printers,HP,Weekly
8075,Silver,9050.15,5,1810.03,Printers,HP,Quarterly
8076,Bronze,64756.23,2,32378.11,Mice,Corsair,Monthly
8077,Silver,582984.8,5,116596.96,Mice,Dell,Monthly
8078,Bronze,22528.01,3,7509.34,Printers,HP,Bi-weekly
8079,Bronze,238063.41,3,79354.47,Monitors,LG,Quarterly
8080,Silver,331417.48,4,82854.37,Smartphones,iPhone,Weekly
8081,Gold,206568.54,8,25821.07,Tablets,Samsung,Monthly
8082,Silver,183931.61,5,36786.32,Laptops,MacBook,Monthly
8083,Silver,11888.59,5,2377.72,Laptops,HP,Weekly
8084,Silver,174677.73,5,34935.55,Mice,Corsair,Bi-weekly
8085,Bronze,67699.73,3,22566.58,Keyboards,Razer,Monthly
8086,Gold,126662.22,8,15832.78,Printers,Canon,Quarterly
8087,Silver,1281635.26,6,213605.88,Monitors,Dell,Quarterly
8088,Bronze,241378.71,3,80459.57,Keyboards,Dell,Quarterly
8089,Gold,176984.15,7,25283.45,Keyboards,Razer,Bi-weekly
8090,Gold,507851.27,7,72550.18,Tablets,Samsung,Monthly
8091,Silver,119884.99,4,29971.25,Monitors,LG,Weekly
8092,Silver,21406.34,4,5351.59,Smartphones,Realme,Bi-weekly
8093,Silver,3952.15,4,988.04,Mice,Dell,Bi-weekly
8094,Silver,79839.19,4,19959.8,Smartphones,Samsung,Weekly
8095,Silver,551514.81,4,137878.7,Mice,Logitech,Quarterly
8096,Silver,90480.36,6,15080.06,Monitors,MSI,Bi-weekly
8097,Bronze,93753.85,2,46876.92,Printers,Canon,Quarterly
8098,Silver,231872.23,6,38645.37,Tablets,iPad,Bi-weekly
8099,Silver,14363.55,4,3590.89,Keyboards,Corsair,Bi-weekly
8100,Bronze,11519.57,1,11519.57,Laptops,MacBook,Bi-weekly
8101,Silver,83181.12,6,13863.52,Monitors,ASUS,Quarterly
8102,Bronze,327231.02,3,109077.01,Smartphones,Realme,Monthly
8103,Silver,733428.61,6,122238.1,Laptops,Lenovo,Bi-weekly
8104,Silver,282453.14,6,47075.52,Mice,Corsair,Weekly
8105,Gold,193942.61,9,21549.18,Keyboards,Dell,Monthly
8106,Bronze,37752.19,3,12584.06,Monitors,BenQ,Quarterly
8107,Bronze,491460.25,3,163820.08,Tablets,iPad,Monthly
8108,Bronze,4202.05,3,1400.68,Smartphones,Samsung,Quarterly
8109,Bronze,7391.08,1,7391.08,Printers,HP,Weekly
8110,Gold,197991.32,7,28284.47,Tablets,iPad,Bi-weekly
8111,Silver,67142.78,4,16785.7,Monitors,MSI,Monthly
8112,Bronze,4504.97,1,4504.97,Laptops,HP,Bi-weekly
8113,Silver,188010.48,5,37602.1,Mice,Logitech,Weekly
8114,Silver,79107.78,4,19776.94,Smartphones,Realme,Bi-weekly
8115,Bronze,165111.03,2,82555.51,Tablets,Samsung,Monthly
8116,Bronze,437212.06,2,218606.03,Printers,Canon,Bi-weekly
8117,Bronze,168660.73,3,56220.24,Keyboards,Logitech,Monthly
8118,Bronze,101154.44,3,33718.15,Smartphones,Realme,Quarterly
8119,Bronze,24750.5,1,24750.5,Mice,Corsair,Quarterly
8120,Silver,568987.82,5,113797.56,Tablets,iPad,Monthly
8121,Silver,189702.41,5,37940.48,Mice,Logitech,Bi-weekly
8122,Gold,79041.93,9,8782.44,Keyboards,Corsair,Quarterly
8123,Gold,50266.65,8,6283.33,Monitors,BenQ,Bi-weekly
8124,Gold,589936.73,7,84276.68,Keyboards,Razer,Monthly
8125,Bronze,22130.12,2,11065.06,Printers,HP,Bi-weekly
8126,Bronze,10874.75,1,10874.75,Monitors,MSI,Bi-weekly
8127,Silver,24533.76,4,6133.44,Printers,HP,Monthly
8128,Bronze,113679.5,2,56839.75,Smartphones,Samsung,Weekly
8129,Silver,82636.42,6,13772.74,Tablets,iPad,Quarterly
8130,Silver,78454.71,6,13075.79,Keyboards,Logitech,Weekly
8131,Bronze,22700.6,2,11350.3,Monitors,MSI,Quarterly
8132,Gold,1484807.34,8,185600.92,Tablets,iPad,Bi-weekly
8133,Bronze,114144.92,3,38048.31,Keyboards,Dell,Weekly
8134,Bronze,1356.62,1,1356.62,Monitors,ASUS,Weekly
8135,Silver,296693.91,5,59338.78,Smartphones,Poco,Quarterly
8136,Bronze,128533.75,3,42844.58,Mice,Dell,Weekly
8137,Gold,286049.71,8,35756.21,Mice,Logitech,Bi-weekly
8138,Silver,48966.72,4,12241.68,Laptops,HP,Weekly
8139,Bronze,14712.1,2,7356.05,Mice,Dell,Bi-weekly
8140,Silver,401172.3,5,80234.46,Laptops,Lenovo,Monthly
8141,Bronze,160297.13,3,53432.38,Keyboards,Corsair,Monthly
8142,Silver,199121.86,4,49780.47,Mice,Corsair,Monthly
8143,Silver,152559.4,4,38139.85,Monitors,BenQ,Quarterly
8144,Bronze,13328.72,1,13328.72,Printers,Canon,Quarterly
8145,Silver,77314.63,6,12885.77,Monitors,LG,Quarterly
8146,Bronze,118709.66,3,39569.89,Monitors,Dell,Weekly
8147,Silver,352625.24,6,58770.87,Tablets,Samsung,Quarterly
8148,Silver,62374.41,5,12474.88,Mice,Logitech,Weekly
8149,Bronze,1232.84,2,616.42,Smartphones,Xiaomi,Monthly
8150,Gold,281661.26,8,35207.66,Mice,Dell,Bi-weekly
8151,Silver,80229.35,6,13371.56,Keyboards,Dell,Monthly
8152,Silver,313156.17,6,52192.7,Printers,Canon,Bi-weekly
8153,Gold,58227.49,7,8318.21,Mice,Logitech,Monthly
8154,Silver,169876.76,6,28312.79,Laptops,MacBook,Quarterly
8155,Silver,97707.88,6,16284.65,Tablets,Samsung,Weekly
8156,Silver,3192.55,5,638.51,Monitors,LG,Monthly
8157,Silver,94904.3,6,15817.38,Mice,Logitech,Quarterly
8158,Bronze,38188.92,1,38188.92,Tablets,Samsung,Bi-weekly
8159,Bronze,119975.61,3,39991.87,Tablets,Samsung,Quarterly
8160,Bronze,31746.93,2,15873.47,Laptops,Lenovo,Weekly
8161,Gold,455285.92,7,65040.85,Mice,Dell,Weekly
8162,Bronze,28647.1,3,9549.03,Smartphones,Realme,Monthly
8163,Silver,37991.9,5,7598.38,Keyboards,Corsair,Bi-weekly
8164,Gold,287536.07,7,41076.58,Laptops,MacBook,Monthly
8165,Silver,104295.7,6,17382.62,Printers,Canon,Bi-weekly
8166,Bronze,84983.81,2,42491.91,Monitors,LG,Bi-weekly
8167,Bronze,16380.65,3,5460.22,Monitors,Dell,Quarterly
8168,Bronze,9874.3,3,3291.43,Printers,Canon,Quarterly
8169,Silver,368300.09,5,73660.02,Tablets,iPad,Weekly
8170,Silver,116519.1,4,29129.77,Mice,Logitech,Weekly
8171,Gold,322932.19,7,46133.17,Printers,Canon,Bi-weekly
8172,Silver,256566.63,6,42761.11,Smartphones,iPhone,Quarterly
8173,Gold,5867.16,8,733.4,Printers,HP,Monthly
8174,Silver,151531.6,4,37882.9,Monitors,BenQ,Weekly
8175,Bronze,67324.42,2,33662.21,Smartphones,Poco,Weekly
8176,Bronze,216403.21,3,72134.4,Monitors,Dell,Monthly
8177,Bronze,100914.31,1,100914.31,Smartphones,Poco,Weekly
8178,Gold,8539.49,7,1219.93,Keyboards,Razer,Monthly
8179,Gold,16984.94,9,1887.22,Laptops,HP,Quarterly
8180,Bronze,141906.28,3,47302.09,Tablets,iPad,Bi-weekly
8181,Silver,44649.92,4,11162.48,Tablets,iPad,Weekly
8182,Bronze,116569.85,3,38856.62,Keyboards,Logitech,Monthly
8183,Gold,85790.48,9,9532.28,Printers,Canon,Monthly
8184,Bronze,9286.75,3,3095.58,Monitors,MSI,Monthly
8185,Silver,84850.52,6,14141.75,Keyboards,Razer,Quarterly
8186,Silver,377401.88,5,75480.38,Keyboards,Razer,Monthly
8187,Bronze,5895.8,1,5895.8,Keyboards,Dell,Monthly
8188,Silver,151511.66,4,37877.91,Mice,Dell,Bi-weekly
8189,Silver,299143.35,6,49857.23,Monitors,LG,Weekly
8190,Silver,100021.94,5,20004.39,Laptops,Dell,Quarterly
8191,Silver,357973.72,6,59662.29,Mice,Logitech,Quarterly
8192,Silver,163191.17,5,32638.23,Tablets,iPad,Bi-weekly
8193,Bronze,5700.26,2,2850.13,Monitors,BenQ,Quarterly
8194,Silver,286762.39,5,57352.48,Mice,Corsair,Quarterly
8195,Bronze,56147.37,3,18715.79,Keyboards,Razer,Quarterly
8196,Bronze,113952.17,2,56976.09,Keyboards,Logitech,Weekly
8197,Silver,43357.8,5,8671.56,Laptops,Lenovo,Monthly
8198,Silver,145777.92,6,24296.32,Laptops,MacBook,Quarterly
8199,Silver,467062.64,6,77843.77,Keyboards,Logitech,Weekly
8200,Bronze,10029.54,2,5014.77,Printers,HP,Monthly
8201,Silver,7049.11,4,1762.28,Tablets,iPad,Monthly
8202,Silver,177767.22,4,44441.8,Tablets,iPad,Quarterly
8203,Bronze,6573.14,2,3286.57,Smartphones,iPhone,Quarterly
8204,Silver,21529.49,5,4305.9,Tablets,iPad,Monthly
8205,Silver,121580.61,5,24316.12,Keyboards,Dell,Quarterly
8206,Bronze,98797.42,2,49398.71,Tablets,iPad,Quarterly
8207,Silver,22591.57,5,4518.31,Mice,Logitech,Bi-weekly
8208,Silver,155514.54,4,38878.63,Mice,Dell,Monthly
8209,Gold,275957.11,9,30661.9,Tablets,iPad,Monthly
8210,Bronze,167594.2,3,55864.73,Laptops,Lenovo,Monthly
8211,Gold,95341.89,9,10593.54,Keyboards,Logitech,Quarterly
8212,Silver,217690.39,4,54422.6,Keyboards,Logitech,Quarterly
8213,Bronze,3918.3,3,1306.1,Mice,Logitech,Weekly
8214,Silver,129549.74,6,21591.62,Monitors,LG,Weekly
8215,Gold,179926.25,7,25703.75,Printers,Canon,Monthly
8216,Bronze,60420.29,3,20140.1,Mice,Dell,Bi-weekly
8217,Silver,84221.72,5,16844.34,Printers,HP,Monthly
8218,Gold,331031.52,9,36781.28,Laptops,MacBook,Bi-weekly
8219,Gold,37314.41,9,4146.05,Mice,Dell,Weekly
8220,Silver,348862.12,6,58143.69,Keyboards,Corsair,Bi-weekly
8221,Silver,137728.87,5,27545.77,Monitors,MSI,Weekly
8222,Silver,37822.43,6,6303.74,Mice,Corsair,Weekly
8223,Silver,1180211.6,6,196701.93,Keyboards,Razer,Quarterly
8224,Silver,517107.56,4,129276.89,Monitors,LG,Bi-weekly
8225,Silver,503086.12,5,100617.22,Monitors,ASUS,Monthly
8226,Silver,35950.05,6,5991.67,Mice,Dell,Bi-weekly
8227,Gold,96655.33,8,12081.92,Keyboards,Razer,Monthly
8228,Silver,65214.86,6,10869.14,Laptops,HP,Monthly
8229,Silver,73053.19,5,14610.64,Tablets,iPad,Bi-weekly
8230,Bronze,163994.6,2,81997.3,Smartphones,iPhone,Weekly
8231,Silver,134623.17,5,26924.63,Tablets,iPad,Weekly
8232,Gold,500207.68,7,71458.24,Keyboards,Corsair,Bi-weekly
8233,Bronze,162783.5,3,54261.17,Tablets,Samsung,Quarterly
8234,Silver,771863.73,4,192965.93,Mice,Dell,Monthly
8235,Bronze,318032.79,3,106010.93,Mice,Dell,Quarterly
8236,Silver,180278.3,5,36055.66,Keyboards,Corsair,Weekly
8237,Silver,831694.51,5,166338.9,Monitors,Dell,Weekly
8238,Bronze,11578.47,2,5789.23,Tablets,iPad,Monthly
8239,Silver,157056.09,6,26176.01,Mice,Dell,Weekly
8240,Bronze,43730.68,2,21865.34,Smartphones,Poco,Quarterly
8241,Bronze,521.55,3,173.85,Monitors,ASUS,Monthly
8242,Silver,434335.58,6,72389.26,Printers,Canon,Bi-weekly
8243,Silver,26729.07,6,4454.84,Mice,Logitech,Weekly
8244,Gold,544335.11,8,68041.89,Laptops,HP,Bi-weekly
8245,Silver,106375.75,4,26593.94,Tablets,Samsung,Quarterly
8246,Gold,143922.26,7,20560.32,Laptops,HP,Weekly
8247,Silver,311005.42,6,51834.24,Mice,Logitech,Quarterly
8248,Gold,35184.3,7,5026.33,Monitors,LG,Weekly
8249,Gold,449235.08,7,64176.44,Printers,HP,Quarterly
8250,Bronze,36634.87,2,18317.43,Printers,Canon,Weekly
8251,Silver,46474.17,6,7745.69,Printers,Canon,Monthly
8252,Bronze,126695.67,3,42231.89,Monitors,Dell,Monthly
8253,Bronze,95973.07,1,95973.07,Printers,Canon,Quarterly
8254,Gold,245746.1,7,35106.59,Keyboards,Corsair,Quarterly
8255,Gold,22387.14,8,2798.39,Laptops,MacBook,Weekly
8256,Silver,57660.92,5,11532.18,Keyboards,Corsair,Monthly
8257,Bronze,34767.6,3,11589.2,Tablets,Samsung,Quarterly
8258,Gold,908062.95,8,113507.87,Monitors,Dell,Quarterly
8259,Silver,640558.32,4,160139.58,Monitors,ASUS,Weekly
8260,Bronze,11105.94,2,5552.97,Laptops,Dell,Monthly
8261,Gold,503827.0,9,55980.78,Tablets,Samsung,Bi-weekly
8262,Bronze,25857.5,3,8619.17,Tablets,Samsung,Weekly
8263,Gold,616815.65,7,88116.52,Mice,Dell,Monthly
8264,Bronze,4245.97,1,4245.97,Printers,Canon,Monthly
8265,Gold,120524.54,8,15065.57,Smartphones,Realme,Bi-weekly
8266,Silver,293467.39,6,48911.23,Smartphones,Xiaomi,Weekly
8267,Silver,153522.5,5,30704.5,Smartphones,Samsung,Monthly
8268,Silver,74320.28,4,18580.07,Smartphones,OnePlus,Quarterly
8269,Bronze,62192.74,3,20730.91,Smartphones,iPhone,Bi-weekly
8270,Silver,41200.57,6,6866.76,Laptops,MacBook,Monthly
8271,Bronze,39793.72,3,13264.57,Printers,HP,Monthly
8272,Silver,377291.11,4,94322.78,Smartphones,iPhone,Bi-weekly
8273,Gold,97818.49,7,13974.07,Keyboards,Razer,Bi-weekly
8274,Silver,613613.76,6,102268.96,Tablets,Samsung,Monthly
8275,Silver,249509.26,4,62377.32,Keyboards,Corsair,Weekly
8276,Gold,317921.81,7,45417.4,Keyboards,Corsair,Quarterly
8277,Silver,75581.11,4,18895.28,Keyboards,Logitech,Quarterly
8278,Silver,244210.49,5,48842.1,Printers,HP,Monthly
8279,Silver,650.84,6,108.47,Keyboards,Corsair,Weekly
8280,Silver,153320.02,4,38330.0,Mice,Logitech,Bi-weekly
8281,Bronze,41726.52,2,20863.26,Smartphones,Xiaomi,Weekly
8282,Gold,608197.04,11,55290.64,Printers,HP,Weekly
8283,Silver,119235.73,4,29808.93,Printers,HP,Weekly
8284,Silver,48512.68,6,8085.45,Laptops,HP,Weekly
8285,Gold,101339.16,7,14477.02,Smartphones,OnePlus,Bi-weekly
8286,Bronze,37115.86,3,12371.95,Laptops,Dell,Bi-weekly
8287,Bronze,164348.4,3,54782.8,Mice,Dell,Quarterly
8288,Bronze,8500.77,3,2833.59,Laptops,Lenovo,Quarterly
8289,Bronze,66061.33,1,66061.33,Smartphones,Xiaomi,Bi-weekly
8290,Silver,122963.87,6,20493.98,Smartphones,Samsung,Monthly
8291,Bronze,109085.21,3,36361.74,Smartphones,Realme,Weekly
8292,Bronze,92553.96,1,92553.96,Tablets,Samsung,Bi-weekly
8293,Silver,4104.1,6,684.02,Laptops,Lenovo,Weekly
8294,Silver,531536.74,5,106307.35,Keyboards,Corsair,Quarterly
8295,Bronze,30997.5,1,30997.5,Printers,HP,Monthly
8296,Bronze,267469.28,3,89156.43,Mice,Logitech,Monthly
8297,Silver,32135.12,6,5355.85,Tablets,Samsung,Bi-weekly
8298,Silver,97699.07,6,16283.18,Keyboards,Corsair,Weekly
8299,Bronze,319380.92,2,159690.46,Mice,Dell,Quarterly
8300,Silver,509918.82,5,101983.76,Tablets,Samsung,Weekly
8301,Silver,59915.62,4,14978.9,Mice,Corsair,Bi-weekly
8302,Silver,83321.02,5,16664.2,Monitors,BenQ,Weekly
8303,Gold,469305.44,7,67043.63,Printers,Canon,Bi-weekly
8304,Bronze,52562.61,3,17520.87,Tablets,Samsung,Monthly
8305,Silver,29215.81,5,5843.16,Laptops,MacBook,Monthly
8306,Silver,53619.95,4,13404.99,Laptops,MacBook,Bi-weekly
8307,Bronze,42285.0,3,14095.0,Mice,Corsair,Quarterly
8308,Gold,42384.13,8,5298.02,Laptops,MacBook,Monthly
8309,Silver,300644.66,5,60128.93,Tablets,iPad,Bi-weekly
8310,Gold,181643.03,8,22705.38,Mice,Dell,Quarterly
8311,Silver,85797.39,4,21449.35,Tablets,Samsung,Quarterly
8312,Bronze,106048.77,2,53024.39,Printers,HP,Bi-weekly
8313,Silver,146257.82,5,29251.56,Keyboards,Dell,Bi-weekly
8314,Gold,43471.8,8,5433.98,Monitors,BenQ,Bi-weekly
8315,Silver,746879.85,6,124479.98,Keyboards,Razer,Weekly
8316,Gold,246142.74,9,27349.19,Smartphones,Xiaomi,Monthly
8317,Silver,34450.77,4,8612.69,Monitors,BenQ,Weekly
8318,Gold,44819.55,9,4979.95,Tablets,Samsung,Quarterly
8319,Bronze,137371.5,3,45790.5,Mice,Dell,Bi-weekly
8320,Silver,189256.26,5,37851.25,Smartphones,Poco,Monthly
8321,Silver,157744.47,5,31548.89,Mice,Dell,Weekly
8322,Silver,240961.25,6,40160.21,Tablets,Samsung,Quarterly
8323,Bronze,76451.86,3,25483.95,Printers,HP,Monthly
8324,Bronze,374362.28,3,124787.43,Laptops,Dell,Weekly
8325,Silver,98137.98,6,16356.33,Mice,Corsair,Weekly
8326,Gold,578745.65,8,72343.21,Monitors,Dell,Weekly
8327,Silver,488530.1,5,97706.02,Monitors,Dell,Weekly
8328,Silver,16992.99,4,4248.25,Tablets,Samsung,Quarterly
8329,Gold,10718.28,10,1071.83,Monitors,LG,Quarterly
8330,Silver,60246.35,5,12049.27,Mice,Corsair,Quarterly
8331,Bronze,54774.69,3,18258.23,Laptops,MacBook,Bi-weekly
8332,Silver,338421.62,4,84605.4,Mice,Corsair,Quarterly
8333,Bronze,29342.04,2,14671.02,Keyboards,Razer,Bi-weekly
8334,Silver,48456.2,6,8076.03,Smartphones,Xiaomi,Monthly
8335,Silver,536983.36,6,89497.23,Printers,Canon,Monthly
8336,Silver,474200.61,5,94840.12,Printers,HP,Bi-weekly
8337,Bronze,57895.13,1,57895.13,Keyboards,Logitech,Quarterly
8338,Bronze,20327.28,1,20327.28,Mice,Corsair,Quarterly
8339,Bronze,68691.4,3,22897.13,Printers,HP,Monthly
8340,Bronze,476915.17,3,158971.72,Monitors,LG,Weekly
8341,Bronze,6282.1,1,6282.1,Laptops,HP,Weekly
8342,Bronze,110639.7,2,55319.85,Laptops,Dell,Bi-weekly
8343,Silver,176067.91,4,44016.98,Monitors,LG,Monthly
8344,Bronze,222813.37,3,74271.12,Mice,Dell,Quarterly
8345,Silver,177888.18,5,35577.64,Tablets,iPad,Quarterly
8346,Gold,125871.29,7,17981.61,Tablets,Samsung,Monthly
8347,Gold,40171.43,7,5738.78,Smartphones,Realme,Weekly
8348,Silver,43206.77,5,8641.35,Mice,Dell,Bi-weekly
8349,Bronze,1270.57,3,423.52,Mice,Logitech,Bi-weekly
8350,Bronze,82604.18,2,41302.09,Smartphones,Realme,Bi-weekly
8351,Silver,96823.85,5,19364.77,Tablets,Samsung,Monthly
8352,Gold,112411.95,10,11241.19,Mice,Dell,Quarterly
8353,Silver,13098.25,4,3274.56,Keyboards,Corsair,Bi-weekly
8354,Bronze,86943.99,3,28981.33,Monitors,ASUS,Quarterly
8355,Gold,103849.56,9,11538.84,Tablets,iPad,Weekly
8356,Bronze,15049.9,3,5016.63,Tablets,Samsung,Monthly
8357,Silver,1375039.69,5,275007.94,Printers,Canon,Bi-weekly
8358,Silver,72095.72,4,18023.93,Mice,Dell,Monthly
8359,Silver,472839.84,4,118209.96,Laptops,Dell,Bi-weekly
8360,Bronze,1236.65,2,618.33,Printers,Canon,Quarterly
8361,Bronze,109123.06,3,36374.35,Monitors,LG,Weekly
8362,Silver,9816.28,6,1636.05,Keyboards,Logitech,Bi-weekly
8363,Silver,433051.83,6,72175.31,Laptops,MacBook,Quarterly
8364,Gold,203425.26,8,25428.16,Laptops,HP,Quarterly
8365,Silver,108396.07,5,21679.21,Keyboards,Dell,Quarterly
8366,Silver,24092.09,5,4818.42,Mice,Logitech,Quarterly
8367,Gold,243504.11,7,34786.3,Monitors,BenQ,Weekly
8368,Bronze,45764.43,3,15254.81,Smartphones,Realme,Weekly
8369,Bronze,43008.71,1,43008.71,Laptops,MacBook,Bi-weekly
8370,Silver,121552.96,5,24310.59,Printers,Canon,Weekly
8371,Silver,238656.45,4,59664.11,Keyboards,Dell,Monthly
8372,Silver,367473.15,6,61245.52,Printers,Canon,Bi-weekly
8373,Bronze,117452.08,2,58726.04,Keyboards,Logitech,Quarterly
8374,Silver,86773.95,4,21693.49,Keyboards,Razer,Monthly
8375,Silver,29791.59,5,5958.32,Smartphones,OnePlus,Weekly
8376,Silver,59179.89,5,11835.98,Keyboards,Corsair,Monthly
8377,Bronze,46657.97,1,46657.97,Mice,Corsair,Quarterly
8378,Silver,184912.97,5,36982.59,Laptops,Dell,Monthly
8379,Bronze,11962.95,1,11962.95,Printers,Canon,Monthly
8380,Silver,76005.22,5,15201.04,Mice,Dell,Bi-weekly
8381,Bronze,105619.37,3,35206.46,Tablets,iPad,Quarterly
8382,Gold,968692.23,7,138384.6,Smartphones,Realme,Weekly
8383,Silver,156906.64,5,31381.33,Smartphones,Xiaomi,Quarterly
8384,Silver,1036054.2,6,172675.7,Printers,Canon,Monthly
8385,Bronze,256381.54,2,128190.77,Printers,Canon,Quarterly
8386,Bronze,182693.52,3,60897.84,Tablets,iPad,Bi-weekly
8387,Bronze,69360.71,2,34680.36,Monitors,LG,Quarterly
8388,Gold,128593.63,8,16074.2,Tablets,Samsung,Monthly
8389,Bronze,1217.44,2,608.72,Laptops,Lenovo,Weekly
8390,Silver,426085.34,6,71014.22,Tablets,iPad,Monthly
8391,Silver,784830.88,6,130805.15,Printers,Canon,Monthly
8392,Silver,184428.29,5,36885.66,Laptops,Lenovo,Bi-weekly
8393,Bronze,14278.58,1,14278.58,Smartphones,Samsung,Weekly
8394,Bronze,29122.81,3,9707.6,Tablets,Samsung,Monthly
8395,Silver,117420.26,5,23484.05,Mice,Dell,Bi-weekly
8396,Gold,82217.28,11,7474.3,Monitors,ASUS,Quarterly
8397,Bronze,336333.23,3,112111.08,Smartphones,Samsung,Weekly
8398,Silver,46296.94,6,7716.16,Mice,Dell,Bi-weekly
8399,Bronze,46571.93,3,15523.98,Mice,Corsair,Bi-weekly
8400,Gold,1109101.5,8,138637.69,Tablets,Samsung,Bi-weekly
8401,Silver,47035.41,6,7839.24,Printers,HP,Quarterly
8402,Silver,438730.2,4,109682.55,Smartphones,Xiaomi,Monthly
8403,Silver,40391.52,5,8078.3,Smartphones,Realme,Quarterly
8404,Bronze,1869.44,2,934.72,Smartphones,Realme,Weekly
8405,Silver,141018.91,6,23503.15,Monitors,MSI,Monthly
8406,Bronze,5974.06,3,1991.35,Monitors,Dell,Monthly
8407,Silver,284047.96,4,71011.99,Keyboards,Logitech,Weekly
8408,Bronze,160533.0,2,80266.5,Smartphones,iPhone,Weekly
8409,Gold,48784.63,7,6969.23,Laptops,Dell,Bi-weekly
8410,Silver,291974.1,5,58394.82,Mice,Dell,Quarterly
8411,Silver,114052.13,6,19008.69,Keyboards,Corsair,Bi-weekly
8412,Bronze,39973.5,1,39973.5,Keyboards,Logitech,Quarterly
8413,Bronze,17654.15,1,17654.15,Monitors,MSI,Weekly
8414,Bronze,69924.03,1,69924.03,Laptops,Dell,Weekly
8415,Silver,240208.35,4,60052.09,Mice,Corsair,Weekly
8416,Silver,148947.61,6,24824.6,Tablets,Samsung,Monthly
8417,Bronze,28161.49,3,9387.16,Monitors,Dell,Quarterly
8418,Bronze,29566.08,2,14783.04,Printers,HP,Quarterly
8419,Silver,71342.74,5,14268.55,Mice,Corsair,Bi-weekly
8420,Gold,135801.91,7,19400.27,Keyboards,Dell,Weekly
8421,Bronze,4572.84,2,2286.42,Monitors,Dell,Quarterly
8422,Bronze,79949.31,3,26649.77,Keyboards,Dell,Quarterly
8423,Silver,5439.33,5,1087.87,Printers,Canon,Monthly
8424,Silver,489915.19,6,81652.53,Printers,HP,Bi-weekly
8425,Silver,688445.48,5,137689.1,Printers,Canon,Quarterly
8426,Bronze,28106.8,3,9368.93,Mice,Logitech,Quarterly
8427,Bronze,153412.49,2,76706.24,Printers,HP,Monthly
8428,Gold,412300.6,7,58900.09,Laptops,Dell,Monthly
8429,Bronze,14886.52,1,14886.52,Printers,Canon,Weekly
8430,Bronze,13561.4,3,4520.47,Keyboards,Dell,Weekly
8431,Silver,630444.89,6,105074.15,Monitors,LG,Weekly
8432,Bronze,36681.87,3,12227.29,Monitors,MSI,Bi-weekly
8433,Silver,41418.9,5,8283.78,Smartphones,Realme,Weekly
8434,Gold,808999.49,7,115571.36,Smartphones,Xiaomi,Weekly
8435,Silver,223425.06,4,55856.26,Printers,HP,Quarterly
8436,Silver,494867.71,6,82477.95,Monitors,ASUS,Monthly
8437,Silver,42406.09,4,10601.52,Printers,Canon,Bi-weekly
8438,Silver,196743.89,6,32790.65,Tablets,iPad,Monthly
8439,Bronze,106941.17,3,35647.06,Smartphones,Xiaomi,Weekly
8440,Silver,234617.39,5,46923.48,Mice,Dell,Quarterly
8441,Bronze,77124.47,3,25708.16,Monitors,BenQ,Monthly
8442,Gold,300603.0,7,42943.29,Laptops,HP,Weekly
8443,Silver,95568.86,6,15928.14,Printers,HP,Weekly
8444,Silver,668743.21,5,133748.64,Monitors,BenQ,Bi-weekly
8445,Silver,40562.45,4,10140.61,Monitors,BenQ,Monthly
8446,Silver,37262.79,4,9315.7,Mice,Dell,Monthly
8447,Gold,360341.4,7,51477.34,Printers,Canon,Weekly
8448,Bronze,53352.13,2,26676.06,Tablets,iPad,Bi-weekly
8449,Silver,59202.21,5,11840.44,Mice,Corsair,Bi-weekly
8450,Silver,255823.5,6,42637.25,Monitors,LG,Weekly
8451,Silver,119517.67,5,23903.53,Smartphones,Xiaomi,Bi-weekly
8452,Silver,4809.93,5,961.99,Keyboards,Corsair,Weekly
8453,Silver,146200.41,5,29240.08,Monitors,Dell,Monthly
8454,Gold,7460.9,8,932.61,Keyboards,Dell,Bi-weekly
8455,Gold,92249.71,7,13178.53,Mice,Corsair,Weekly
8456,Bronze,34455.45,1,34455.45,Laptops,Dell,Quarterly
8457,Bronze,9684.66,1,9684.66,Monitors,ASUS,Monthly
8458,Silver,121136.05,5,24227.21,Keyboards,Logitech,Weekly
8459,Silver,62636.11,6,10439.35,Printers,Canon,Bi-weekly
8460,Gold,94886.82,8,11860.85,Printers,Canon,Bi-weekly
8461,Bronze,207146.4,3,69048.8,Monitors,MSI,Bi-weekly
8462,Silver,496912.12,6,82818.69,Tablets,Samsung,Quarterly
8463,Silver,215102.44,4,53775.61,Monitors,BenQ,Quarterly
8464,Silver,195143.68,4,48785.92,Monitors,ASUS,Bi-weekly
8465,Bronze,57530.82,3,19176.94,Printers,Canon,Bi-weekly
8466,Gold,195877.81,7,27982.54,Monitors,ASUS,Monthly
8467,Silver,52035.17,4,13008.79,Smartphones,Samsung,Monthly
8468,Silver,136060.12,5,27212.02,Tablets,Samsung,Quarterly
8469,Silver,114370.69,4,28592.67,Smartphones,OnePlus,Weekly
8470,Gold,76806.65,8,9600.83,Tablets,iPad,Quarterly
8471,Silver,378637.83,4,94659.46,Monitors,BenQ,Bi-weekly
8472,Bronze,67395.68,2,33697.84,Mice,Dell,Quarterly
8473,Bronze,12637.51,1,12637.51,Smartphones,Poco,Weekly
8474,Bronze,96302.33,2,48151.17,Monitors,LG,Weekly
8475,Bronze,69578.68,3,23192.89,Printers,Canon,Bi-weekly
8476,Silver,200058.53,4,50014.63,Tablets,iPad,Bi-weekly
8477,Bronze,2038.59,2,1019.3,Keyboards,Corsair,Weekly
8478,Gold,142610.59,8,17826.32,Monitors,MSI,Bi-weekly
8479,Bronze,3123.48,2,1561.74,Mice,Corsair,Weekly
8480,Silver,136221.74,4,34055.43,Keyboards,Dell,Bi-weekly
8481,Silver,185549.26,5,37109.85,Keyboards,Corsair,Quarterly
8482,Gold,800076.18,9,88897.35,Mice,Dell,Monthly
8483,Silver,48240.93,5,9648.19,Keyboards,Corsair,Bi-weekly
8484,Gold,933347.05,11,84849.73,Monitors,BenQ,Bi-weekly
8485,Bronze,36697.74,3,12232.58,Mice,Dell,Bi-weekly
8486,Bronze,19993.37,3,6664.46,Keyboards,Dell,Bi-weekly
8487,Bronze,148648.53,2,74324.27,Tablets,iPad,Bi-weekly
8488,Silver,18615.02,6,3102.5,Smartphones,Xiaomi,Monthly
8489,Silver,57432.84,4,14358.21,Monitors,ASUS,Weekly
8490,Silver,34113.35,5,6822.67,Smartphones,Samsung,Bi-weekly
8491,Silver,157840.77,4,39460.19,Smartphones,OnePlus,Weekly
8492,Gold,399381.59,8,49922.7,Keyboards,Corsair,Monthly
8493,Bronze,43800.36,2,21900.18,Printers,Canon,Weekly
8494,Silver,213147.07,5,42629.41,Keyboards,Logitech,Weekly
8495,Gold,249587.64,9,27731.96,Tablets,Samsung,Quarterly
8496,Silver,181717.57,4,45429.39,Mice,Dell,Bi-weekly
8497,Gold,93712.86,7,13387.55,Monitors,BenQ,Quarterly
8498,Silver,451508.79,4,112877.2,Laptops,MacBook,Weekly
8499,Silver,132511.04,6,22085.17,Monitors,MSI,Bi-weekly
8500,Bronze,61659.11,1,61659.11,Keyboards,Corsair,Monthly
8501,Silver,146049.98,5,29210.0,Monitors,LG,Monthly
8502,Silver,290000.78,5,58000.16,Mice,Corsair,Bi-weekly
8503,Silver,14303.75,6,2383.96,Mice,Logitech,Monthly
8504,Silver,24386.34,4,6096.59,Printers,HP,Weekly
8505,Silver,145894.92,5,29178.98,Printers,Canon,Monthly
8506,Gold,453184.0,8,56648.0,Printers,Canon,Monthly
8507,Bronze,152937.18,1,152937.18,Mice,Corsair,Quarterly
8508,Silver,260322.49,5,52064.5,Monitors,MSI,Monthly
8509,Silver,5501.82,5,1100.36,Tablets,Samsung,Bi-weekly
8510,Silver,3712.17,6,618.7,Smartphones,OnePlus,Quarterly
8511,Silver,225919.25,6,37653.21,Laptops,Dell,Monthly
8512,Gold,859286.3,8,107410.79,Printers,HP,Bi-weekly
8513,Bronze,30297.48,2,15148.74,Smartphones,Realme,Weekly
8514,Bronze,121037.33,1,121037.33,Monitors,MSI,Monthly
8515,Bronze,2422.49,1,2422.49,Laptops,MacBook,Bi-weekly
8516,Bronze,61418.12,3,20472.71,Smartphones,Poco,Bi-weekly
8517,Bronze,73202.36,3,24400.79,Monitors,ASUS,Quarterly
8518,Silver,132146.48,6,22024.41,Smartphones,Samsung,Quarterly
8519,Silver,718027.66,6,119671.28,Laptops,Dell,Monthly
8520,Bronze,104205.48,3,34735.16,Smartphones,OnePlus,Quarterly
8521,Bronze,11890.33,3,3963.44,Monitors,BenQ,Quarterly
8522,Gold,72457.86,7,10351.12,Printers,HP,Weekly
8523,Bronze,136011.57,3,45337.19,Keyboards,Corsair,Monthly
8524,Bronze,260969.49,3,86989.83,Tablets,Samsung,Monthly
8525,Bronze,13053.78,3,4351.26,Tablets,iPad,Monthly
8526,Silver,14810.91,4,3702.73,Printers,Canon,Bi-weekly
8527,Silver,76224.08,5,15244.82,Laptops,Dell,Monthly
8528,Gold,691448.48,8,86431.06,Monitors,BenQ,Weekly
8529,Silver,733619.91,4,183404.98,Printers,Canon,Weekly
8530,Silver,97913.0,5,19582.6,Laptops,Lenovo,Quarterly
8531,Bronze,10280.78,1,10280.78,Monitors,MSI,Quarterly
8532,Silver,37390.87,5,7478.17,Printers,HP,Bi-weekly
8533,Silver,244002.0,5,48800.4,Printers,HP,Bi-weekly
8534,Gold,28270.66,7,4038.67,Keyboards,Logitech,Quarterly
8535,Silver,127985.49,4,31996.37,Tablets,Samsung,Bi-weekly
8536,Gold,114922.75,9,12769.19,Keyboards,Logitech,Quarterly
8537,Silver,111799.0,4,27949.75,Printers,Canon,Quarterly
8538,Silver,42896.21,4,10724.05,Tablets,iPad,Bi-weekly
8539,Bronze,45631.39,3,15210.46,Tablets,Samsung,Weekly
8540,Silver,39284.6,5,7856.92,Laptops,Lenovo,Monthly
8541,Gold,272582.82,8,34072.85,Tablets,Samsung,Bi-weekly
8542,Bronze,4879.71,1,4879.71,Keyboards,Logitech,Bi-weekly
8543,Bronze,18308.84,3,6102.95,Keyboards,Corsair,Quarterly
8544,Silver,124914.99,5,24983.0,Monitors,LG,Weekly
8545,Silver,37123.22,4,9280.81,Printers,HP,Quarterly
8546,Silver,112626.64,4,28156.66,Monitors,LG,Quarterly
8547,Silver,199748.04,6,33291.34,Laptops,MacBook,Weekly
8548,Silver,154046.66,4,38511.67,Keyboards,Corsair,Bi-weekly
8549,Silver,137367.05,4,34341.76,Keyboards,Corsair,Weekly
8550,Silver,261178.54,4,65294.64,Smartphones,Realme,Bi-weekly
8551,Silver,90366.27,6,15061.04,Tablets,iPad,Quarterly
8552,Silver,83227.33,4,20806.83,Mice,Logitech,Quarterly
8553,Silver,44226.85,5,8845.37,Tablets,Samsung,Weekly
8554,Silver,947222.44,6,157870.41,Monitors,ASUS,Monthly
8555,Bronze,40456.27,3,13485.42,Keyboards,Corsair,Bi-weekly
8556,Bronze,68534.64,3,22844.88,Keyboards,Corsair,Quarterly
8557,Bronze,165562.67,2,82781.33,Monitors,ASUS,Monthly
8558,Bronze,38749.14,3,12916.38,Mice,Corsair,Weekly
8559,Silver,271505.54,6,45250.92,Printers,Canon,Weekly
8560,Silver,89577.67,6,14929.61,Monitors,BenQ,Quarterly
8561,Bronze,57187.48,2,28593.74,Mice,Corsair,Monthly
8562,Silver,16769.43,5,3353.89,Laptops,Lenovo,Monthly
8563,Bronze,91092.5,3,30364.17,Tablets,iPad,Quarterly
8564,Silver,90408.8,6,15068.13,Smartphones,Realme,Quarterly
8565,Bronze,38505.88,3,12835.29,Keyboards,Dell,Monthly
8566,Bronze,26636.18,1,26636.18,Printers,HP,Monthly
8567,Silver,64323.02,5,12864.6,Keyboards,Logitech,Weekly
8568,Gold,121553.68,9,13505.96,Mice,Logitech,Bi-weekly
8569,Silver,265865.57,4,66466.39,Mice,Corsair,Bi-weekly
8570,Bronze,61134.53,3,20378.18,Printers,HP,Bi-weekly
8571,Bronze,8900.81,1,8900.81,Printers,HP,Quarterly
8572,Silver,262989.92,6,43831.65,Monitors,MSI,Weekly
8573,Bronze,145788.68,3,48596.23,Monitors,Dell,Weekly
8574,Silver,176285.81,4,44071.45,Printers,Canon,Bi-weekly
8575,Bronze,82401.01,3,27467.0,Monitors,BenQ,Monthly
8576,Bronze,21149.62,3,7049.87,Laptops,MacBook,Weekly
8577,Silver,81070.17,4,20267.54,Mice,Logitech,Monthly
8578,Silver,855914.97,6,142652.5,Smartphones,Samsung,Weekly
8579,Silver,58803.63,5,11760.73,Monitors,BenQ,Weekly
8580,Bronze,39184.12,2,19592.06,Tablets,iPad,Bi-weekly
8581,Bronze,10691.64,3,3563.88,Smartphones,OnePlus,Quarterly
8582,Silver,19204.7,4,4801.17,Laptops,MacBook,Monthly
8583,Silver,27620.01,5,5524.0,Smartphones,iPhone,Bi-weekly
8584,Bronze,11311.43,2,5655.71,Printers,HP,Monthly
8585,Silver,558469.06,6,93078.18,Keyboards,Razer,Quarterly
8586,Bronze,23160.85,1,23160.85,Laptops,Dell,Monthly
8587,Silver,214105.7,4,53526.42,Printers,HP,Bi-weekly
8588,Bronze,402881.15,3,134293.72,Smartphones,OnePlus,Bi-weekly
8589,Silver,174128.0,6,29021.33,Laptops,Dell,Bi-weekly
8590,Silver,307953.89,5,61590.78,Laptops,Dell,Quarterly
8591,Bronze,16141.08,1,16141.08,Tablets,iPad,Weekly
8592,Bronze,39721.74,3,13240.58,Keyboards,Razer,Bi-weekly
8593,Gold,432800.71,8,54100.09,Smartphones,Realme,Quarterly
8594,Silver,48155.04,5,9631.01,Smartphones,OnePlus,Weekly
8595,Silver,51689.23,5,10337.85,Tablets,iPad,Quarterly
8596,Gold,212798.53,7,30399.79,Monitors,MSI,Weekly
8597,Bronze,47436.58,2,23718.29,Printers,HP,Weekly
8598,Bronze,81709.18,3,27236.39,Printers,Canon,Bi-weekly
8599,Bronze,10569.63,3,3523.21,Printers,HP,Quarterly
8600,Silver,200611.15,6,33435.19,Mice,Corsair,Quarterly
8601,Bronze,744682.98,3,248227.66,Mice,Logitech,Weekly
8602,Silver,26692.06,6,4448.68,Laptops,Dell,Bi-weekly
8603,Silver,71642.15,5,14328.43,Printers,HP,Quarterly
8604,Silver,193176.17,5,38635.23,Printers,Canon,Monthly
8605,Bronze,129304.24,2,64652.12,Laptops,HP,Monthly
8606,Silver,221961.02,4,55490.25,Smartphones,Realme,Quarterly
8607,Gold,66005.33,7,9429.33,Laptops,MacBook,Weekly
8608,Silver,173822.24,6,28970.37,Smartphones,Poco,Monthly
8609,Silver,132760.97,5,26552.19,Smartphones,Samsung,Bi-weekly
8610,Silver,738579.41,4,184644.85,Laptops,Lenovo,Bi-weekly
8611,Silver,73672.5,5,14734.5,Smartphones,OnePlus,Monthly
8612,Gold,35234.25,10,3523.42,Laptops,HP,Weekly
8613,Bronze,2632.81,3,877.6,Smartphones,Realme,Weekly
8614,Silver,36226.19,5,7245.24,Smartphones,Realme,Quarterly
8615,Silver,7195.93,4,1798.98,Tablets,iPad,Quarterly
8616,Silver,76062.72,6,12677.12,Keyboards,Razer,Weekly
8617,Gold,819545.38,7,117077.91,Laptops,Lenovo,Weekly
8618,Silver,116655.2,4,29163.8,Mice,Dell,Quarterly
8619,Silver,98868.98,5,19773.8,Monitors,ASUS,Monthly
8620,Bronze,28904.58,3,9634.86,Smartphones,Realme,Quarterly
8621,Silver,43455.5,4,10863.87,Mice,Dell,Bi-weekly
8622,Silver,185345.74,5,37069.15,Smartphones,Realme,Bi-weekly
8623,Gold,449033.28,7,64147.61,Monitors,LG,Weekly
8624,Gold,366461.0,9,40717.89,Printers,Canon,Quarterly
8625,Gold,23059.73,7,3294.25,Keyboards,Razer,Bi-weekly
8626,Bronze,46143.53,3,15381.18,Smartphones,Xiaomi,Weekly
8627,Silver,261555.24,5,52311.05,Keyboards,Dell,Monthly
8628,Silver,328062.25,5,65612.45,Printers,HP,Bi-weekly
8629,Silver,164778.19,6,27463.03,Monitors,LG,Monthly
8630,Gold,1078172.7,7,154024.67,Mice,Dell,Quarterly
8631,Silver,38863.94,5,7772.79,Monitors,ASUS,Quarterly
8632,Bronze,170210.28,3,56736.76,Laptops,Lenovo,Weekly
8633,Silver,334436.08,5,66887.22,Keyboards,Razer,Bi-weekly
8634,Silver,95605.81,6,15934.3,Printers,HP,Monthly
8635,Bronze,109951.41,2,54975.71,Mice,Dell,Weekly
8636,Silver,1221005.32,6,203500.89,Tablets,Samsung,Monthly
8637,Bronze,4238.1,1,4238.1,Smartphones,Poco,Bi-weekly
8638,Silver,365784.18,6,60964.03,Smartphones,OnePlus,Quarterly
8639,Silver,265403.21,4,66350.8,Smartphones,OnePlus,Monthly
8640,Silver,13234.34,6,2205.72,Tablets,iPad,Weekly
8641,Silver,137817.79,5,27563.56,Tablets,iPad,Quarterly
8642,Bronze,236927.32,3,78975.77,Printers,Canon,Weekly
8643,Silver,156741.42,6,26123.57,Keyboards,Razer,Monthly
8644,Bronze,10026.99,2,5013.5,Mice,Dell,Quarterly
8645,Silver,186881.5,4,46720.37,Smartphones,iPhone,Monthly
8646,Gold,142229.28,8,17778.66,Smartphones,OnePlus,Weekly
8647,Silver,80209.05,5,16041.81,Printers,HP,Weekly
8648,Bronze,119902.26,3,39967.42,Monitors,MSI,Monthly
8649,Gold,420409.03,9,46712.11,Printers,Canon,Quarterly
8650,Silver,184410.3,5,36882.06,Monitors,ASUS,Monthly
8651,Silver,195690.71,4,48922.68,Monitors,ASUS,Weekly
8652,Silver,210648.75,6,35108.13,Mice,Dell,Weekly
8653,Bronze,59268.55,1,59268.55,Mice,Corsair,Bi-weekly
8654,Gold,1701940.84,7,243134.41,Monitors,MSI,Monthly
8655,Silver,325571.2,5,65114.24,Smartphones,OnePlus,Monthly
8656,Silver,123786.95,4,30946.74,Printers,HP,Bi-weekly
8657,Gold,412094.97,8,51511.87,Mice,Corsair,Quarterly
8658,Silver,183294.98,5,36659.0,Tablets,Samsung,Weekly
8659,Bronze,237256.55,3,79085.52,Keyboards,Corsair,Weekly
8660,Silver,87304.93,4,21826.23,Monitors,ASUS,Weekly
8661,Bronze,116139.67,2,58069.84,Monitors,BenQ,Monthly
8662,Bronze,72074.47,3,24024.82,Monitors,BenQ,Monthly
8663,Bronze,52732.27,3,17577.42,Printers,Canon,Weekly
8664,Silver,271817.61,4,67954.4,Tablets,Samsung,Bi-weekly
8665,Bronze,14289.9,2,7144.95,Tablets,Samsung,Monthly
8666,Bronze,40073.58,2,20036.79,Keyboards,Dell,Quarterly
8667,Silver,26836.11,6,4472.69,Smartphones,OnePlus,Quarterly
8668,Bronze,286603.21,3,95534.4,Tablets,iPad,Quarterly
8669,Bronze,5415.21,1,5415.21,Tablets,iPad,Weekly
8670,Silver,361272.99,5,72254.6,Printers,Canon,Weekly
8671,Gold,626484.52,7,89497.79,Keyboards,Logitech,Bi-weekly
8672,Silver,132871.95,4,33217.99,Printers,HP,Weekly
8673,Silver,53191.93,5,10638.39,Monitors,BenQ,Weekly
8674,Silver,241922.92,4,60480.73,Monitors,Dell,Monthly
8675,Bronze,297037.17,3,99012.39,Monitors,MSI,Quarterly
8676,Gold,703506.99,7,100501.0,Tablets,Samsung,Bi-weekly
8677,Silver,133840.03,5,26768.01,Monitors,Dell,Quarterly
8678,Silver,195668.63,6,32611.44,Mice,Dell,Quarterly
8679,Bronze,25274.0,1,25274.0,Tablets,Samsung,Weekly
8680,Bronze,1419.39,3,473.13,Laptops,HP,Quarterly
8681,Bronze,34796.82,3,11598.94,Mice,Corsair,Monthly
8682,Silver,8952.0,5,1790.4,Printers,HP,Weekly
8683,Gold,852060.89,8,106507.61,Keyboards,Corsair,Weekly
8684,Silver,4188.94,4,1047.24,Smartphones,Samsung,Monthly
8685,Silver,45486.23,4,11371.56,Mice,Corsair,Monthly
8686,Silver,354320.67,4,88580.17,Keyboards,Corsair,Quarterly
8687,Silver,60237.4,4,15059.35,Keyboards,Logitech,Monthly
8688,Bronze,79646.75,2,39823.38,Monitors,LG,Bi-weekly
8689,Silver,218211.05,5,43642.21,Laptops,HP,Quarterly
8690,Bronze,199734.59,3,66578.2,Keyboards,Logitech,Weekly
8691,Bronze,44141.43,2,22070.72,Printers,Canon,Quarterly
8692,Silver,3206.71,5,641.34,Monitors,ASUS,Quarterly
8693,Bronze,160595.54,3,53531.85,Laptops,Dell,Weekly
8694,Silver,43008.59,5,8601.72,Smartphones,Poco,Bi-weekly
8695,Gold,483435.49,7,69062.21,Smartphones,Realme,Bi-weekly
8696,Silver,231423.22,4,57855.81,Smartphones,Poco,Bi-weekly
8697,Bronze,147969.26,3,49323.09,Keyboards,Dell,Quarterly
8698,Silver,161988.17,5,32397.63,Mice,Corsair,Quarterly
8699,Gold,210696.74,7,30099.53,Smartphones,iPhone,Quarterly
8700,Bronze,175753.09,3,58584.36,Keyboards,Logitech,Bi-weekly
8701,Silver,287309.63,4,71827.41,Keyboards,Logitech,Quarterly
8702,Bronze,299624.85,2,149812.43,Smartphones,iPhone,Monthly
8703,Gold,126585.13,7,18083.59,Keyboards,Razer,Bi-weekly
8704,Silver,362995.96,4,90748.99,Keyboards,Logitech,Bi-weekly
8705,Bronze,44760.57,3,14920.19,Mice,Corsair,Quarterly
8706,Bronze,210066.39,2,105033.19,Tablets,iPad,Bi-weekly
8707,Silver,121305.29,5,24261.06,Printers,HP,Quarterly
8708,Bronze,23207.99,3,7736.0,Laptops,HP,Weekly
8709,Bronze,33043.13,3,11014.38,Laptops,HP,Weekly
8710,Silver,141746.83,6,23624.47,Mice,Corsair,Monthly
8711,Silver,180128.37,4,45032.09,Tablets,iPad,Bi-weekly
8712,Silver,69353.93,5,13870.79,Mice,Dell,Weekly
8713,Bronze,8285.44,1,8285.44,Keyboards,Razer,Quarterly
8714,Silver,141457.78,5,28291.56,Smartphones,iPhone,Bi-weekly
8715,Gold,374854.13,7,53550.59,Monitors,LG,Bi-weekly
8716,Bronze,28856.82,3,9618.94,Printers,HP,Quarterly
8717,Gold,543035.44,8,67879.43,Laptops,Lenovo,Monthly
8718,Bronze,5949.64,1,5949.64,Monitors,ASUS,Quarterly
8719,Silver,570569.41,4,142642.35,Mice,Dell,Weekly
8720,Silver,377003.97,5,75400.79,Monitors,MSI,Quarterly
8721,Silver,118901.54,5,23780.31,Monitors,MSI,Bi-weekly
8722,Silver,196788.08,6,32798.01,Monitors,BenQ,Monthly
8723,Silver,469403.45,4,117350.86,Tablets,iPad,Monthly
8724,Silver,96409.16,4,24102.29,Smartphones,Poco,Monthly
8725,Silver,34361.19,5,6872.24,Monitors,BenQ,Monthly
8726,Silver,180490.78,6,30081.8,Monitors,LG,Bi-weekly
8727,Bronze,47306.47,3,15768.82,Monitors,Dell,Weekly
8728,Silver,324281.48,5,64856.3,Keyboards,Dell,Quarterly
8729,Silver,381709.96,6,63618.33,Printers,Canon,Weekly
8730,Silver,393617.77,4,98404.44,Mice,Corsair,Monthly
8731,Bronze,241191.23,3,80397.08,Monitors,ASUS,Weekly
8732,Silver,76254.13,4,19063.53,Laptops,Lenovo,Bi-weekly
8733,Bronze,6749.8,3,2249.93,Laptops,HP,Bi-weekly
8734,Silver,32740.12,5,6548.02,Monitors,Dell,Weekly
8735,Bronze,180791.3,3,60263.77,Laptops,Lenovo,Weekly
8736,Bronze,132387.0,3,44129.0,Keyboards,Razer,Monthly
8737,Bronze,44565.77,2,22282.89,Monitors,ASUS,Monthly
8738,Bronze,35204.34,2,17602.17,Tablets,Samsung,Monthly
8739,Bronze,407928.26,3,135976.09,Monitors,BenQ,Quarterly
8740,Silver,92241.3,5,18448.26,Smartphones,Realme,Weekly
8741,Bronze,27960.91,1,27960.91,Keyboards,Dell,Bi-weekly
8742,Silver,23813.24,4,5953.31,Keyboards,Corsair,Bi-weekly
8743,Silver,67101.18,4,16775.3,Printers,HP,Monthly
8744,Silver,11366.73,4,2841.68,Mice,Corsair,Weekly
8745,Bronze,67212.75,3,22404.25,Keyboards,Razer,Weekly
8746,Silver,535569.77,4,133892.44,Monitors,BenQ,Monthly
8747,Bronze,309506.54,3,103168.85,Keyboards,Corsair,Monthly
8748,Silver,13209.58,5,2641.92,Monitors,Dell,Weekly
8749,Gold,119212.14,7,17030.31,Monitors,MSI,Bi-weekly
8750,Silver,148017.44,4,37004.36,Smartphones,iPhone,Weekly
8751,Gold,30858.08,7,4408.3,Laptops,MacBook,Monthly
8752,Silver,3828.94,4,957.23,Laptops,HP,Quarterly
8753,Gold,470991.55,8,58873.94,Printers,HP,Monthly
8754,Gold,432619.2,9,48068.8,Keyboards,Corsair,Bi-weekly
8755,Silver,161399.43,5,32279.89,Smartphones,Realme,Weekly
8756,Gold,19608.73,8,2451.09,Monitors,LG,Monthly
8757,Silver,173178.78,5,34635.76,Smartphones,Poco,Quarterly
8758,Silver,239775.41,5,47955.08,Keyboards,Razer,Weekly
8759,Bronze,50736.42,1,50736.42,Monitors,MSI,Monthly
8760,Silver,363916.95,5,72783.39,Keyboards,Corsair,Monthly
8761,Silver,59063.62,5,11812.72,Keyboards,Dell,Weekly
8762,Silver,185556.8,4,46389.2,Smartphones,Poco,Quarterly
8763,Silver,133366.93,5,26673.39,Tablets,Samsung,Quarterly
8764,Silver,208511.56,5,41702.31,Monitors,ASUS,Weekly
8765,Bronze,70737.33,1,70737.33,Smartphones,Xiaomi,Monthly
8766,Silver,115613.45,4,28903.36,Monitors,ASUS,Quarterly
8767,Silver,235672.15,4,58918.04,Monitors,Dell,Bi-weekly
8768,Bronze,71232.39,1,71232.39,Smartphones,OnePlus,Bi-weekly
8769,Bronze,31455.95,2,15727.97,Monitors,LG,Quarterly
8770,Silver,471823.54,5,94364.71,Tablets,Samsung,Quarterly
8771,Bronze,513780.23,3,171260.08,Mice,Logitech,Monthly
8772,Bronze,98634.17,2,49317.09,Monitors,Dell,Quarterly
8773,Gold,576696.22,7,82385.17,Printers,HP,Monthly
8774,Silver,361173.07,5,72234.61,Mice,Corsair,Weekly
8775,Silver,194652.4,6,32442.07,Monitors,Dell,Monthly
8776,Bronze,243832.42,3,81277.47,Printers,HP,Weekly
8777,Silver,91230.86,4,22807.72,Tablets,iPad,Bi-weekly
8778,Bronze,7965.71,2,3982.85,Tablets,iPad,Monthly
8779,Bronze,15001.01,1,15001.01,Tablets,iPad,Bi-weekly
8780,Silver,32269.26,5,6453.85,Mice,Dell,Monthly
8781,Bronze,1128.41,1,1128.41,Monitors,Dell,Monthly
8782,Silver,315891.04,5,63178.21,Monitors,LG,Bi-weekly
8783,Silver,838685.89,6,139780.98,Mice,Logitech,Monthly
8784,Gold,40845.34,7,5835.05,Smartphones,Realme,Bi-weekly
8785,Gold,18778.36,7,2682.62,Printers,HP,Bi-weekly
8786,Gold,7533.41,7,1076.2,Printers,HP,Quarterly
8787,Gold,335536.96,8,41942.12,Mice,Logitech,Quarterly
8788,Gold,181119.48,8,22639.93,Tablets,iPad,Monthly
8789,Silver,389013.43,5,77802.69,Smartphones,iPhone,Monthly
8790,Gold,234638.95,9,26070.99,Smartphones,Samsung,Monthly
8791,Silver,260609.77,4,65152.44,Smartphones,Realme,Monthly
8792,Silver,615831.82,4,153957.96,Mice,Corsair,Quarterly
8793,Bronze,31294.53,3,10431.51,Monitors,ASUS,Bi-weekly
8794,Silver,91625.08,6,15270.85,Keyboards,Razer,Bi-weekly
8795,Silver,144889.75,4,36222.44,Smartphones,Poco,Bi-weekly
8796,Silver,279107.35,6,46517.89,Monitors,BenQ,Weekly
8797,Silver,37757.14,4,9439.29,Tablets,Samsung,Weekly
8798,Silver,232080.47,4,58020.12,Keyboards,Corsair,Bi-weekly
8799,Silver,702.66,5,140.53,Laptops,Dell,Weekly
8800,Silver,209041.74,6,34840.29,Monitors,BenQ,Weekly
8801,Bronze,5450.05,1,5450.05,Printers,Canon,Quarterly
8802,Bronze,15529.17,1,15529.17,Laptops,Dell,Bi-weekly
8803,Silver,70889.24,5,14177.85,Monitors,ASUS,Bi-weekly
8804,Silver,22376.42,5,4475.28,Laptops,Dell,Weekly
8805,Gold,679837.16,7,97119.59,Mice,Logitech,Weekly
8806,Silver,83113.62,4,20778.41,Mice,Logitech,Bi-weekly
8807,Silver,127768.93,4,31942.23,Monitors,Dell,Monthly
8808,Silver,61919.13,4,15479.78,Printers,HP,Weekly
8809,Silver,30182.26,5,6036.45,Laptops,MacBook,Bi-weekly
8810,Silver,273485.02,4,68371.25,Printers,HP,Weekly
8811,Silver,10942.49,4,2735.62,Laptops,Dell,Quarterly
8812,Gold,146646.28,7,20949.47,Keyboards,Razer,Quarterly
8813,Silver,205228.83,6,34204.81,Monitors,Dell,Monthly
8814,Silver,158132.35,6,26355.39,Printers,HP,Monthly
8815,Silver,152619.76,6,25436.63,Tablets,iPad,Weekly
8816,Silver,481734.23,6,80289.04,Smartphones,Samsung,Monthly
8817,Silver,33250.81,5,6650.16,Smartphones,Samsung,Monthly
8818,Bronze,13573.07,1,13573.07,Smartphones,Samsung,Monthly
8819,Bronze,94221.13,1,94221.13,Smartphones,OnePlus,Quarterly
8820,Silver,381001.03,4,95250.26,Printers,HP,Weekly
8821,Silver,207228.02,4,51807.0,Smartphones,Samsung,Quarterly
8822,Silver,158206.78,6,26367.8,Tablets,iPad,Weekly
8823,Silver,21603.9,4,5400.97,Smartphones,Xiaomi,Quarterly
8824,Silver,155491.34,4,38872.84,Tablets,Samsung,Weekly
8825,Bronze,102085.59,2,51042.79,Monitors,BenQ,Weekly
8826,Gold,249912.72,7,35701.82,Laptops,Lenovo,Weekly
8827,Silver,94868.17,6,15811.36,Tablets,iPad,Monthly
8828,Silver,46887.64,4,11721.91,Laptops,Dell,Weekly
8829,Bronze,209119.78,3,69706.59,Tablets,iPad,Monthly
8830,Silver,157332.17,5,31466.43,Tablets,iPad,Bi-weekly
8831,Bronze,109413.85,3,36471.28,Keyboards,Dell,Weekly
8832,Silver,159297.61,6,26549.6,Monitors,MSI,Bi-weekly
8833,Silver,211819.95,4,52954.99,Mice,Dell,Weekly
8834,Silver,376367.41,5,75273.48,Mice,Logitech,Bi-weekly
8835,Bronze,55807.27,1,55807.27,Printers,HP,Weekly
8836,Gold,77933.14,8,9741.64,Mice,Dell,Bi-weekly
8837,Bronze,37375.0,3,12458.33,Monitors,BenQ,Bi-weekly
8838,Silver,179048.19,5,35809.64,Laptops,Dell,Weekly
8839,Silver,15329.12,4,3832.28,Keyboards,Dell,Monthly
8840,Bronze,217304.6,3,72434.87,Tablets,Samsung,Quarterly
8841,Silver,23470.77,5,4694.15,Keyboards,Dell,Quarterly
8842,Silver,347207.63,6,57867.94,Smartphones,Poco,Monthly
8843,Bronze,2832.99,1,2832.99,Keyboards,Corsair,Quarterly
8844,Gold,206685.3,8,25835.66,Smartphones,Xiaomi,Monthly
8845,Silver,309570.03,4,77392.51,Printers,Canon,Weekly
8846,Silver,140632.33,4,35158.08,Printers,HP,Monthly
8847,Silver,140755.72,6,23459.29,Tablets,iPad,Weekly
8848,Bronze,31150.73,1,31150.73,Monitors,LG,Monthly
8849,Gold,619803.35,8,77475.42,Printers,HP,Quarterly
8850,Silver,1438.26,6,239.71,Tablets,iPad,Monthly
8851,Silver,99262.79,6,16543.8,Laptops,MacBook,Weekly
8852,Gold,447904.78,7,63986.4,Laptops,MacBook,Bi-weekly
8853,Bronze,42540.83,3,14180.28,Mice,Dell,Bi-weekly
8854,Bronze,36286.53,3,12095.51,Tablets,Samsung,Monthly
8855,Bronze,32385.16,2,16192.58,Tablets,Samsung,Quarterly
8856,Silver,43983.3,6,7330.55,Smartphones,Poco,Quarterly
8857,Gold,15216.17,9,1690.69,Keyboards,Razer,Quarterly
8858,Bronze,26659.39,3,8886.46,Monitors,MSI,Weekly
8859,Silver,158221.78,4,39555.44,Smartphones,iPhone,Weekly
8860,Silver,170591.79,6,28431.97,Printers,Canon,Monthly
8861,Silver,61449.75,6,10241.62,Tablets,iPad,Weekly
8862,Silver,392668.29,5,78533.66,Keyboards,Logitech,Monthly
8863,Gold,755319.36,8,94414.92,Tablets,Samsung,Monthly
8864,Silver,125278.63,6,20879.77,Smartphones,Poco,Weekly
8865,Silver,10730.07,5,2146.01,Monitors,BenQ,Quarterly
8866,Silver,30862.43,4,7715.61,Smartphones,Xiaomi,Bi-weekly
8867,Silver,33673.22,6,5612.2,Laptops,Lenovo,Quarterly
8868,Silver,74848.97,6,12474.83,Keyboards,Dell,Bi-weekly
8869,Silver,154393.89,6,25732.31,Mice,Logitech,Quarterly
8870,Bronze,195220.13,2,97610.07,Monitors,MSI,Weekly
8871,Silver,290188.3,4,72547.07,Mice,Dell,Quarterly
8872,Bronze,75884.24,2,37942.12,Smartphones,OnePlus,Monthly
8873,Bronze,121966.43,2,60983.22,Printers,HP,Weekly
8874,Silver,124647.38,4,31161.85,Monitors,MSI,Monthly
8875,Silver,97667.91,5,19533.58,Monitors,BenQ,Bi-weekly
8876,Bronze,19328.95,2,9664.48,Monitors,MSI,Bi-weekly
8877,Silver,236690.49,4,59172.62,Laptops,MacBook,Quarterly
8878,Silver,38899.01,4,9724.75,Mice,Dell,Weekly
8879,Silver,7098.85,4,1774.71,Tablets,iPad,Bi-weekly
8880,Bronze,32865.52,3,10955.17,Printers,Canon,Bi-weekly
8881,Silver,322715.83,4,80678.96,Smartphones,Samsung,Weekly
8882,Silver,129397.8,6,21566.3,Smartphones,iPhone,Monthly
8883,Silver,167414.41,4,41853.6,Keyboards,Logitech,Monthly
8884,Bronze,360879.4,3,120293.13,Mice,Logitech,Weekly
8885,Silver,390280.67,6,65046.78,Smartphones,iPhone,Weekly
8886,Silver,54668.15,4,13667.04,Smartphones,iPhone,Quarterly
8887,Bronze,36609.85,2,18304.92,Tablets,iPad,Quarterly
8888,Silver,12768.58,6,2128.1,Keyboards,Corsair,Weekly
8889,Silver,69697.7,5,13939.54,Tablets,iPad,Monthly
8890,Bronze,26739.62,2,13369.81,Laptops,Dell,Monthly
8891,Silver,60191.77,4,15047.94,Monitors,ASUS,Quarterly
8892,Gold,218462.89,7,31208.98,Tablets,Samsung,Quarterly
8893,Silver,31480.19,5,6296.04,Smartphones,Realme,Quarterly
8894,Silver,73359.16,5,14671.83,Monitors,MSI,Monthly
8895,Silver,6059.9,4,1514.98,Laptops,Lenovo,Quarterly
8896,Gold,87701.76,7,12528.82,Printers,HP,Quarterly
8897,Gold,101216.22,8,12652.03,Laptops,MacBook,Weekly
8898,Silver,380982.24,4,95245.56,Laptops,MacBook,Weekly
8899,Bronze,61271.99,2,30635.99,Printers,Canon,Bi-weekly
8900,Silver,1384.97,4,346.24,Laptops,Dell,Monthly
8901,Silver,178657.08,4,44664.27,Keyboards,Logitech,Quarterly
8902,Bronze,63930.51,1,63930.51,Laptops,Lenovo,Bi-weekly
8903,Silver,69947.76,5,13989.55,Mice,Dell,Bi-weekly
8904,Silver,143620.38,6,23936.73,Smartphones,Xiaomi,Weekly
8905,Silver,397914.95,6,66319.16,Laptops,Dell,Weekly
8906,Bronze,14325.23,3,4775.08,Smartphones,Poco,Bi-weekly
8907,Silver,275292.85,6,45882.14,Laptops,MacBook,Quarterly
8908,Bronze,104188.14,2,52094.07,Keyboards,Dell,Monthly
8909,Bronze,36358.62,1,36358.62,Smartphones,Realme,Monthly
8910,Silver,419190.63,4,104797.66,Mice,Logitech,Weekly
8911,Bronze,9356.7,3,3118.9,Mice,Dell,Bi-weekly
8912,Silver,116717.64,5,23343.53,Laptops,Lenovo,Monthly
8913,Gold,35795.07,8,4474.38,Mice,Dell,Quarterly
8914,Gold,319186.09,8,39898.26,Monitors,ASUS,Bi-weekly
8915,Gold,341009.1,7,48715.59,Keyboards,Dell,Weekly
8916,Bronze,51423.59,1,51423.59,Smartphones,Realme,Weekly
8917,Silver,506911.0,5,101382.2,Smartphones,Samsung,Monthly
8918,Bronze,307174.58,3,102391.53,Tablets,Samsung,Weekly
8919,Silver,118032.95,6,19672.16,Tablets,iPad,Bi-weekly
8920,Gold,212042.93,7,30291.85,Keyboards,Corsair,Bi-weekly
8921,Gold,904151.26,9,100461.25,Laptops,HP,Quarterly
8922,Silver,175427.78,4,43856.95,Tablets,Samsung,Monthly
8923,Silver,185474.02,5,37094.8,Laptops,HP,Weekly
8924,Silver,378002.7,5,75600.54,Laptops,Dell,Monthly
8925,Silver,204580.8,5,40916.16,Monitors,LG,Weekly
8926,Bronze,13924.94,2,6962.47,Keyboards,Logitech,Weekly
8927,Silver,291803.79,4,72950.95,Monitors,LG,Quarterly
8928,Bronze,49013.35,3,16337.78,Laptops,Dell,Bi-weekly
8929,Silver,9691.65,5,1938.33,Keyboards,Razer,Quarterly
8930,Gold,60123.4,10,6012.34,Keyboards,Razer,Weekly
8931,Silver,328586.45,6,54764.41,Tablets,Samsung,Monthly
8932,Silver,44239.49,6,7373.25,Keyboards,Corsair,Weekly
8933,Bronze,98967.46,1,98967.46,Printers,Canon,Weekly
8934,Silver,103678.19,6,17279.7,Tablets,iPad,Quarterly
8935,Silver,611327.7,5,122265.54,Monitors,ASUS,Quarterly
8936,Silver,391726.34,4,97931.59,Keyboards,Razer,Monthly
8937,Gold,712615.43,7,101802.2,Laptops,Dell,Bi-weekly
8938,Bronze,12592.88,3,4197.63,Mice,Corsair,Weekly
8939,Silver,550452.14,5,110090.43,Printers,Canon,Quarterly
8940,Gold,23507.31,7,3358.19,Keyboards,Razer,Weekly
8941,Bronze,2050.54,1,2050.54,Keyboards,Dell,Bi-weekly
8942,Silver,21060.98,5,4212.2,Printers,Canon,Monthly
8943,Silver,124775.36,4,31193.84,Mice,Dell,Monthly
8944,Gold,46644.11,7,6663.44,Printers,HP,Bi-weekly
8945,Gold,193161.96,7,27594.57,Mice,Corsair,Weekly
8946,Silver,232756.04,4,58189.01,Laptops,MacBook,Weekly
8947,Gold,38831.17,7,5547.31,Mice,Logitech,Bi-weekly
8948,Bronze,59426.06,1,59426.06,Laptops,HP,Monthly
8949,Silver,10880.26,4,2720.06,Smartphones,Realme,Bi-weekly
8950,Silver,495415.19,5,99083.04,Tablets,Samsung,Bi-weekly
8951,Silver,127608.18,6,21268.03,Tablets,Samsung,Weekly
8952,Silver,611338.85,5,122267.77,Monitors,BenQ,Monthly
8953,Bronze,26868.15,1,26868.15,Tablets,iPad,Bi-weekly
8954,Silver,66564.11,5,13312.82,Tablets,Samsung,Weekly
8955,Silver,138567.63,5,27713.53,Keyboards,Razer,Monthly
8956,Gold,273417.58,10,27341.76,Smartphones,Samsung,Quarterly
8957,Bronze,65666.31,3,21888.77,Laptops,Lenovo,Bi-weekly
8958,Bronze,43131.71,2,21565.85,Printers,Canon,Quarterly
8959,Silver,91611.35,4,22902.84,Laptops,Dell,Monthly
8960,Silver,13366.67,5,2673.33,Smartphones,OnePlus,Monthly
8961,Silver,466666.75,5,93333.35,Smartphones,OnePlus,Quarterly
8962,Bronze,474047.7,3,158015.9,Mice,Corsair,Monthly
8963,Bronze,154080.32,3,51360.11,Keyboards,Razer,Monthly
8964,Silver,64409.9,6,10734.98,Laptops,Lenovo,Weekly
8965,Bronze,69777.34,3,23259.11,Mice,Logitech,Quarterly
8966,Silver,336805.85,4,84201.46,Monitors,LG,Bi-weekly
8967,Silver,362519.53,5,72503.91,Mice,Logitech,Monthly
8968,Silver,322076.81,5,64415.36,Keyboards,Dell,Weekly
8969,Silver,92640.06,4,23160.01,Printers,HP,Quarterly
8970,Silver,48197.2,4,12049.3,Keyboards,Razer,Monthly
8971,Silver,34420.61,5,6884.12,Smartphones,Realme,Bi-weekly
8972,Silver,733063.08,4,183265.77,Keyboards,Razer,Quarterly
8973,Silver,7164.63,5,1432.93,Printers,Canon,Weekly
8974,Silver,301636.98,4,75409.24,Smartphones,Xiaomi,Monthly
8975,Bronze,108622.36,3,36207.45,Mice,Logitech,Monthly
8976,Gold,84024.17,8,10503.02,Monitors,Dell,Bi-weekly
8977,Bronze,2064.53,2,1032.26,Printers,Canon,Bi-weekly
8978,Silver,234299.6,6,39049.93,Tablets,iPad,Weekly
8979,Silver,107362.11,5,21472.42,Laptops,Lenovo,Bi-weekly
8980,Bronze,30800.69,2,15400.35,Tablets,iPad,Weekly
8981,Bronze,22594.32,1,22594.32,Monitors,MSI,Bi-weekly
8982,Silver,851833.12,6,141972.19,Smartphones,Poco,Monthly
8983,Silver,190437.67,5,38087.53,Smartphones,iPhone,Monthly
8984,Gold,116881.36,7,16697.34,Mice,Dell,Quarterly
8985,Silver,173406.99,6,28901.17,Laptops,MacBook,Monthly
8986,Bronze,13758.7,2,6879.35,Printers,Canon,Quarterly
8987,Bronze,58199.33,2,29099.66,Smartphones,iPhone,Monthly
8988,Silver,4397.48,5,879.5,Monitors,MSI,Bi-weekly
8989,Silver,648483.73,6,108080.62,Printers,Canon,Monthly
8990,Silver,43984.49,4,10996.12,Mice,Corsair,Weekly
8991,Bronze,146206.52,3,48735.51,Printers,Canon,Monthly
8992,Gold,391866.78,7,55980.97,Smartphones,Xiaomi,Quarterly
8993,Silver,146678.17,5,29335.63,Laptops,HP,Quarterly
8994,Silver,149931.73,4,37482.93,Tablets,Samsung,Monthly
8995,Silver,115097.15,4,28774.29,Laptops,HP,Quarterly
8996,Bronze,13025.95,3,4341.98,Mice,Dell,Quarterly
8997,Bronze,18108.1,3,6036.03,Mice,Corsair,Monthly
8998,Silver,805131.83,5,161026.37,Monitors,Dell,Monthly
8999,Silver,115176.64,4,28794.16,Printers,HP,Monthly
9000,Silver,336042.77,6,56007.13,Monitors,LG,Weekly
9001,Silver,39920.8,5,7984.16,Keyboards,Corsair,Bi-weekly
9002,Bronze,45144.63,2,22572.32,Monitors,ASUS,Monthly
9003,Gold,19628.43,8,2453.55,Mice,Dell,Weekly
9004,Bronze,290630.08,3,96876.69,Tablets,Samsung,Bi-weekly
9005,Bronze,7597.05,3,2532.35,Monitors,MSI,Weekly
9006,Silver,16567.71,4,4141.93,Monitors,BenQ,Weekly
9007,Silver,437288.96,6,72881.49,Monitors,ASUS,Monthly
9008,Silver,13387.08,4,3346.77,Tablets,Samsung,Bi-weekly
9009,Silver,28158.35,4,7039.59,Tablets,iPad,Monthly
9010,Silver,196790.19,5,39358.04,Smartphones,Realme,Weekly
9011,Gold,183234.91,8,22904.36,Tablets,Samsung,Bi-weekly
9012,Silver,18903.1,4,4725.77,Laptops,HP,Quarterly
9013,Silver,55651.1,4,13912.78,Tablets,iPad,Weekly
9014,Bronze,66025.19,2,33012.6,Keyboards,Razer,Monthly
9015,Gold,1169750.78,7,167107.25,Tablets,Samsung,Weekly
9016,Silver,19191.6,6,3198.6,Laptops,MacBook,Quarterly
9017,Bronze,139181.04,3,46393.68,Keyboards,Corsair,Monthly
9018,Gold,212351.68,7,30335.95,Laptops,Dell,Weekly
9019,Silver,197125.62,6,32854.27,Smartphones,Samsung,Weekly
9020,Silver,16856.55,5,3371.31,Printers,HP,Quarterly
9021,Bronze,48862.56,3,16287.52,Laptops,Dell,Monthly
9022,Bronze,3696.09,3,1232.03,Printers,Canon,Monthly
9023,Silver,64837.68,4,16209.42,Monitors,LG,Weekly
9024,Gold,137104.24,7,19586.32,Tablets,Samsung,Quarterly
9025,Silver,271212.74,4,67803.18,Mice,Corsair,Weekly
9026,Bronze,105037.22,2,52518.61,Mice,Corsair,Weekly
9027,Silver,221534.82,4,55383.7,Keyboards,Corsair,Quarterly
9028,Gold,333228.34,7,47604.05,Monitors,MSI,Monthly
9029,Silver,51299.64,6,8549.94,Printers,Canon,Weekly
9030,Bronze,385409.95,3,128469.98,Keyboards,Dell,Weekly
9031,Gold,68482.23,7,9783.18,Mice,Logitech,Bi-weekly
9032,Silver,469746.62,5,93949.32,Mice,Dell,Monthly
9033,Silver,113533.38,5,22706.68,Tablets,Samsung,Quarterly
9034,Silver,403079.74,4,100769.94,Tablets,iPad,Monthly
9035,Bronze,23521.73,2,11760.86,Keyboards,Corsair,Bi-weekly
9036,Silver,43050.49,4,10762.62,Smartphones,Realme,Weekly
9037,Silver,162002.66,5,32400.53,Monitors,Dell,Monthly
9038,Silver,261386.7,6,43564.45,Mice,Dell,Weekly
9039,Silver,58025.59,5,11605.12,Tablets,iPad,Bi-weekly
9040,Gold,97118.44,8,12139.81,Mice,Corsair,Quarterly
9041,Bronze,46092.7,2,23046.35,Tablets,Samsung,Weekly
9042,Gold,12908.27,8,1613.53,Monitors,MSI,Weekly
9043,Gold,135323.64,7,19331.95,Mice,Corsair,Quarterly
9044,Silver,114905.31,4,28726.33,Smartphones,Xiaomi,Quarterly
9045,Bronze,83121.91,2,41560.96,Smartphones,Xiaomi,Weekly
9046,Silver,32464.65,4,8116.16,Laptops,Lenovo,Weekly
9047,Silver,119460.21,5,23892.04,Keyboards,Razer,Quarterly
9048,Gold,1266112.51,7,180873.22,Laptops,MacBook,Weekly
9049,Gold,162904.99,7,23272.14,Monitors,Dell,Bi-weekly
9050,Bronze,3451.73,2,1725.87,Keyboards,Razer,Monthly
9051,Silver,33764.0,5,6752.8,Smartphones,Poco,Monthly
9052,Silver,94782.16,5,18956.43,Mice,Dell,Bi-weekly
9053,Silver,180068.32,6,30011.39,Laptops,HP,Quarterly
9054,Silver,4015.25,5,803.05,Printers,Canon,Quarterly
9055,Silver,95293.85,5,19058.77,Printers,HP,Bi-weekly
9056,Silver,175240.27,5,35048.05,Laptops,Dell,Quarterly
9057,Bronze,89904.83,2,44952.41,Keyboards,Dell,Monthly
9058,Bronze,128484.68,3,42828.23,Smartphones,Xiaomi,Bi-weekly
9059,Gold,733817.08,7,104831.01,Laptops,HP,Monthly
9060,Silver,119850.71,5,23970.14,Monitors,Dell,Quarterly
9061,Silver,522339.94,5,104467.99,Laptops,HP,Bi-weekly
9062,Gold,74417.34,8,9302.17,Smartphones,Samsung,Bi-weekly
9063,Bronze,92689.9,3,30896.63,Laptops,Lenovo,Weekly
9064,Gold,72669.54,7,10381.36,Printers,Canon,Quarterly
9065,Silver,74025.48,4,18506.37,Laptops,Dell,Weekly
9066,Silver,1079196.56,5,215839.31,Monitors,Dell,Quarterly
9067,Gold,108295.15,9,12032.79,Smartphones,Poco,Monthly
9068,Silver,234080.23,4,58520.06,Keyboards,Razer,Quarterly
9069,Silver,485269.08,4,121317.27,Tablets,iPad,Bi-weekly
9070,Silver,366628.53,6,61104.76,Mice,Corsair,Bi-weekly
9071,Silver,36388.04,4,9097.01,Monitors,LG,Quarterly
9072,Silver,129458.78,4,32364.69,Printers,Canon,Quarterly
9073,Silver,175997.07,6,29332.85,Laptops,HP,Monthly
9074,Silver,51683.83,4,12920.96,Smartphones,Poco,Weekly
9075,Bronze,49503.3,2,24751.65,Monitors,MSI,Weekly
9076,Silver,190160.12,5,38032.02,Printers,Canon,Quarterly
9077,Silver,140948.64,6,23491.44,Printers,Canon,Monthly
9078,Gold,113436.18,7,16205.17,Tablets,Samsung,Monthly
9079,Bronze,56808.97,3,18936.32,Smartphones,Poco,Quarterly
9080,Gold,480925.24,7,68703.61,Keyboards,Logitech,Bi-weekly
9081,Silver,37530.3,4,9382.57,Smartphones,Poco,Quarterly
9082,Bronze,7763.65,3,2587.88,Smartphones,Xiaomi,Monthly
9083,Gold,87821.07,7,12545.87,Printers,Canon,Quarterly
9084,Silver,621757.71,5,124351.54,Mice,Corsair,Weekly
9085,Silver,55084.0,4,13771.0,Mice,Logitech,Bi-weekly
9086,Silver,29233.9,6,4872.32,Keyboards,Logitech,Bi-weekly
9087,Silver,8685.92,5,1737.18,Laptops,HP,Quarterly
9088,Silver,236932.5,5,47386.5,Laptops,Dell,Bi-weekly
9089,Silver,15782.19,5,3156.44,Laptops,HP,Monthly
9090,Silver,724172.52,5,144834.5,Keyboards,Dell,Bi-weekly
9091,Bronze,253267.45,3,84422.48,Mice,Logitech,Bi-weekly
9092,Bronze,16689.33,1,16689.33,Mice,Corsair,Weekly
9093,Silver,729032.35,6,121505.39,Tablets,iPad,Bi-weekly
9094,Silver,134421.74,5,26884.35,Printers,HP,Quarterly
9095,Silver,42830.37,5,8566.07,Monitors,LG,Monthly
9096,Bronze,114185.41,3,38061.8,Keyboards,Razer,Monthly
9097,Silver,78777.67,6,13129.61,Tablets,iPad,Bi-weekly
9098,Silver,59193.92,5,11838.78,Keyboards,Logitech,Monthly
9099,Bronze,26873.16,1,26873.16,Keyboards,Logitech,Weekly
9100,Bronze,10754.36,2,5377.18,Printers,HP,Quarterly
9101,Gold,312384.43,7,44626.35,Laptops,MacBook,Weekly
9102,Silver,51933.7,4,12983.42,Printers,HP,Weekly
9103,Gold,86581.75,7,12368.82,Laptops,MacBook,Monthly
9104,Bronze,164991.64,3,54997.21,Mice,Logitech,Weekly
9105,Silver,97245.38,5,19449.08,Keyboards,Razer,Quarterly
9106,Bronze,102104.61,1,102104.61,Laptops,HP,Weekly
9107,Silver,30289.91,5,6057.98,Printers,HP,Weekly
9108,Bronze,72678.69,3,24226.23,Keyboards,Logitech,Quarterly
9109,Bronze,141834.92,2,70917.46,Mice,Dell,Bi-weekly
9110,Gold,528721.58,7,75531.65,Mice,Dell,Bi-weekly
9111,Bronze,16898.8,3,5632.93,Tablets,iPad,Bi-weekly
9112,Silver,1684.99,6,280.83,Keyboards,Corsair,Quarterly
9113,Bronze,68801.0,2,34400.5,Mice,Dell,Weekly
9114,Bronze,170953.62,3,56984.54,Keyboards,Razer,Quarterly
9115,Bronze,115506.45,2,57753.23,Mice,Logitech,Bi-weekly
9116,Gold,1038815.66,7,148402.24,Keyboards,Corsair,Monthly
9117,Silver,219537.5,6,36589.58,Tablets,Samsung,Monthly
9118,Silver,273564.32,5,54712.86,Monitors,Dell,Weekly
9119,Bronze,293596.6,3,97865.53,Monitors,Dell,Monthly
9120,Gold,184670.32,7,26381.47,Mice,Logitech,Monthly
9121,Silver,15932.45,4,3983.11,Printers,Canon,Bi-weekly
9122,Silver,13373.49,6,2228.92,Laptops,Lenovo,Bi-weekly
9123,Gold,38320.87,9,4257.87,Keyboards,Corsair,Weekly
9124,Bronze,123822.22,2,61911.11,Monitors,BenQ,Quarterly
9125,Silver,438375.71,5,87675.14,Monitors,BenQ,Quarterly
9126,Silver,25012.32,4,6253.08,Printers,HP,Weekly
9127,Bronze,15603.29,3,5201.1,Printers,HP,Quarterly
9128,Silver,234038.15,4,58509.54,Printers,HP,Weekly
9129,Silver,173185.65,5,34637.13,Keyboards,Logitech,Quarterly
9130,Silver,208957.47,5,41791.49,Smartphones,Realme,Monthly
9131,Bronze,133943.45,1,133943.45,Mice,Corsair,Weekly
9132,Silver,214100.45,4,53525.11,Printers,Canon,Monthly
9133,Bronze,173979.59,2,86989.8,Keyboards,Corsair,Bi-weekly
9134,Silver,239194.1,5,47838.82,Monitors,ASUS,Quarterly
9135,Silver,213437.05,6,35572.84,Smartphones,OnePlus,Weekly
9136,Bronze,35728.4,3,11909.47,Monitors,Dell,Quarterly
9137,Silver,218550.56,4,54637.64,Smartphones,Samsung,Monthly
9138,Silver,7087.06,4,1771.77,Keyboards,Corsair,Bi-weekly
9139,Silver,85523.48,6,14253.91,Monitors,ASUS,Weekly
9140,Bronze,41421.86,2,20710.93,Monitors,LG,Monthly
9141,Gold,410246.69,8,51280.84,Printers,Canon,Monthly
9142,Bronze,269276.49,2,134638.25,Keyboards,Corsair,Monthly
9143,Gold,168324.24,7,24046.32,Laptops,Dell,Weekly
9144,Bronze,75416.79,2,37708.4,Monitors,MSI,Bi-weekly
9145,Silver,398150.13,4,99537.53,Printers,HP,Monthly
9146,Silver,120422.99,4,30105.75,Printers,Canon,Monthly
9147,Bronze,129664.71,1,129664.71,Monitors,LG,Monthly
9148,Gold,45509.63,7,6501.38,Laptops,HP,Quarterly
9149,Silver,243106.65,4,60776.66,Keyboards,Dell,Weekly
9150,Bronze,375996.62,3,125332.21,Printers,Canon,Bi-weekly
9151,Silver,4480.34,5,896.07,Tablets,iPad,Quarterly
9152,Bronze,150646.66,3,50215.55,Keyboards,Logitech,Quarterly
9153,Bronze,78441.42,3,26147.14,Laptops,Lenovo,Quarterly
9154,Silver,322517.12,5,64503.42,Keyboards,Dell,Quarterly
9155,Gold,327356.38,9,36372.93,Laptops,Lenovo,Weekly
9156,Silver,90298.11,6,15049.68,Keyboards,Corsair,Quarterly
9157,Bronze,61065.27,2,30532.63,Monitors,MSI,Bi-weekly
9158,Silver,7906.34,6,1317.72,Tablets,iPad,Weekly
9159,Gold,259307.77,7,37043.97,Monitors,BenQ,Bi-weekly
9160,Bronze,41232.35,3,13744.12,Laptops,MacBook,Weekly
9161,Silver,10838.63,5,2167.73,Printers,HP,Quarterly
9162,Silver,54466.57,4,13616.64,Printers,HP,Monthly
9163,Silver,84483.96,4,21120.99,Keyboards,Dell,Monthly
9164,Silver,102060.24,5,20412.05,Smartphones,OnePlus,Quarterly
9165,Gold,212323.92,8,26540.49,Printers,HP,Monthly
9166,Silver,283538.08,6,47256.35,Laptops,MacBook,Bi-weekly
9167,Silver,318.42,5,63.68,Printers,HP,Quarterly
9168,Gold,42505.55,7,6072.22,Tablets,Samsung,Weekly
9169,Silver,650500.93,6,108416.82,Printers,HP,Bi-weekly
9170,Bronze,97931.01,3,32643.67,Tablets,Samsung,Weekly
9171,Silver,55652.43,4,13913.11,Keyboards,Corsair,Quarterly
9172,Bronze,50391.32,1,50391.32,Monitors,LG,Weekly
9173,Silver,18143.74,6,3023.96,Laptops,MacBook,Weekly
9174,Silver,627155.03,6,104525.84,Keyboards,Dell,Bi-weekly
9175,Bronze,45248.68,3,15082.89,Keyboards,Razer,Weekly
9176,Silver,242786.94,6,40464.49,Monitors,ASUS,Monthly
9177,Gold,331408.21,8,41426.03,Mice,Corsair,Monthly
9178,Silver,227684.19,5,45536.84,Monitors,LG,Bi-weekly
9179,Gold,79174.98,7,11310.71,Smartphones,Samsung,Monthly
9180,Bronze,93255.48,3,31085.16,Laptops,Lenovo,Weekly
9181,Silver,67752.11,6,11292.02,Laptops,Dell,Weekly
9182,Gold,306302.65,8,38287.83,Tablets,Samsung,Monthly
9183,Silver,42321.46,5,8464.29,Keyboards,Dell,Monthly
9184,Bronze,13200.2,1,13200.2,Tablets,Samsung,Quarterly
9185,Silver,247762.44,5,49552.49,Laptops,HP,Quarterly
9186,Bronze,112023.23,3,37341.08,Printers,Canon,Bi-weekly
9187,Silver,62348.21,4,15587.05,Mice,Logitech,Quarterly
9188,Bronze,83445.93,3,27815.31,Mice,Logitech,Monthly
9189,Silver,224786.33,4,56196.58,Tablets,Samsung,Monthly
9190,Gold,261420.67,8,32677.58,Mice,Dell,Weekly
9191,Gold,56596.42,8,7074.55,Smartphones,Xiaomi,Quarterly
9192,Silver,202405.09,4,50601.27,Printers,HP,Quarterly
9193,Bronze,8943.81,3,2981.27,Mice,Logitech,Quarterly
9194,Gold,1364648.12,8,170581.01,Monitors,BenQ,Quarterly
9195,Silver,251678.92,6,41946.49,Tablets,Samsung,Quarterly
9196,Bronze,56812.82,2,28406.41,Keyboards,Dell,Monthly
9197,Bronze,13002.49,2,6501.24,Keyboards,Logitech,Bi-weekly
9198,Silver,94054.5,6,15675.75,Tablets,Samsung,Bi-weekly
9199,Bronze,79950.38,1,79950.38,Keyboards,Logitech,Quarterly
9200,Silver,93165.46,5,18633.09,Mice,Logitech,Quarterly
9201,Silver,98762.18,6,16460.36,Laptops,HP,Quarterly
9202,Bronze,41799.61,2,20899.81,Mice,Corsair,Weekly
9203,Gold,798028.87,8,99753.61,Keyboards,Razer,Bi-weekly
9204,Silver,446739.9,6,74456.65,Printers,Canon,Bi-weekly
9205,Gold,118085.92,8,14760.74,Tablets,iPad,Weekly
9206,Silver,116583.69,4,29145.92,Laptops,HP,Weekly
9207,Silver,115365.25,4,28841.31,Laptops,Lenovo,Weekly
9208,Gold,141712.03,8,17714.0,Monitors,ASUS,Monthly
9209,Bronze,123020.32,3,41006.77,Smartphones,OnePlus,Bi-weekly
9210,Gold,1461020.19,7,208717.17,Keyboards,Dell,Weekly
9211,Silver,245690.06,5,49138.01,Mice,Dell,Weekly
9212,Silver,499749.04,5,99949.81,Keyboards,Logitech,Quarterly
9213,Bronze,34571.73,1,34571.73,Keyboards,Dell,Quarterly
9214,Bronze,88787.25,2,44393.63,Tablets,iPad,Weekly
9215,Bronze,49175.37,3,16391.79,Monitors,LG,Weekly
9216,Bronze,33748.98,2,16874.49,Monitors,ASUS,Monthly
9217,Silver,14448.03,6,2408.0,Smartphones,Realme,Bi-weekly
9218,Bronze,41106.82,2,20553.41,Keyboards,Corsair,Bi-weekly
9219,Silver,259502.32,6,43250.39,Monitors,ASUS,Bi-weekly
9220,Silver,875897.17,6,145982.86,Monitors,BenQ,Weekly
9221,Gold,77719.18,7,11102.74,Laptops,Dell,Bi-weekly
9222,Silver,62440.36,6,10406.73,Mice,Corsair,Quarterly
9223,Silver,116166.67,4,29041.67,Tablets,Samsung,Monthly
9224,Silver,295270.51,6,49211.75,Smartphones,Realme,Quarterly
9225,Bronze,285829.02,3,95276.34,Mice,Dell,Weekly
9226,Gold,339969.0,10,33996.9,Tablets,iPad,Quarterly
9227,Silver,72254.13,4,18063.53,Smartphones,Realme,Monthly
9228,Silver,59810.99,5,11962.2,Laptops,Lenovo,Bi-weekly
9229,Silver,100278.12,4,25069.53,Keyboards,Corsair,Monthly
9230,Silver,146951.91,4,36737.98,Tablets,iPad,Monthly
9231,Bronze,83929.43,3,27976.48,Laptops,HP,Weekly
9232,Silver,127811.0,5,25562.2,Laptops,MacBook,Monthly
9233,Silver,68170.46,5,13634.09,Monitors,Dell,Quarterly
9234,Silver,418573.99,6,69762.33,Monitors,MSI,Weekly
9235,Gold,166751.25,7,23821.61,Smartphones,OnePlus,Monthly
9236,Silver,20826.23,4,5206.56,Tablets,Samsung,Quarterly
9237,Silver,17460.19,5,3492.04,Smartphones,Samsung,Quarterly
9238,Silver,274338.53,6,45723.09,Tablets,iPad,Quarterly
9239,Gold,85826.56,7,12260.94,Tablets,iPad,Weekly
9240,Silver,211450.46,4,52862.62,Smartphones,iPhone,Quarterly
9241,Bronze,137747.95,2,68873.97,Tablets,iPad,Quarterly
9242,Silver,300831.28,5,60166.26,Monitors,Dell,Monthly
9243,Bronze,6194.94,3,2064.98,Laptops,MacBook,Bi-weekly
9244,Bronze,42887.17,1,42887.17,Printers,HP,Weekly
9245,Silver,74748.15,5,14949.63,Printers,Canon,Quarterly
9246,Bronze,148328.56,2,74164.28,Laptops,Dell,Quarterly
9247,Silver,472507.7,4,118126.93,Printers,HP,Weekly
9248,Bronze,4663.64,1,4663.64,Monitors,LG,Weekly
9249,Silver,279577.06,5,55915.41,Printers,Canon,Bi-weekly
9250,Silver,125795.58,4,31448.9,Smartphones,Xiaomi,Quarterly
9251,Silver,299440.17,4,74860.04,Tablets,Samsung,Quarterly
9252,Silver,400686.86,4,100171.72,Monitors,Dell,Quarterly
9253,Bronze,167441.31,3,55813.77,Smartphones,OnePlus,Quarterly
9254,Bronze,203806.41,2,101903.2,Printers,Canon,Monthly
9255,Bronze,293960.35,3,97986.78,Tablets,Samsung,Bi-weekly
9256,Silver,794425.21,5,158885.04,Keyboards,Corsair,Bi-weekly
9257,Bronze,5001.27,1,5001.27,Printers,Canon,Bi-weekly
9258,Bronze,252417.77,3,84139.26,Printers,HP,Weekly
9259,Bronze,7453.52,2,3726.76,Monitors,MSI,Bi-weekly
9260,Bronze,69358.99,2,34679.49,Printers,HP,Weekly
9261,Silver,231140.12,5,46228.02,Monitors,BenQ,Quarterly
9262,Silver,150187.7,5,30037.54,Printers,Canon,Monthly
9263,Gold,492210.38,7,70315.77,Keyboards,Logitech,Weekly
9264,Silver,131169.59,4,32792.4,Smartphones,Realme,Weekly
9265,Gold,20567.15,8,2570.89,Tablets,iPad,Bi-weekly
9266,Silver,169232.33,4,42308.08,Printers,HP,Weekly
9267,Silver,119886.94,6,19981.16,Smartphones,Realme,Weekly
9268,Gold,142947.59,8,17868.45,Mice,Dell,Bi-weekly
9269,Gold,65468.15,8,8183.52,Smartphones,iPhone,Monthly
9270,Silver,243659.55,5,48731.91,Tablets,iPad,Weekly
9271,Silver,241785.8,6,40297.63,Keyboards,Logitech,Bi-weekly
9272,Silver,257899.74,5,51579.95,Smartphones,Samsung,Bi-weekly
9273,Bronze,29202.52,2,14601.26,Mice,Dell,Weekly
9274,Gold,892339.55,8,111542.44,Laptops,HP,Weekly
9275,Bronze,103170.33,2,51585.16,Printers,Canon,Bi-weekly
9276,Silver,273851.98,4,68463.0,Keyboards,Dell,Weekly
9277,Silver,228242.28,6,38040.38,Mice,Dell,Quarterly
9278,Bronze,52618.48,2,26309.24,Tablets,iPad,Monthly
9279,Silver,421087.72,4,105271.93,Keyboards,Dell,Quarterly
9280,Silver,17440.59,4,4360.15,Tablets,Samsung,Bi-weekly
9281,Gold,77638.5,7,11091.21,Laptops,Lenovo,Weekly
9282,Bronze,68297.8,3,22765.93,Laptops,Lenovo,Weekly
9283,Bronze,158937.65,3,52979.22,Keyboards,Dell,Quarterly
9284,Bronze,32074.14,1,32074.14,Mice,Logitech,Bi-weekly
9285,Bronze,56069.05,3,18689.68,Monitors,BenQ,Weekly
9286,Silver,132025.49,5,26405.1,Laptops,MacBook,Bi-weekly
9287,Bronze,291480.09,3,97160.03,Mice,Dell,Monthly
9288,Silver,597230.68,6,99538.45,Monitors,MSI,Bi-weekly
9289,Silver,16440.63,6,2740.1,Printers,HP,Weekly
9290,Silver,355674.7,5,71134.94,Mice,Dell,Weekly
9291,Silver,17575.41,5,3515.08,Monitors,LG,Bi-weekly
9292,Bronze,53475.46,2,26737.73,Printers,HP,Weekly
9293,Silver,10231.83,5,2046.37,Laptops,HP,Monthly
9294,Silver,67625.98,4,16906.49,Mice,Dell,Monthly
9295,Gold,338426.11,7,48346.59,Monitors,BenQ,Quarterly
9296,Silver,405654.08,6,67609.01,Tablets,Samsung,Bi-weekly
9297,Silver,211250.11,6,35208.35,Smartphones,OnePlus,Quarterly
9298,Gold,688975.53,7,98425.08,Laptops,MacBook,Quarterly
9299,Silver,25534.52,4,6383.63,Keyboards,Logitech,Quarterly
9300,Gold,188904.41,7,26986.34,Printers,Canon,Bi-weekly
9301,Gold,135810.79,7,19401.54,Monitors,LG,Weekly
9302,Bronze,88893.08,3,29631.03,Monitors,Dell,Weekly
9303,Silver,29760.06,4,7440.02,Laptops,MacBook,Quarterly
9304,Silver,50518.18,5,10103.64,Printers,Canon,Weekly
9305,Silver,812171.76,6,135361.96,Printers,HP,Monthly
9306,Gold,185454.12,7,26493.45,Mice,Logitech,Bi-weekly
9307,Silver,299419.99,4,74855.0,Monitors,LG,Weekly
9308,Silver,306042.77,4,76510.69,Printers,HP,Monthly
9309,Bronze,83075.04,1,83075.04,Keyboards,Logitech,Quarterly
9310,Silver,103137.81,4,25784.45,Keyboards,Corsair,Quarterly
9311,Silver,136395.94,4,34098.99,Smartphones,iPhone,Bi-weekly
9312,Bronze,301748.03,3,100582.68,Printers,Canon,Quarterly
9313,Silver,1235.32,4,308.83,Keyboards,Dell,Monthly
9314,Silver,53764.87,4,13441.22,Laptops,Lenovo,Bi-weekly
9315,Silver,153475.57,6,25579.26,Smartphones,Xiaomi,Monthly
9316,Bronze,178717.23,2,89358.61,Mice,Corsair,Bi-weekly
9317,Silver,8269.96,4,2067.49,Smartphones,Samsung,Quarterly
9318,Bronze,24883.22,3,8294.41,Laptops,HP,Monthly
9319,Bronze,28052.99,2,14026.5,Smartphones,Xiaomi,Bi-weekly
9320,Silver,554602.17,6,92433.69,Smartphones,OnePlus,Monthly
9321,Silver,134753.97,4,33688.49,Keyboards,Razer,Monthly
9322,Bronze,17124.48,2,8562.24,Monitors,ASUS,Monthly
9323,Silver,34868.1,6,5811.35,Monitors,MSI,Monthly
9324,Bronze,16206.81,3,5402.27,Mice,Logitech,Bi-weekly
9325,Silver,75578.78,6,12596.46,Smartphones,iPhone,Weekly
9326,Silver,95072.16,4,23768.04,Laptops,Dell,Quarterly
9327,Silver,416618.92,5,83323.78,Smartphones,OnePlus,Weekly
9328,Silver,13715.62,6,2285.94,Tablets,Samsung,Weekly
9329,Silver,1046894.37,5,209378.87,Keyboards,Razer,Weekly
9330,Silver,1009979.12,5,201995.82,Keyboards,Dell,Monthly
9331,Gold,577395.8,7,82485.11,Keyboards,Dell,Bi-weekly
9332,Gold,626064.46,7,89437.78,Monitors,BenQ,Monthly
9333,Silver,18407.47,4,4601.87,Printers,HP,Quarterly
9334,Gold,15177.3,9,1686.37,Laptops,Lenovo,Bi-weekly
9335,Silver,43133.65,4,10783.41,Laptops,Lenovo,Monthly
9336,Gold,108750.06,8,13593.76,Monitors,LG,Bi-weekly
9337,Gold,110602.54,7,15800.36,Keyboards,Logitech,Monthly
9338,Silver,85126.82,4,21281.7,Monitors,Dell,Weekly
9339,Silver,31836.28,4,7959.07,Laptops,MacBook,Monthly
9340,Gold,606057.75,7,86579.68,Mice,Corsair,Monthly
9341,Silver,65598.27,6,10933.05,Smartphones,iPhone,Monthly
9342,Silver,49307.33,5,9861.47,Smartphones,Samsung,Bi-weekly
9343,Bronze,52177.04,3,17392.35,Keyboards,Razer,Quarterly
9344,Gold,84145.0,7,12020.71,Smartphones,Poco,Quarterly
9345,Silver,416649.39,5,83329.88,Laptops,HP,Monthly
9346,Gold,5617.03,7,802.43,Tablets,iPad,Monthly
9347,Bronze,285867.09,2,142933.55,Laptops,Dell,Bi-weekly
9348,Silver,369702.07,6,61617.01,Printers,HP,Quarterly
9349,Bronze,86786.86,3,28928.95,Laptops,MacBook,Weekly
9350,Silver,742141.08,6,123690.18,Printers,Canon,Weekly
9351,Bronze,96421.43,1,96421.43,Printers,Canon,Bi-weekly
9352,Gold,199214.34,7,28459.19,Laptops,Lenovo,Bi-weekly
9353,Silver,1273.34,4,318.33,Tablets,Samsung,Weekly
9354,Silver,95702.41,4,23925.6,Smartphones,Poco,Bi-weekly
9355,Bronze,35616.39,3,11872.13,Mice,Logitech,Monthly
9356,Bronze,80419.29,3,26806.43,Printers,Canon,Quarterly
9357,Silver,275153.43,6,45858.9,Mice,Dell,Quarterly
9358,Silver,32732.66,4,8183.16,Mice,Corsair,Monthly
9359,Silver,297398.64,5,59479.73,Laptops,Dell,Weekly
9360,Silver,93228.43,5,18645.69,Mice,Corsair,Monthly
9361,Gold,148840.93,7,21262.99,Smartphones,Samsung,Bi-weekly
9362,Silver,732475.48,5,146495.1,Tablets,iPad,Quarterly
9363,Bronze,91807.99,2,45904.0,Keyboards,Logitech,Monthly
9364,Silver,42338.09,5,8467.62,Monitors,ASUS,Monthly
9365,Gold,25839.44,8,3229.93,Monitors,LG,Quarterly
9366,Silver,177113.42,5,35422.68,Printers,Canon,Monthly
9367,Silver,168461.18,5,33692.24,Mice,Corsair,Quarterly
9368,Bronze,85472.27,3,28490.76,Keyboards,Corsair,Bi-weekly
9369,Silver,72820.97,5,14564.19,Laptops,Lenovo,Quarterly
9370,Bronze,51450.87,2,25725.43,Monitors,MSI,Monthly
9371,Silver,57533.27,4,14383.32,Printers,Canon,Monthly
9372,Silver,88094.02,5,17618.8,Mice,Logitech,Weekly
9373,Bronze,27326.48,3,9108.83,Printers,Canon,Quarterly
9374,Bronze,306714.25,3,102238.08,Keyboards,Corsair,Monthly
9375,Silver,128881.49,4,32220.37,Keyboards,Razer,Weekly
9376,Bronze,7798.7,2,3899.35,Monitors,BenQ,Quarterly
9377,Bronze,9462.99,2,4731.5,Printers,HP,Bi-weekly
9378,Silver,638232.1,5,127646.42,Tablets,Samsung,Monthly
9379,Gold,134141.21,7,19163.03,Keyboards,Logitech,Monthly
9380,Silver,50379.68,4,12594.92,Monitors,MSI,Weekly
9381,Silver,283301.13,4,70825.28,Mice,Corsair,Bi-weekly
9382,Silver,27325.44,6,4554.24,Laptops,Dell,Weekly
9383,Silver,60504.61,6,10084.1,Smartphones,Poco,Quarterly
9384,Bronze,20874.5,2,10437.25,Mice,Dell,Quarterly
9385,Silver,560684.05,4,140171.01,Tablets,iPad,Monthly
9386,Bronze,53104.47,3,17701.49,Mice,Corsair,Quarterly
9387,Gold,99753.64,7,14250.52,Tablets,Samsung,Quarterly
9388,Bronze,65798.44,3,21932.81,Printers,Canon,Weekly
9389,Bronze,118303.2,3,39434.4,Tablets,iPad,Quarterly
9390,Bronze,61999.7,1,61999.7,Tablets,Samsung,Quarterly
9391,Silver,346270.13,5,69254.03,Laptops,MacBook,Bi-weekly
9392,Silver,121488.76,6,20248.13,Keyboards,Razer,Weekly
9393,Gold,113647.76,7,16235.39,Tablets,iPad,Monthly
9394,Silver,85795.68,4,21448.92,Laptops,MacBook,Weekly
9395,Gold,10304.58,8,1288.07,Printers,Canon,Monthly
9396,Silver,69088.78,4,17272.2,Tablets,Samsung,Bi-weekly
9397,Bronze,7490.37,3,2496.79,Monitors,ASUS,Quarterly
9398,Gold,719368.56,7,102766.94,Monitors,LG,Quarterly
9399,Silver,255462.39,6,42577.07,Tablets,Samsung,Bi-weekly
9400,Silver,657071.44,6,109511.91,Smartphones,Samsung,Bi-weekly
9401,Bronze,420486.7,3,140162.23,Smartphones,Realme,Monthly
9402,Silver,87761.77,4,21940.44,Monitors,Dell,Weekly
9403,Silver,410294.83,4,102573.71,Tablets,Samsung,Bi-weekly
9404,Bronze,32228.18,3,10742.73,Printers,Canon,Bi-weekly
9405,Bronze,76717.98,3,25572.66,Keyboards,Dell,Monthly
9406,Bronze,33520.13,2,16760.06,Monitors,LG,Quarterly
9407,Silver,46135.61,6,7689.27,Mice,Corsair,Quarterly
9408,Silver,105035.29,4,26258.82,Laptops,Lenovo,Bi-weekly
9409,Bronze,169284.14,2,84642.07,Monitors,Dell,Bi-weekly
9410,Silver,126075.12,6,21012.52,Tablets,iPad,Quarterly
9411,Bronze,83403.68,1,83403.68,Mice,Dell,Bi-weekly
9412,Bronze,43806.99,3,14602.33,Printers,HP,Weekly
9413,Bronze,25984.8,2,12992.4,Tablets,Samsung,Weekly
9414,Silver,256385.37,6,42730.89,Monitors,MSI,Monthly
9415,Gold,32468.77,8,4058.6,Monitors,LG,Monthly
9416,Silver,270379.04,4,67594.76,Monitors,Dell,Bi-weekly
9417,Silver,70914.36,6,11819.06,Keyboards,Logitech,Quarterly
9418,Bronze,10572.56,1,10572.56,Laptops,Lenovo,Monthly
9419,Silver,139843.16,4,34960.79,Printers,Canon,Monthly
9420,Silver,169090.2,5,33818.04,Monitors,MSI,Bi-weekly
9421,Silver,879011.7,4,219752.92,Printers,Canon,Monthly
9422,Silver,144829.15,5,28965.83,Mice,Corsair,Monthly
9423,Silver,149604.55,5,29920.91,Laptops,MacBook,Monthly
9424,Silver,331467.4,6,55244.57,Printers,HP,Monthly
9425,Gold,1309045.13,7,187006.45,Laptops,HP,Weekly
9426,Silver,209225.48,4,52306.37,Printers,HP,Monthly
9427,Bronze,21023.75,1,21023.75,Tablets,Samsung,Weekly
9428,Silver,3709.51,5,741.9,Keyboards,Dell,Weekly
9429,Silver,196152.94,4,49038.24,Mice,Dell,Monthly
9430,Silver,84782.48,6,14130.41,Laptops,Lenovo,Bi-weekly
9431,Bronze,5793.41,3,1931.14,Tablets,Samsung,Weekly
9432,Silver,36919.37,4,9229.84,Printers,HP,Weekly
9433,Silver,54612.78,5,10922.56,Tablets,iPad,Bi-weekly
9434,Gold,432530.15,7,61790.02,Printers,HP,Quarterly
9435,Gold,111363.57,7,15909.08,Printers,Canon,Bi-weekly
9436,Silver,285215.18,6,47535.86,Keyboards,Logitech,Bi-weekly
9437,Silver,206015.83,4,51503.96,Monitors,MSI,Weekly
9438,Silver,98527.27,5,19705.45,Keyboards,Corsair,Weekly
9439,Silver,17955.85,5,3591.17,Monitors,BenQ,Weekly
9440,Gold,603460.17,7,86208.6,Laptops,HP,Bi-weekly
9441,Silver,35018.4,5,7003.68,Smartphones,OnePlus,Bi-weekly
9442,Bronze,158681.2,3,52893.73,Tablets,iPad,Weekly
9443,Silver,502080.99,6,83680.17,Keyboards,Logitech,Bi-weekly
9444,Silver,212444.69,4,53111.17,Keyboards,Dell,Weekly
9445,Bronze,1316.45,1,1316.45,Tablets,Samsung,Monthly
9446,Silver,75920.42,6,12653.4,Tablets,Samsung,Weekly
9447,Bronze,173357.81,3,57785.94,Mice,Corsair,Bi-weekly
9448,Bronze,3713.17,1,3713.17,Laptops,Lenovo,Bi-weekly
9449,Silver,47599.22,4,11899.81,Tablets,iPad,Monthly
9450,Silver,52431.66,4,13107.91,Printers,Canon,Weekly
9451,Silver,554683.97,6,92447.33,Printers,HP,Quarterly
9452,Bronze,169681.85,1,169681.85,Tablets,iPad,Quarterly
9453,Bronze,11295.2,3,3765.07,Laptops,MacBook,Monthly
9454,Silver,138992.38,6,23165.4,Mice,Logitech,Monthly
9455,Silver,220000.41,6,36666.74,Keyboards,Razer,Weekly
9456,Gold,305909.27,8,38238.66,Printers,HP,Quarterly
9457,Bronze,28302.06,1,28302.06,Printers,Canon,Quarterly
9458,Silver,806750.46,6,134458.41,Mice,Corsair,Weekly
9459,Silver,180919.9,5,36183.98,Laptops,HP,Bi-weekly
9460,Bronze,6591.15,3,2197.05,Monitors,Dell,Bi-weekly
9461,Silver,40175.42,4,10043.86,Mice,Logitech,Monthly
9462,Silver,40027.04,4,10006.76,Monitors,MSI,Bi-weekly
9463,Silver,131329.37,5,26265.87,Smartphones,Poco,Weekly
9464,Silver,852234.98,5,170447.0,Tablets,iPad,Weekly
9465,Gold,118105.39,8,14763.17,Tablets,Samsung,Quarterly
9466,Silver,242828.57,4,60707.14,Laptops,Lenovo,Weekly
9467,Bronze,89504.39,3,29834.8,Laptops,MacBook,Weekly
9468,Silver,76786.16,6,12797.69,Monitors,Dell,Bi-weekly
9469,Bronze,50965.55,1,50965.55,Laptops,Dell,Monthly
9470,Bronze,99522.19,3,33174.06,Laptops,MacBook,Quarterly
9471,Gold,145894.9,7,20842.13,Monitors,ASUS,Bi-weekly
9472,Bronze,69771.77,3,23257.26,Smartphones,Xiaomi,Monthly
9473,Silver,66401.44,6,11066.91,Laptops,Lenovo,Weekly
9474,Silver,176388.11,6,29398.02,Keyboards,Logitech,Weekly
9475,Silver,233971.03,6,38995.17,Laptops,HP,Monthly
9476,Gold,956111.2,7,136587.31,Keyboards,Logitech,Weekly
9477,Silver,190343.1,5,38068.62,Tablets,Samsung,Monthly
9478,Silver,56361.91,4,14090.48,Laptops,HP,Quarterly
9479,Bronze,33502.23,3,11167.41,Tablets,iPad,Bi-weekly
9480,Gold,535669.7,10,53566.97,Laptops,Dell,Bi-weekly
9481,Silver,23548.45,5,4709.69,Smartphones,Xiaomi,Weekly
9482,Bronze,21799.19,3,7266.4,Tablets,iPad,Weekly
9483,Gold,44549.68,7,6364.24,Smartphones,Poco,Quarterly
9484,Bronze,254232.55,3,84744.18,Printers,HP,Bi-weekly
9485,Silver,198743.14,5,39748.63,Smartphones,Xiaomi,Monthly
9486,Silver,146755.49,5,29351.1,Mice,Corsair,Bi-weekly
9487,Bronze,116600.47,1,116600.47,Smartphones,iPhone,Monthly
9488,Bronze,22841.5,2,11420.75,Printers,Canon,Weekly
9489,Bronze,38891.03,2,19445.51,Printers,Canon,Bi-weekly
9490,Bronze,11458.58,3,3819.53,Mice,Dell,Weekly
9491,Bronze,296365.1,3,98788.37,Laptops,Lenovo,Quarterly
9492,Gold,420468.97,8,52558.62,Keyboards,Corsair,Weekly
9493,Silver,427713.08,4,106928.27,Laptops,MacBook,Quarterly
9494,Silver,196583.54,5,39316.71,Printers,HP,Weekly
9495,Bronze,85396.4,3,28465.47,Laptops,Dell,Bi-weekly
9496,Gold,187957.69,10,18795.77,Tablets,Samsung,Bi-weekly
9497,Silver,102842.55,5,20568.51,Keyboards,Razer,Weekly
9498,Silver,139023.39,4,34755.85,Monitors,MSI,Weekly
9499,Bronze,184620.62,2,92310.31,Tablets,Samsung,Quarterly
9500,Gold,120659.98,7,17237.14,Mice,Dell,Monthly
9501,Bronze,198275.2,3,66091.73,Mice,Corsair,Quarterly
9502,Silver,7709.79,4,1927.45,Keyboards,Corsair,Quarterly
9503,Bronze,59971.69,2,29985.85,Laptops,MacBook,Bi-weekly
9504,Gold,841715.38,8,105214.42,Keyboards,Logitech,Quarterly
9505,Gold,395616.22,7,56516.6,Laptops,Dell,Monthly
9506,Silver,5707.17,6,951.2,Laptops,Dell,Weekly
9507,Silver,233149.33,5,46629.87,Monitors,LG,Bi-weekly
9508,Gold,143798.22,7,20542.6,Printers,Canon,Monthly
9509,Silver,47707.01,5,9541.4,Mice,Dell,Quarterly
9510,Silver,8459.22,6,1409.87,Smartphones,Realme,Weekly
9511,Bronze,6475.7,3,2158.57,Printers,HP,Weekly
9512,Silver,112494.47,4,28123.62,Tablets,Samsung,Bi-weekly
9513,Silver,157856.49,4,39464.12,Printers,Canon,Bi-weekly
9514,Silver,164294.51,6,27382.42,Tablets,Samsung,Quarterly
9515,Bronze,64312.36,2,32156.18,Smartphones,Realme,Weekly
9516,Silver,49366.46,4,12341.61,Tablets,iPad,Quarterly
9517,Silver,138256.71,6,23042.78,Tablets,Samsung,Quarterly
9518,Silver,44608.19,4,11152.05,Tablets,iPad,Bi-weekly
9519,Bronze,108435.95,3,36145.32,Mice,Dell,Weekly
9520,Silver,11877.77,4,2969.44,Smartphones,iPhone,Monthly
9521,Silver,7733.08,5,1546.62,Mice,Logitech,Weekly
9522,Silver,44424.49,5,8884.9,Mice,Dell,Weekly
9523,Bronze,77486.27,2,38743.14,Tablets,iPad,Quarterly
9524,Silver,7743.68,4,1935.92,Mice,Logitech,Monthly
9525,Bronze,6086.14,3,2028.71,Tablets,iPad,Bi-weekly
9526,Bronze,6833.31,3,2277.77,Keyboards,Logitech,Bi-weekly
9527,Silver,94388.22,5,18877.64,Printers,HP,Weekly
9528,Bronze,497487.26,2,248743.63,Smartphones,Samsung,Weekly
9529,Gold,2089049.31,8,261131.16,Laptops,Dell,Monthly
9530,Bronze,1566.13,3,522.04,Keyboards,Logitech,Quarterly
9531,Silver,357467.66,4,89366.91,Laptops,Lenovo,Bi-weekly
9532,Silver,185333.39,6,30888.9,Keyboards,Dell,Weekly
9533,Bronze,7676.55,3,2558.85,Tablets,Samsung,Monthly
9534,Silver,15093.05,4,3773.26,Smartphones,Realme,Monthly
9535,Bronze,51797.4,3,17265.8,Mice,Dell,Quarterly
9536,Silver,79413.46,5,15882.69,Smartphones,Realme,Weekly
9537,Silver,98647.06,4,24661.76,Mice,Corsair,Quarterly
9538,Silver,84038.96,6,14006.49,Tablets,iPad,Quarterly
9539,Bronze,535945.43,3,178648.48,Printers,HP,Monthly
9540,Gold,259735.87,8,32466.98,Smartphones,Xiaomi,Quarterly
9541,Silver,98949.63,5,19789.93,Mice,Dell,Bi-weekly
9542,Silver,39144.8,6,6524.13,Tablets,Samsung,Weekly
9543,Silver,151063.8,4,37765.95,Keyboards,Corsair,Monthly
9544,Bronze,159804.56,3,53268.19,Monitors,LG,Bi-weekly
9545,Gold,217905.47,7,31129.35,Monitors,Dell,Monthly
9546,Bronze,99828.93,3,33276.31,Laptops,Lenovo,Quarterly
9547,Silver,459600.08,4,114900.02,Laptops,MacBook,Monthly
9548,Silver,54636.31,4,13659.08,Monitors,ASUS,Weekly
9549,Silver,39252.52,5,7850.5,Printers,HP,Monthly
9550,Silver,31031.53,4,7757.88,Tablets,iPad,Monthly
9551,Silver,2082.29,5,416.46,Monitors,LG,Bi-weekly
9552,Silver,128784.66,4,32196.16,Smartphones,OnePlus,Weekly
9553,Bronze,170547.8,3,56849.27,Monitors,ASUS,Bi-weekly
9554,Silver,41732.23,5,8346.45,Printers,Canon,Bi-weekly
9555,Bronze,98489.25,3,32829.75,Smartphones,Poco,Quarterly
9556,Silver,9471.92,4,2367.98,Monitors,ASUS,Monthly
9557,Bronze,388.86,2,194.43,Keyboards,Logitech,Monthly
9558,Silver,20883.35,5,4176.67,Keyboards,Dell,Weekly
9559,Silver,59591.98,6,9932.0,Mice,Corsair,Weekly
9560,Silver,28044.23,5,5608.85,Monitors,ASUS,Quarterly
9561,Bronze,103159.76,2,51579.88,Monitors,BenQ,Bi-weekly
9562,Bronze,48454.73,3,16151.58,Monitors,Dell,Weekly
9563,Bronze,2323.09,3,774.36,Mice,Dell,Monthly
9564,Bronze,2739.59,2,1369.8,Tablets,iPad,Bi-weekly
9565,Silver,135417.91,5,27083.58,Printers,HP,Bi-weekly
9566,Bronze,138350.19,2,69175.09,Laptops,Lenovo,Bi-weekly
9567,Silver,297167.08,5,59433.42,Printers,Canon,Bi-weekly
9568,Gold,634532.56,7,90647.51,Monitors,ASUS,Quarterly
9569,Bronze,141866.16,3,47288.72,Monitors,MSI,Weekly
9570,Bronze,4140.33,2,2070.17,Laptops,Lenovo,Monthly
9571,Bronze,172604.69,3,57534.9,Mice,Corsair,Weekly
9572,Silver,106254.56,5,21250.91,Printers,Canon,Weekly
9573,Bronze,20436.55,1,20436.55,Printers,Canon,Weekly
9574,Bronze,3465.14,3,1155.05,Laptops,Lenovo,Quarterly
9575,Gold,220587.7,7,31512.53,Tablets,Samsung,Bi-weekly
9576,Silver,405421.75,4,101355.44,Laptops,Dell,Weekly
9577,Silver,347794.36,4,86948.59,Smartphones,iPhone,Weekly
9578,Gold,45758.72,7,6536.96,Keyboards,Dell,Monthly
9579,Bronze,107661.79,1,107661.79,Keyboards,Dell,Weekly
9580,Silver,340931.49,4,85232.87,Monitors,BenQ,Quarterly
9581,Silver,244205.48,4,61051.37,Monitors,BenQ,Monthly
9582,Bronze,67109.41,3,22369.8,Keyboards,Razer,Bi-weekly
9583,Bronze,23694.19,1,23694.19,Keyboards,Logitech,Bi-weekly
9584,Silver,70111.33,4,17527.83,Tablets,Samsung,Bi-weekly
9585,Bronze,74070.75,3,24690.25,Smartphones,iPhone,Monthly
9586,Bronze,59214.27,3,19738.09,Tablets,Samsung,Weekly
9587,Silver,214604.51,5,42920.9,Mice,Dell,Weekly
9588,Silver,695020.0,6,115836.67,Laptops,MacBook,Bi-weekly
9589,Bronze,26007.62,3,8669.21,Keyboards,Logitech,Quarterly
9590,Bronze,144166.97,3,48055.66,Keyboards,Razer,Bi-weekly
9591,Silver,21998.39,5,4399.68,Keyboards,Dell,Weekly
9592,Bronze,2259.35,1,2259.35,Printers,Canon,Quarterly
9593,Silver,101629.46,6,16938.24,Tablets,iPad,Bi-weekly
9594,Gold,54189.65,7,7741.38,Printers,Canon,Weekly
9595,Silver,394779.3,5,78955.86,Tablets,Samsung,Monthly
9596,Silver,38329.9,5,7665.98,Tablets,iPad,Monthly
9597,Bronze,180419.58,2,90209.79,Keyboards,Logitech,Weekly
9598,Silver,142210.94,4,35552.74,Monitors,ASUS,Monthly
9599,Silver,37383.96,5,7476.79,Mice,Dell,Quarterly
9600,Bronze,81782.58,3,27260.86,Smartphones,Samsung,Weekly
9601,Bronze,179316.59,1,179316.59,Smartphones,Poco,Monthly
9602,Silver,52080.16,4,13020.04,Keyboards,Logitech,Bi-weekly
9603,Silver,435583.16,5,87116.63,Tablets,Samsung,Quarterly
9604,Silver,2785.14,4,696.29,Monitors,Dell,Monthly
9605,Bronze,311.55,1,311.55,Tablets,Samsung,Bi-weekly
9606,Bronze,89913.5,2,44956.75,Keyboards,Corsair,Bi-weekly
9607,Silver,113107.96,6,18851.33,Monitors,Dell,Bi-weekly
9608,Silver,40604.31,5,8120.86,Mice,Logitech,Bi-weekly
9609,Silver,15929.24,4,3982.31,Laptops,HP,Quarterly
9610,Silver,368671.6,6,61445.27,Tablets,iPad,Bi-weekly
9611,Bronze,14859.92,2,7429.96,Tablets,iPad,Quarterly
9612,Silver,102568.42,6,17094.74,Laptops,MacBook,Monthly
9613,Bronze,448892.36,3,149630.79,Smartphones,Realme,Weekly
9614,Silver,587920.37,5,117584.07,Monitors,BenQ,Bi-weekly
9615,Gold,1031680.25,9,114631.14,Mice,Dell,Quarterly
9616,Bronze,3119.18,1,3119.18,Printers,HP,Monthly
9617,Gold,236610.56,7,33801.51,Tablets,Samsung,Quarterly
9618,Gold,680128.45,8,85016.06,Smartphones,Realme,Monthly
9619,Silver,12826.15,4,3206.54,Smartphones,iPhone,Quarterly
9620,Bronze,1536.49,1,1536.49,Laptops,Lenovo,Monthly
9621,Bronze,67417.65,2,33708.83,Tablets,Samsung,Weekly
9622,Bronze,200417.59,3,66805.86,Smartphones,Samsung,Weekly
9623,Silver,168850.95,5,33770.19,Laptops,Dell,Weekly
9624,Silver,76325.81,4,19081.45,Monitors,ASUS,Monthly
9625,Bronze,532483.4,3,177494.47,Tablets,Samsung,Monthly
9626,Gold,407558.1,7,58222.59,Monitors,BenQ,Weekly
9627,Silver,164910.0,4,41227.5,Tablets,iPad,Weekly
9628,Bronze,33411.87,2,16705.93,Smartphones,Xiaomi,Monthly
9629,Silver,224846.76,5,44969.35,Smartphones,OnePlus,Weekly
9630,Bronze,31383.67,1,31383.67,Monitors,BenQ,Bi-weekly
9631,Bronze,40928.59,3,13642.86,Printers,HP,Weekly
9632,Bronze,115884.15,3,38628.05,Smartphones,OnePlus,Monthly
9633,Silver,124592.4,4,31148.1,Laptops,HP,Bi-weekly
9634,Silver,137877.66,5,27575.53,Printers,HP,Bi-weekly
9635,Silver,79932.23,6,13322.04,Printers,Canon,Weekly
9636,Silver,213900.63,6,35650.1,Mice,Dell,Quarterly
9637,Bronze,267.59,1,267.59,Keyboards,Razer,Quarterly
9638,Bronze,428521.05,3,142840.35,Monitors,ASUS,Monthly
9639,Bronze,82514.76,3,27504.92,Mice,Corsair,Quarterly
9640,Silver,667002.08,4,166750.52,Smartphones,Xiaomi,Weekly
9641,Silver,26949.36,6,4491.56,Tablets,Samsung,Monthly
9642,Bronze,47080.64,2,23540.32,Smartphones,OnePlus,Monthly
9643,Bronze,276693.77,3,92231.26,Tablets,iPad,Bi-weekly
9644,Bronze,35466.38,2,17733.19,Keyboards,Razer,Quarterly
9645,Silver,126048.56,4,31512.14,Keyboards,Razer,Monthly
9646,Gold,15709.52,7,2244.22,Laptops,HP,Bi-weekly
9647,Bronze,15501.69,2,7750.85,Tablets,Samsung,Quarterly
9648,Bronze,8715.31,3,2905.1,Printers,Canon,Quarterly
9649,Silver,6404.37,6,1067.39,Monitors,ASUS,Quarterly
9650,Bronze,160658.19,3,53552.73,Monitors,Dell,Bi-weekly
9651,Bronze,38996.69,2,19498.35,Monitors,MSI,Weekly
9652,Bronze,219864.41,3,73288.14,Laptops,MacBook,Weekly
9653,Silver,77053.46,5,15410.69,Keyboards,Dell,Monthly
9654,Gold,45941.65,9,5104.63,Tablets,iPad,Bi-weekly
9655,Gold,108527.29,9,12058.59,Monitors,BenQ,Quarterly
9656,Bronze,78061.24,2,39030.62,Printers,HP,Weekly
9657,Silver,142395.7,6,23732.62,Mice,Logitech,Weekly
9658,Silver,31546.12,6,5257.69,Monitors,MSI,Bi-weekly
9659,Bronze,1531.15,3,510.38,Tablets,iPad,Monthly
9660,Silver,710726.54,4,177681.63,Keyboards,Razer,Quarterly
9661,Gold,163708.46,7,23386.92,Keyboards,Corsair,Weekly
9662,Gold,35447.0,7,5063.86,Tablets,iPad,Bi-weekly
9663,Silver,105259.62,5,21051.92,Monitors,MSI,Monthly
9664,Silver,231018.08,6,38503.01,Printers,Canon,Bi-weekly
9665,Bronze,12525.64,3,4175.21,Laptops,Dell,Weekly
9666,Silver,192590.21,6,32098.37,Monitors,BenQ,Bi-weekly
9667,Silver,52594.88,5,10518.98,Keyboards,Dell,Quarterly
9668,Silver,71992.52,4,17998.13,Printers,Canon,Monthly
9669,Bronze,12254.3,3,4084.77,Keyboards,Corsair,Quarterly
9670,Silver,505554.02,6,84259.0,Keyboards,Razer,Bi-weekly
9671,Silver,37971.29,4,9492.82,Monitors,MSI,Bi-weekly
9672,Silver,22384.95,4,5596.24,Laptops,MacBook,Bi-weekly
9673,Silver,34003.03,5,6800.61,Monitors,ASUS,Bi-weekly
9674,Bronze,12214.0,1,12214.0,Laptops,HP,Bi-weekly
9675,Silver,218465.09,4,54616.27,Mice,Dell,Weekly
9676,Silver,89246.47,4,22311.62,Monitors,ASUS,Weekly
9677,Silver,357115.75,6,59519.29,Smartphones,Samsung,Weekly
9678,Bronze,3025.4,2,1512.7,Mice,Dell,Weekly
9679,Bronze,63691.3,2,31845.65,Mice,Dell,Monthly
9680,Silver,609972.86,4,152493.21,Tablets,iPad,Monthly
9681,Bronze,13589.47,2,6794.74,Laptops,HP,Bi-weekly
9682,Silver,667857.2,4,166964.3,Printers,Canon,Weekly
9683,Bronze,172083.48,3,57361.16,Tablets,Samsung,Weekly
9684,Gold,318076.19,8,39759.52,Monitors,ASUS,Weekly
9685,Bronze,121989.33,3,40663.11,Laptops,Dell,Weekly
9686,Bronze,49185.11,2,24592.55,Laptops,Lenovo,Weekly
9687,Bronze,83311.46,3,27770.49,Smartphones,Samsung,Bi-weekly
9688,Gold,406016.16,7,58002.31,Keyboards,Corsair,Monthly
9689,Bronze,137015.5,3,45671.83,Keyboards,Dell,Bi-weekly
9690,Silver,1019359.41,5,203871.88,Monitors,MSI,Bi-weekly
9691,Gold,924334.47,8,115541.81,Smartphones,iPhone,Quarterly
9692,Bronze,89136.27,3,29712.09,Monitors,ASUS,Monthly
9693,Gold,352504.63,8,44063.08,Smartphones,iPhone,Bi-weekly
9694,Bronze,342113.1,3,114037.7,Mice,Dell,Weekly
9695,Silver,160272.75,5,32054.55,Monitors,ASUS,Quarterly
9696,Bronze,277141.69,2,138570.85,Smartphones,Samsung,Weekly
9697,Bronze,75456.02,3,25152.01,Keyboards,Corsair,Monthly
9698,Silver,226591.87,6,37765.31,Tablets,iPad,Weekly
9699,Silver,186060.24,5,37212.05,Tablets,iPad,Bi-weekly
9700,Bronze,48011.48,1,48011.48,Monitors,BenQ,Weekly
9701,Bronze,8367.36,1,8367.36,Printers,Canon,Bi-weekly
9702,Silver,55696.2,4,13924.05,Mice,Dell,Monthly
9703,Silver,44571.4,4,11142.85,Printers,Canon,Bi-weekly
9704,Silver,11750.18,5,2350.04,Smartphones,Poco,Weekly
9705,Silver,136366.37,5,27273.27,Monitors,MSI,Weekly
9706,Gold,131180.47,7,18740.07,Mice,Logitech,Bi-weekly
9707,Bronze,14536.87,3,4845.62,Printers,HP,Monthly
9708,Silver,15117.52,5,3023.5,Laptops,MacBook,Weekly
9709,Silver,125590.04,5,25118.01,Laptops,MacBook,Bi-weekly
9710,Silver,98408.5,4,24602.12,Printers,Canon,Weekly
9711,Bronze,47562.94,1,47562.94,Printers,HP,Weekly
9712,Bronze,55390.44,3,18463.48,Laptops,HP,Weekly
9713,Bronze,216065.66,3,72021.89,Mice,Corsair,Bi-weekly
9714,Silver,529292.21,6,88215.37,Laptops,Dell,Bi-weekly
9715,Silver,83143.91,6,13857.32,Laptops,Dell,Quarterly
9716,Bronze,145685.93,2,72842.97,Tablets,Samsung,Quarterly
9717,Silver,7545.74,4,1886.44,Laptops,MacBook,Bi-weekly
9718,Bronze,32289.2,1,32289.2,Mice,Corsair,Quarterly
9719,Bronze,60262.79,1,60262.79,Smartphones,Xiaomi,Quarterly
9720,Bronze,216099.11,3,72033.04,Keyboards,Corsair,Weekly
9721,Silver,313591.8,5,62718.36,Keyboards,Razer,Bi-weekly
9722,Silver,8460.18,5,1692.04,Printers,HP,Quarterly
9723,Silver,172184.83,6,28697.47,Tablets,Samsung,Quarterly
9724,Gold,25834.2,8,3229.27,Laptops,Lenovo,Bi-weekly
9725,Gold,144979.07,7,20711.3,Tablets,iPad,Monthly
9726,Gold,95905.94,7,13700.85,Keyboards,Corsair,Quarterly
9727,Silver,38265.79,4,9566.45,Mice,Corsair,Weekly
9728,Bronze,59622.05,3,19874.02,Tablets,iPad,Monthly
9729,Gold,1409580.78,7,201368.68,Tablets,Samsung,Weekly
9730,Silver,342183.77,5,68436.75,Printers,Canon,Monthly
9731,Silver,96479.94,5,19295.99,Monitors,BenQ,Bi-weekly
9732,Bronze,16086.9,3,5362.3,Mice,Corsair,Bi-weekly
9733,Silver,37012.69,4,9253.17,Mice,Corsair,Monthly
9734,Silver,147222.38,5,29444.48,Mice,Corsair,Monthly
9735,Bronze,6640.98,3,2213.66,Keyboards,Corsair,Bi-weekly
9736,Silver,255368.54,6,42561.42,Keyboards,Razer,Bi-weekly
9737,Bronze,12475.42,3,4158.47,Laptops,Lenovo,Bi-weekly
9738,Bronze,23154.61,2,11577.3,Keyboards,Corsair,Weekly
9739,Bronze,35072.82,1,35072.82,Smartphones,Poco,Monthly
9740,Silver,193365.53,5,38673.11,Monitors,Dell,Monthly
9741,Silver,107142.33,6,17857.06,Monitors,BenQ,Bi-weekly
9742,Silver,159727.22,4,39931.81,Mice,Corsair,Monthly
9743,Silver,94744.68,4,23686.17,Smartphones,OnePlus,Weekly
9744,Gold,1352699.86,7,193242.84,Printers,Canon,Quarterly
9745,Silver,98920.54,4,24730.14,Laptops,MacBook,Weekly
9746,Gold,9261.15,10,926.11,Tablets,iPad,Bi-weekly
9747,Silver,237178.6,5,47435.72,Monitors,BenQ,Monthly
9748,Silver,179136.83,6,29856.14,Mice,Dell,Monthly
9749,Silver,150614.99,4,37653.75,Monitors,ASUS,Monthly
9750,Silver,197372.73,5,39474.55,Tablets,iPad,Weekly
9751,Silver,26466.54,6,4411.09,Mice,Logitech,Monthly
9752,Bronze,92277.13,2,46138.57,Laptops,Lenovo,Monthly
9753,Silver,126939.23,6,21156.54,Keyboards,Corsair,Weekly
9754,Silver,147671.37,5,29534.27,Printers,HP,Bi-weekly
9755,Silver,327569.83,4,81892.46,Tablets,iPad,Weekly
9756,Silver,30171.36,6,5028.56,Laptops,HP,Weekly
9757,Silver,322744.92,5,64548.98,Monitors,LG,Weekly
9758,Gold,54592.65,7,7798.95,Keyboards,Dell,Monthly
9759,Silver,60387.85,5,12077.57,Smartphones,Samsung,Bi-weekly
9760,Bronze,24180.46,1,24180.46,Monitors,BenQ,Monthly
9761,Bronze,191400.01,3,63800.0,Mice,Dell,Weekly
9762,Silver,74247.8,6,12374.63,Smartphones,iPhone,Weekly
9763,Gold,117260.72,7,16751.53,Smartphones,Xiaomi,Monthly
9764,Gold,224998.03,7,32142.58,Mice,Corsair,Quarterly
9765,Gold,149165.5,7,21309.36,Printers,HP,Quarterly
9766,Silver,63412.91,4,15853.23,Laptops,HP,Quarterly
9767,Silver,277668.54,6,46278.09,Keyboards,Razer,Monthly
9768,Silver,267489.45,4,66872.36,Printers,Canon,Bi-weekly
9769,Gold,297904.02,7,42557.72,Monitors,LG,Quarterly
9770,Bronze,19382.49,3,6460.83,Tablets,Samsung,Bi-weekly
9771,Silver,186270.37,4,46567.59,Printers,Canon,Bi-weekly
9772,Silver,39514.37,5,7902.87,Keyboards,Corsair,Monthly
9773,Silver,124859.38,5,24971.88,Laptops,Lenovo,Weekly
9774,Silver,146630.4,6,24438.4,Tablets,iPad,Weekly
9775,Gold,55190.86,7,7884.41,Smartphones,Samsung,Quarterly
9776,Silver,208665.27,4,52166.32,Mice,Logitech,Quarterly
9777,Silver,169191.21,4,42297.8,Smartphones,Poco,Quarterly
9778,Bronze,93516.01,3,31172.0,Printers,HP,Bi-weekly
9779,Gold,164060.43,7,23437.2,Printers,HP,Monthly
9780,Silver,32943.57,4,8235.89,Mice,Corsair,Weekly
9781,Silver,23903.88,5,4780.78,Keyboards,Razer,Monthly
9782,Silver,87094.99,6,14515.83,Laptops,HP,Monthly
9783,Bronze,40507.57,1,40507.57,Laptops,Dell,Bi-weekly
9784,Bronze,59523.33,3,19841.11,Printers,HP,Quarterly
9785,Silver,760852.1,6,126808.68,Tablets,iPad,Weekly
9786,Bronze,14606.19,2,7303.1,Smartphones,Samsung,Monthly
9787,Silver,113006.25,4,28251.56,Printers,Canon,Weekly
9788,Bronze,99060.52,1,99060.52,Keyboards,Corsair,Monthly
9789,Silver,8736.03,5,1747.21,Mice,Corsair,Weekly
9790,Bronze,115870.35,2,57935.17,Keyboards,Corsair,Weekly
9791,Bronze,44238.27,1,44238.27,Keyboards,Razer,Weekly
9792,Gold,160999.34,9,17888.82,Monitors,MSI,Bi-weekly
9793,Silver,49083.65,5,9816.73,Mice,Corsair,Weekly
9794,Silver,169880.65,4,42470.16,Smartphones,iPhone,Weekly
9795,Silver,52230.88,4,13057.72,Printers,HP,Bi-weekly
9796,Silver,321464.22,6,53577.37,Monitors,LG,Weekly
9797,Silver,250171.06,5,50034.21,Smartphones,iPhone,Weekly
9798,Gold,103685.71,7,14812.24,Printers,Canon,Weekly
9799,Silver,448589.54,4,112147.38,Printers,HP,Weekly
9800,Silver,489929.0,5,97985.8,Printers,HP,Quarterly
9801,Silver,140994.88,4,35248.72,Monitors,ASUS,Quarterly
9802,Silver,39810.94,5,7962.19,Laptops,Lenovo,Bi-weekly
9803,Silver,47226.97,6,7871.16,Keyboards,Corsair,Weekly
9804,Bronze,171554.44,3,57184.81,Mice,Logitech,Weekly
9805,Bronze,73850.31,2,36925.16,Smartphones,Poco,Bi-weekly
9806,Silver,177492.13,5,35498.43,Printers,HP,Quarterly
9807,Gold,151129.36,7,21589.91,Tablets,Samsung,Monthly
9808,Silver,11111.01,4,2777.75,Smartphones,Samsung,Monthly
9809,Silver,12358.49,4,3089.62,Printers,HP,Weekly
9810,Silver,5855.45,6,975.91,Smartphones,OnePlus,Monthly
9811,Silver,170787.56,6,28464.59,Smartphones,iPhone,Quarterly
9812,Bronze,95672.61,3,31890.87,Laptops,MacBook,Quarterly
9813,Silver,154209.79,4,38552.45,Printers,Canon,Quarterly
9814,Silver,43077.6,5,8615.52,Keyboards,Corsair,Monthly
9815,Silver,1190.59,4,297.65,Tablets,iPad,Monthly
9816,Bronze,36730.24,1,36730.24,Smartphones,OnePlus,Quarterly
9817,Gold,380617.2,8,47577.15,Smartphones,Poco,Monthly
9818,Bronze,49718.91,3,16572.97,Mice,Dell,Quarterly
9819,Silver,340146.65,6,56691.11,Printers,Canon,Weekly
9820,Silver,127123.16,5,25424.63,Tablets,Samsung,Weekly
9821,Silver,238216.55,4,59554.14,Monitors,MSI,Monthly
9822,Silver,134393.72,5,26878.74,Keyboards,Razer,Quarterly
9823,Gold,109976.11,9,12219.57,Mice,Corsair,Bi-weekly
9824,Bronze,38551.92,3,12850.64,Smartphones,Realme,Quarterly
9825,Gold,728237.76,8,91029.72,Mice,Logitech,Weekly
9826,Silver,452083.28,6,75347.21,Tablets,Samsung,Quarterly
9827,Silver,226842.69,5,45368.54,Mice,Logitech,Weekly
9828,Silver,270079.74,5,54015.95,Tablets,Samsung,Monthly
9829,Silver,64542.51,4,16135.63,Tablets,Samsung,Monthly
9830,Gold,553008.36,7,79001.19,Smartphones,Samsung,Bi-weekly
9831,Bronze,126869.25,1,126869.25,Laptops,MacBook,Monthly
9832,Silver,46520.57,4,11630.14,Monitors,ASUS,Monthly
9833,Gold,42170.52,9,4685.61,Laptops,MacBook,Monthly
9834,Gold,278535.08,8,34816.89,Printers,Canon,Monthly
9835,Silver,88550.79,5,17710.16,Smartphones,Samsung,Quarterly
9836,Silver,135880.91,5,27176.18,Mice,Logitech,Bi-weekly
9837,Bronze,50107.98,3,16702.66,Printers,HP,Bi-weekly
9838,Silver,178522.56,6,29753.76,Tablets,iPad,Weekly
9839,Bronze,134230.69,2,67115.35,Printers,Canon,Quarterly
9840,Bronze,49453.02,1,49453.02,Monitors,LG,Weekly
9841,Silver,222686.51,6,37114.42,Tablets,iPad,Bi-weekly
9842,Silver,311423.78,4,77855.95,Keyboards,Dell,Quarterly
9843,Bronze,7108.38,2,3554.19,Tablets,iPad,Bi-weekly
9844,Gold,187400.2,7,26771.46,Monitors,MSI,Bi-weekly
9845,Bronze,13048.3,1,13048.3,Smartphones,Samsung,Monthly
9846,Silver,324541.71,5,64908.34,Smartphones,OnePlus,Quarterly
9847,Silver,35492.02,5,7098.4,Keyboards,Razer,Monthly
9848,Silver,275617.76,4,68904.44,Mice,Logitech,Bi-weekly
9849,Gold,591239.36,7,84462.77,Mice,Logitech,Bi-weekly
9850,Bronze,200340.69,3,66780.23,Monitors,LG,Monthly
9851,Bronze,15153.75,1,15153.75,Smartphones,Xiaomi,Weekly
9852,Bronze,42275.13,1,42275.13,Keyboards,Razer,Quarterly
9853,Silver,110422.34,5,22084.47,Monitors,LG,Monthly
9854,Silver,298045.65,4,74511.41,Tablets,iPad,Quarterly
9855,Bronze,154126.22,3,51375.41,Keyboards,Logitech,Bi-weekly
9856,Silver,380839.94,6,63473.32,Smartphones,iPhone,Bi-weekly
9857,Bronze,243678.0,3,81226.0,Laptops,Lenovo,Weekly
9858,Silver,345495.38,5,69099.08,Keyboards,Corsair,Bi-weekly
9859,Silver,110799.87,5,22159.97,Tablets,Samsung,Quarterly
9860,Silver,32905.85,4,8226.46,Monitors,ASUS,Monthly
9861,Gold,297386.87,8,37173.36,Laptops,Dell,Quarterly
9862,Silver,144933.82,6,24155.64,Keyboards,Logitech,Quarterly
9863,Gold,136915.6,7,19559.37,Tablets,iPad,Monthly
9864,Gold,581711.01,7,83101.57,Laptops,HP,Weekly
9865,Silver,487085.63,6,81180.94,Monitors,BenQ,Quarterly
9866,Gold,32928.92,7,4704.13,Tablets,iPad,Monthly
9867,Silver,628096.86,4,157024.21,Printers,HP,Bi-weekly
9868,Bronze,109411.59,3,36470.53,Tablets,iPad,Monthly
9869,Silver,33598.47,6,5599.74,Mice,Corsair,Weekly
9870,Bronze,76521.76,3,25507.25,Monitors,ASUS,Weekly
9871,Silver,406876.37,6,67812.73,Mice,Logitech,Weekly
9872,Silver,165775.04,4,41443.76,Printers,Canon,Weekly
9873,Bronze,59624.07,2,29812.03,Mice,Dell,Monthly
9874,Silver,416727.7,5,83345.54,Tablets,Samsung,Bi-weekly
9875,Bronze,164419.31,1,164419.31,Smartphones,OnePlus,Quarterly
9876,Silver,53705.94,5,10741.19,Keyboards,Razer,Bi-weekly
9877,Silver,48239.92,5,9647.98,Smartphones,Xiaomi,Weekly
9878,Silver,81812.47,5,16362.49,Smartphones,Samsung,Weekly
9879,Gold,273706.92,7,39100.99,Printers,HP,Monthly
9880,Silver,29310.65,4,7327.66,Mice,Logitech,Bi-weekly
9881,Silver,3936.03,4,984.01,Monitors,LG,Monthly
9882,Silver,10527.16,5,2105.43,Monitors,MSI,Monthly
9883,Silver,412564.71,4,103141.18,Tablets,iPad,Weekly
9884,Bronze,92079.71,2,46039.85,Tablets,Samsung,Quarterly
9885,Bronze,1998.91,3,666.3,Monitors,Dell,Monthly
9886,Silver,234920.73,4,58730.18,Monitors,ASUS,Monthly
9887,Bronze,45896.62,3,15298.87,Tablets,Samsung,Monthly
9888,Silver,85567.63,4,21391.91,Tablets,iPad,Quarterly
9889,Silver,698419.16,4,174604.79,Keyboards,Logitech,Weekly
9890,Gold,70463.02,9,7829.22,Tablets,iPad,Bi-weekly
9891,Silver,219689.7,6,36614.95,Printers,Canon,Weekly
9892,Bronze,42965.42,1,42965.42,Printers,HP,Quarterly
9893,Silver,45178.0,4,11294.5,Keyboards,Razer,Weekly
9894,Silver,209346.96,4,52336.74,Smartphones,Samsung,Bi-weekly
9895,Bronze,21725.64,2,10862.82,Smartphones,Poco,Bi-weekly
9896,Silver,390277.23,6,65046.2,Laptops,Lenovo,Monthly
9897,Silver,254592.0,4,63648.0,Keyboards,Logitech,Monthly
9898,Silver,122580.88,6,20430.15,Smartphones,OnePlus,Quarterly
9899,Silver,730679.06,5,146135.81,Mice,Dell,Weekly
9900,Silver,39402.59,5,7880.52,Laptops,Dell,Monthly
9901,Silver,316736.36,6,52789.39,Monitors,BenQ,Monthly
9902,Silver,207070.71,6,34511.78,Mice,Corsair,Quarterly
9903,Silver,244754.98,5,48951.0,Mice,Logitech,Bi-weekly
9904,Gold,4235.08,9,470.56,Monitors,Dell,Bi-weekly
9905,Silver,222801.85,5,44560.37,Smartphones,Poco,Monthly
9906,Silver,50.32,4,12.58,Monitors,ASUS,Bi-weekly
9907,Bronze,129649.59,2,64824.79,Smartphones,Realme,Quarterly
9908,Silver,652605.46,6,108767.58,Mice,Logitech,Weekly
9909,Silver,183069.83,4,45767.46,Monitors,ASUS,Monthly
9910,Bronze,47481.69,2,23740.84,Keyboards,Razer,Quarterly
9911,Silver,208766.09,4,52191.52,Laptops,HP,Monthly
9912,Silver,14239.44,4,3559.86,Tablets,iPad,Weekly
9913,Silver,88030.85,4,22007.71,Mice,Corsair,Monthly
9914,Silver,77669.69,5,15533.94,Smartphones,Xiaomi,Weekly
9915,Bronze,36430.33,2,18215.16,Laptops,HP,Weekly
9916,Gold,150837.98,7,21548.28,Printers,HP,Bi-weekly
9917,Silver,44566.38,4,11141.6,Tablets,iPad,Bi-weekly
9918,Silver,432548.89,4,108137.22,Monitors,BenQ,Quarterly
9919,Silver,83212.61,6,13868.77,Smartphones,Xiaomi,Bi-weekly
9920,Silver,35671.52,6,5945.25,Laptops,Lenovo,Bi-weekly
9921,Bronze,68960.74,3,22986.91,Smartphones,OnePlus,Weekly
9922,Bronze,372649.53,3,124216.51,Mice,Corsair,Weekly
9923,Silver,248554.44,4,62138.61,Mice,Corsair,Quarterly
9924,Silver,299469.94,5,59893.99,Keyboards,Dell,Bi-weekly
9925,Bronze,63735.83,3,21245.28,Mice,Logitech,Bi-weekly
9926,Bronze,1234.7,3,411.57,Smartphones,OnePlus,Quarterly
9927,Gold,222803.58,7,31829.08,Smartphones,OnePlus,Bi-weekly
9928,Bronze,4086.49,2,2043.25,Printers,HP,Monthly
9929,Silver,353126.91,6,58854.49,Laptops,Dell,Weekly
9930,Silver,145031.44,5,29006.29,Tablets,Samsung,Monthly
9931,Silver,118704.45,4,29676.11,Keyboards,Corsair,Monthly
9932,Bronze,129041.2,3,43013.73,Printers,HP,Bi-weekly
9933,Silver,164951.37,6,27491.9,Keyboards,Dell,Monthly
9934,Bronze,98271.76,1,98271.76,Keyboards,Logitech,Bi-weekly
9935,Gold,125170.48,8,15646.31,Smartphones,Realme,Quarterly
9936,Gold,338809.72,8,42351.21,Laptops,MacBook,Monthly
9937,Silver,207055.56,6,34509.26,Laptops,MacBook,Quarterly
9938,Bronze,57296.03,3,19098.68,Mice,Logitech,Quarterly
9939,Silver,88052.04,6,14675.34,Laptops,Dell,Weekly
9940,Gold,284954.06,7,40707.72,Laptops,Lenovo,Monthly
9941,Gold,173415.11,8,21676.89,Keyboards,Razer,Monthly
9942,Silver,126393.24,5,25278.65,Laptops,MacBook,Weekly
9943,Bronze,293258.61,3,97752.87,Mice,Dell,Quarterly
9944,Silver,35402.34,5,7080.47,Laptops,Lenovo,Quarterly
9945,Bronze,80019.0,2,40009.5,Mice,Corsair,Monthly
9946,Gold,311572.28,8,38946.53,Tablets,Samsung,Quarterly
9947,Silver,9728.39,4,2432.1,Monitors,Dell,Quarterly
9948,Silver,178400.19,5,35680.04,Monitors,BenQ,Bi-weekly
9949,Bronze,25870.34,2,12935.17,Smartphones,Samsung,Quarterly
9950,Silver,230351.39,4,57587.85,Mice,Dell,Weekly
9951,Bronze,390306.25,3,130102.08,Smartphones,Realme,Monthly
9952,Gold,1141547.36,7,163078.19,Printers,HP,Weekly
9953,Bronze,85494.74,3,28498.25,Mice,Dell,Quarterly
9954,Silver,1211597.63,6,201932.94,Laptops,Dell,Monthly
9955,Bronze,19590.97,1,19590.97,Smartphones,iPhone,Quarterly
9956,Gold,122385.11,8,15298.14,Smartphones,Realme,Quarterly
9957,Bronze,39180.29,2,19590.15,Tablets,iPad,Bi-weekly
9958,Silver,11526.84,6,1921.14,Smartphones,Poco,Monthly
9959,Silver,455646.9,5,91129.38,Monitors,MSI,Monthly
9960,Bronze,90915.66,2,45457.83,Laptops,MacBook,Bi-weekly
9961,Silver,90025.52,4,22506.38,Smartphones,iPhone,Bi-weekly
9962,Silver,68375.37,5,13675.07,Tablets,iPad,Quarterly
9963,Bronze,48588.97,3,16196.32,Printers,Canon,Quarterly
9964,Silver,114633.04,4,28658.26,Laptops,Dell,Bi-weekly
9965,Bronze,40401.03,2,20200.52,Tablets,Samsung,Bi-weekly
9966,Silver,65051.42,6,10841.9,Mice,Corsair,Bi-weekly
9967,Silver,281768.12,6,46961.35,Keyboards,Logitech,Quarterly
9968,Bronze,119412.05,3,39804.02,Mice,Dell,Bi-weekly
9969,Silver,80866.2,6,13477.7,Printers,Canon,Bi-weekly
9970,Bronze,5272.95,1,5272.95,Mice,Corsair,Bi-weekly
9971,Silver,2151.65,5,430.33,Tablets,Samsung,Weekly
9972,Bronze,196382.32,3,65460.77,Keyboards,Logitech,Bi-weekly
9973,Gold,183083.34,7,26154.76,Monitors,BenQ,Quarterly
9974,Bronze,72991.34,2,36495.67,Mice,Logitech,Quarterly
9975,Bronze,249046.09,3,83015.36,Printers,Canon,Weekly
9976,Gold,140308.85,7,20044.12,Smartphones,Samsung,Quarterly
9977,Bronze,38020.74,3,12673.58,Printers,Canon,Quarterly
9978,Silver,67578.19,5,13515.64,Smartphones,Samsung,Bi-weekly
9979,Bronze,39526.38,2,19763.19,Keyboards,Logitech,Monthly
9980,Silver,96006.29,6,16001.05,Monitors,Dell,Quarterly
9981,Silver,453191.34,5,90638.27,Printers,HP,Bi-weekly
9982,Silver,49573.41,4,12393.35,Smartphones,Realme,Monthly
9983,Silver,534379.39,4,133594.85,Smartphones,iPhone,Monthly
9984,Silver,16191.67,4,4047.92,Smartphones,Samsung,Weekly
9985,Gold,30639.78,7,4377.11,Mice,Corsair,Quarterly
9986,Silver,14483.49,4,3620.87,Smartphones,Realme,Quarterly
9987,Gold,11232.83,7,1604.69,Tablets,Samsung,Monthly
9988,Bronze,11036.11,1,11036.11,Keyboards,Razer,Bi-weekly
9989,Silver,295155.58,5,59031.12,Monitors,Dell,Weekly
9990,Silver,135470.74,4,33867.69,Keyboards,Dell,Weekly
9991,Gold,350140.06,7,50020.01,Smartphones,Poco,Bi-weekly
9992,Silver,286974.14,4,71743.54,Printers,HP,Weekly
9993,Silver,377484.33,6,62914.06,Keyboards,Razer,Monthly
9994,Gold,12994.25,8,1624.28,Smartphones,Poco,Weekly
9995,Bronze,3546.81,2,1773.41,Tablets,Samsung,Quarterly
9996,Silver,333523.62,5,66704.72,Tablets,iPad,Bi-weekly
9997,Bronze,23078.32,3,7692.77,Laptops,HP,Weekly
9998,Silver,101723.72,6,16953.95,Laptops,Dell,Monthly
9999,Gold,102127.71,7,14589.67,Mice,Logitech,Monthly
10000,Bronze,64235.36,3,21411.79,Keyboards,Razer,Quarterly
